SalePrice,OverallQual,GrLivArea,TotalBsmtSF,2ndFlrSF,GarageCars,LotArea,GarageArea,YearBuilt,Fence,PoolArea,Foundation,LandContour,Neighborhood,Heating,RoofStyle,PoolQC
200624,6.0,2515,2035.0,0.0,2.0,32668.0,484.0,1957.0,NO-FENCE,0.0,PConc,Lvl,Crawfor,GasA,Hip,0.0
133000,6.0,1578,806.0,620.0,1.0,9490.0,240.0,1941.0,MnPrv,0.0,CBlock,Lvl,NAmes,GasA,Gable,0.0
110000,5.0,1203,709.0,224.0,1.0,7015.0,352.0,,NO-FENCE,0.0,CBlock,Bnk,BrkSide,GasA,Gable,0.0
192000,7.0,2022,1160.0,866.0,2.0,10005.0,505.0,1977.0,NO-FENCE,0.0,,Lvl,ClearCr,GasA,Hip,0.0
88000,6.0,1092,525.0,567.0,1.0,1680.0,264.0,1971.0,NO-FENCE,0.0,CBlock,Lvl,BrDale,GasA,Gable,0.0
85000,5.0,1022,1022.0,0.0,1.0,7200.0,280.0,1910.0,NO-FENCE,0.0,BrkTil,Lvl,OldTown,GasW,Hip,0.0
282922,8.0,1464,1485.0,0.0,3.0,15256.0,754.0,2007.0,NO-FENCE,0.0,PConc,Lvl,Somerst,GasA,Gable,0.0
141000,6.0,1375,780.0,595.0,1.0,9000.0,544.0,1937.0,NO-FENCE,0.0,PConc,Bnk,IDOTRR,GasA,Gable,0.0
745000,10.0,4476,2396.0,2065.0,3.0,15623.0,813.0,1996.0,MnPrv,555.0,PConc,Lvl,NoRidge,GasA,Hip,4.0
148800,7.0,1102,551.0,551.0,2.0,5105.0,480.0,2004.0,NO-FENCE,0.0,PConc,Lvl,Somerst,GasA,Gable,0.0
208900,7.0,1352,1352.0,0.0,2.0,4230.0,466.0,2006.0,NO-FENCE,0.0,PConc,Lvl,Somerst,GasA,Gable,0.0
136905,5.0,1680,1680.0,0.0,2.0,11500.0,528.0,1976.0,NO-FENCE,0.0,CBlock,Lvl,NWAmes,GasA,Gable,0.0
225000,7.0,1983,978.0,978.0,2.0,10762.0,490.0,1999.0,NO-FENCE,0.0,PConc,Lvl,Gilbert,GasA,Gable,0.0
123000,5.0,900,864.0,0.0,1.0,7838.0,288.0,1967.0,MnWw,0.0,CBlock,Lvl,NAmes,GasA,Gable,0.0
119200,6.0,1082,1082.0,0.0,1.0,11664.0,240.0,1948.0,NO-FENCE,0.0,CBlock,Lvl,NAmes,GasA,Gable,0.0
145000,5.0,1314,1314.0,0.0,1.0,8400.0,294.0,1957.0,NO-FENCE,0.0,CBlock,Lvl,NAmes,GasA,Gable,0.0
190000,7.0,1923,750.0,862.0,2.0,10186.0,564.0,1992.0,NO-FENCE,0.0,PConc,Lvl,NoRidge,GasA,Gable,0.0
123600,4.0,990,990.0,0.0,0.0,8070.0,0.0,1994.0,NO-FENCE,0.0,PConc,Lvl,CollgCr,GasA,Gable,0.0
149350,5.0,1228,1228.0,0.0,1.0,8544.0,271.0,1966.0,MnPrv,0.0,CBlock,Lvl,Sawyer,GasA,Gable,0.0
155000,7.0,1826,910.0,910.0,1.0,2500.0,164.0,1915.0,NO-FENCE,0.0,PConc,Lvl,OldTown,GasA,Gable,0.0
166000,5.0,1385,910.0,475.0,2.0,8520.0,720.0,1952.0,MnPrv,0.0,CBlock,Lvl,NAmes,GasA,Gable,0.0
144500,6.0,848,848.0,0.0,2.0,4438.0,420.0,2004.0,NO-FENCE,0.0,PConc,Lvl,CollgCr,GasA,Gable,0.0
110000,5.0,816,816.0,0.0,2.0,8472.0,516.0,1963.0,NO-FENCE,0.0,CBlock,Bnk,IDOTRR,GasA,Gable,0.0
174000,6.0,1481,702.0,779.0,2.0,8125.0,343.0,1994.0,NO-FENCE,0.0,PConc,Lvl,Gilbert,GasA,Gable,0.0
185000,6.0,1876,901.0,933.0,2.0,9120.0,540.0,1974.0,NO-FENCE,0.0,CBlock,Lvl,NWAmes,GasA,Hip,0.0
168000,8.0,1742,916.0,826.0,2.0,17671.0,424.0,1882.0,NO-FENCE,0.0,BrkTil,Lvl,OldTown,GasA,Gable,0.0
177500,6.0,1573,756.0,804.0,2.0,2117.0,440.0,2000.0,NO-FENCE,0.0,PConc,Lvl,Somerst,GasA,Gable,0.0
84500,4.0,630,630.0,0.0,0.0,1936.0,0.0,1970.0,MnPrv,0.0,CBlock,Lvl,MeadowV,GasA,Gable,0.0
320000,9.0,1698,1698.0,0.0,3.0,13286.0,768.0,2007.0,NO-FENCE,0.0,PConc,Lvl,Edwards,GasA,Hip,0.0
118500,5.0,1216,832.0,384.0,1.0,8480.0,336.0,1947.0,NO-FENCE,0.0,CBlock,Lvl,NAmes,GasA,Gable,0.0
110000,5.0,1776,1584.0,0.0,3.0,11475.0,888.0,1958.0,NO-FENCE,0.0,CBlock,Lvl,NAmes,GasA,Gable,0.0
213000,7.0,1775,740.0,769.0,2.0,9317.0,425.0,1993.0,NO-FENCE,0.0,PConc,Lvl,SawyerW,GasA,Gable,0.0
156000,6.0,912,888.0,0.0,2.0,7540.0,470.0,1978.0,MnPrv,0.0,CBlock,Lvl,Mitchel,GasA,Gable,0.0
250000,8.0,2198,1145.0,1053.0,3.0,14260.0,836.0,2000.0,NO-FENCE,0.0,PConc,Lvl,NoRidge,GasA,Gable,0.0
372500,8.0,2046,2046.0,0.0,3.0,11844.0,834.0,2008.0,NO-FENCE,0.0,PConc,Lvl,StoneBr,GasA,Hip,0.0
175000,7.0,1446,729.0,717.0,2.0,21872.0,406.0,1996.0,NO-FENCE,0.0,PConc,HLS,Gilbert,GasA,Gable,0.0
277500,9.0,1561,1561.0,0.0,2.0,7313.0,556.0,2005.0,NO-FENCE,0.0,PConc,Lvl,NridgHt,GasA,Hip,0.0
112500,5.0,882,882.0,0.0,2.0,7700.0,461.0,1972.0,MnPrv,0.0,CBlock,Lvl,CollgCr,GasA,Gable,0.0
263000,7.0,2094,912.0,1182.0,2.0,9375.0,615.0,2003.0,NO-FENCE,0.0,PConc,Lvl,Somerst,GasA,Gable,0.0
325000,8.0,2622,1463.0,1122.0,2.0,12256.0,712.0,1994.0,NO-FENCE,0.0,PConc,Lvl,NoRidge,GasA,Gable,0.0
243000,6.0,2158,1202.0,0.0,2.0,12615.0,576.0,1950.0,MnPrv,0.0,CBlock,Lvl,Edwards,GasA,Gable,0.0
130000,5.0,1360,384.0,0.0,2.0,7134.0,572.0,1955.0,MnPrv,0.0,CBlock,Bnk,NAmes,GasA,Gable,0.0
164990,7.0,1310,1310.0,0.0,2.0,8767.0,400.0,2005.0,NO-FENCE,0.0,PConc,Lvl,CollgCr,GasA,Gable,0.0
280000,8.0,1836,1836.0,0.0,3.0,11362.0,862.0,2004.0,NO-FENCE,0.0,PConc,Lvl,NridgHt,GasA,Gable,0.0
403000,8.0,2794,1462.0,1304.0,3.0,15138.0,810.0,1995.0,NO-FENCE,0.0,PConc,Lvl,NoRidge,GasA,Gable,0.0
119000,5.0,1728,1728.0,0.0,1.0,10624.0,352.0,1964.0,NO-FENCE,0.0,CBlock,Lvl,NAmes,GasA,Gable,0.0
125000,5.0,825,825.0,0.0,2.0,8235.0,720.0,1955.0,MnPrv,0.0,CBlock,HLS,OldTown,GasA,Gable,0.0
128200,5.0,894,894.0,0.0,1.0,10650.0,308.0,1976.0,MnPrv,0.0,CBlock,Lvl,CollgCr,GasA,Gable,0.0
172500,6.0,1683,918.0,765.0,2.0,11184.0,440.0,1978.0,NO-FENCE,0.0,CBlock,Lvl,Sawyer,GasA,Hip,0.0
84900,4.0,930,0.0,0.0,1.0,11100.0,308.0,1946.0,NO-FENCE,0.0,CBlock,Low,Edwards,GasA,Gable,0.0
412500,9.0,2668,,1096.0,3.0,13688.0,726.0,2003.0,NO-FENCE,0.0,PConc,Lvl,NridgHt,GasA,Gable,0.0
156000,5.0,1073,1073.0,0.0,2.0,10289.0,515.0,1965.0,NO-FENCE,0.0,CBlock,Lvl,NAmes,GasA,Hip,0.0
167900,6.0,1334,1350.0,0.0,,9650.0,630.0,1977.0,NO-FENCE,0.0,CBlock,Lvl,NWAmes,GasA,Gable,0.0
100000,4.0,788,788.0,0.0,0.0,7446.0,0.0,1941.0,GdWo,0.0,CBlock,Lvl,BrkSide,GasA,Gable,0.0
275000,7.0,1644,1518.0,0.0,2.0,12800.0,569.0,1989.0,NO-FENCE,0.0,PConc,Low,SawyerW,GasA,Gable,0.0
123000,4.0,872,858.0,0.0,4.0,8294.0,480.0,1971.0,GdWo,0.0,CBlock,Lvl,NAmes,GasA,Gable,0.0
132000,5.0,1432,264.0,664.0,2.0,9600.0,360.0,1910.0,GdPrv,0.0,BrkTil,Lvl,OldTown,GasA,Gable,0.0
239900,8.0,1801,893.0,900.0,3.0,10463.0,800.0,2005.0,NO-FENCE,0.0,PConc,HLS,Gilbert,GasA,Gable,0.0
139000,5.0,1121,1121.0,0.0,2.0,8816.0,480.0,1963.0,MnPrv,0.0,PConc,Lvl,Sawyer,GasA,Gable,0.0
115000,5.0,789,789.0,0.0,1.0,6000.0,250.0,1948.0,NO-FENCE,0.0,CBlock,Lvl,OldTown,GasA,Gable,0.0
137500,6.0,1054,936.0,0.0,2.0,8800.0,480.0,1963.0,MnPrv,0.0,PConc,Lvl,NAmes,GasA,Gable,0.0
135000,5.0,1048,1048.0,0.0,1.0,10152.0,286.0,1956.0,NO-FENCE,0.0,CBlock,Lvl,NAmes,GasA,Hip,0.0
134450,5.0,1236,1070.0,0.0,1.0,10011.0,447.0,1957.0,MnPrv,0.0,CBlock,Lvl,NAmes,GasA,Gable,0.0
180500,5.0,1152,1152.0,0.0,2.0,14112.0,484.0,1964.0,NO-FENCE,0.0,PConc,Lvl,NAmes,GasA,Hip,0.0
193500,6.0,1679,1408.0,0.0,2.0,8125.0,575.0,1994.0,NO-FENCE,0.0,PConc,Lvl,SawyerW,GasA,Gable,0.0
156500,6.0,1478,1478.0,0.0,2.0,8400.0,442.0,1957.0,NO-FENCE,0.0,CBlock,Lvl,NAmes,GasA,Hip,0.0
132000,5.0,928,928.0,0.0,1.0,13300.0,252.0,1956.0,NO-FENCE,0.0,CBlock,Lvl,NAmes,GasA,Hip,0.0
224500,7.0,1692,846.0,846.0,2.0,13159.0,650.0,2009.0,NO-FENCE,0.0,PConc,HLS,Timber,GasA,Gable,0.0
139000,5.0,1250,661.0,589.0,2.0,5362.0,552.0,1910.0,NO-FENCE,0.0,PConc,Lvl,Crawfor,GasA,Gable,0.0
225000,7.0,1733,847.0,886.0,2.0,12394.0,433.0,2003.0,NO-FENCE,0.0,PConc,Lvl,Gilbert,GasA,Gable,0.0
188500,7.0,1432,716.0,716.0,2.0,7795.0,432.0,2004.0,NO-FENCE,0.0,PConc,Lvl,Gilbert,GasA,Gable,0.0
118000,5.0,1077,991.0,0.0,1.0,7420.0,205.0,1939.0,NO-FENCE,0.0,BrkTil,Lvl,BrkSide,GasA,Gable,0.0
82000,3.0,944,0.0,0.0,2.0,10206.0,528.0,1952.0,NO-FENCE,0.0,Slab,Lvl,Edwards,GasW,Flat,0.0
392000,8.0,1419,1419.0,0.0,2.0,8089.0,567.0,2007.0,NO-FENCE,0.0,PConc,HLS,StoneBr,GasA,Gable,0.0
112000,4.0,960,672.0,0.0,1.0,8926.0,288.0,1956.0,MnPrv,0.0,CBlock,Lvl,Edwards,GasA,Gable,0.0
248900,8.0,1646,1638.0,0.0,3.0,10656.0,870.0,2006.0,NO-FENCE,0.0,PConc,HLS,Timber,GasA,Gable,0.0
134500,5.0,999,925.0,0.0,1.0,10205.0,300.0,1962.0,NO-FENCE,0.0,CBlock,Lvl,NAmes,GasA,Gable,0.0
79500,5.0,935,742.0,0.0,1.0,9100.0,308.0,1930.0,NO-FENCE,0.0,BrkTil,Lvl,BrkSide,GasA,Gable,0.0
320000,7.0,2462,1392.0,1070.0,2.0,19378.0,576.0,2005.0,NO-FENCE,0.0,PConc,HLS,Gilbert,GasA,Gable,0.0
158000,6.0,1302,1302.0,0.0,1.0,9350.0,309.0,1964.0,MnPrv,0.0,CBlock,Lvl,NAmes,GasA,Hip,0.0
140000,5.0,936,936.0,0.0,2.0,7200.0,672.0,1980.0,NO-FENCE,0.0,CBlock,Lvl,OldTown,GasA,Gable,0.0
136500,5.0,864,864.0,0.0,1.0,7000.0,336.0,1978.0,GdWo,0.0,CBlock,Lvl,CollgCr,GasA,Gable,0.0
107500,5.0,1347,1117.0,527.0,0.0,7000.0,0.0,1910.0,NO-FENCE,0.0,CBlock,Lvl,Edwards,GasA,Gable,0.0
145000,5.0,990,990.0,0.0,2.0,9245.0,672.0,1994.0,NO-FENCE,0.0,PConc,Lvl,CollgCr,GasA,Gable,0.0
200500,5.0,3086,1598.0,971.0,0.0,18030.0,0.0,1946.0,MnPrv,0.0,CBlock,Bnk,ClearCr,GasA,Gable,0.0
185000,7.0,1337,1337.0,0.0,2.0,8450.0,531.0,2003.0,NO-FENCE,0.0,PConc,Lvl,CollgCr,GasA,Gable,0.0
105000,3.0,1214,672.0,520.0,3.0,10410.0,936.0,1915.0,MnPrv,0.0,PConc,Lvl,OldTown,GasA,Gable,0.0
202665,7.0,1368,1368.0,0.0,2.0,6792.0,474.0,2005.0,NO-FENCE,0.0,PConc,Lvl,NridgHt,GasA,Gable,0.0
186000,6.0,1212,1212.0,0.0,2.0,10420.0,460.0,2009.0,NO-FENCE,0.0,PConc,Lvl,Edwards,GasA,Gable,0.0
136000,6.0,1080,1080.0,0.0,1.0,9464.0,288.0,1958.0,NO-FENCE,0.0,CBlock,Lvl,NAmes,GasA,Hip,0.0
200500,6.0,1682,804.0,878.0,2.0,8750.0,523.0,1998.0,NO-FENCE,0.0,PConc,Lvl,CollgCr,GasA,Gable,0.0
190000,6.0,1574,796.0,784.0,2.0,18800.0,566.0,1976.0,NO-FENCE,0.0,PConc,Lvl,NWAmes,GasA,Gable,0.0
187500,6.0,1498,691.0,807.0,2.0,13031.0,409.0,1995.0,NO-FENCE,0.0,PConc,Lvl,Gilbert,GasA,Gable,0.0
200000,7.0,1861,916.0,941.0,2.0,13450.0,492.0,2002.0,NO-FENCE,0.0,PConc,Lvl,CollgCr,GasA,Gable,0.0
172500,7.0,1258,1258.0,0.0,3.0,3922.0,648.0,2006.0,NO-FENCE,0.0,PConc,Lvl,Blmngtn,GasA,Gable,0.0
157000,6.0,1253,1253.0,0.0,1.0,10920.0,352.0,1960.0,GdWo,0.0,CBlock,Lvl,NAmes,GasA,Hip,0.0
213000,7.0,1484,1473.0,0.0,2.0,8400.0,606.0,2004.0,NO-FENCE,0.0,PConc,Lvl,CollgCr,GasA,Gable,0.0
185000,6.0,1674,1163.0,511.0,2.0,21780.0,396.0,1918.0,NO-FENCE,0.0,BrkTil,Lvl,Edwards,GasA,Gable,0.0
124500,4.0,864,864.0,0.0,2.0,8120.0,463.0,1970.0,NO-FENCE,0.0,CBlock,Lvl,NAmes,GasA,Gable,0.0
162900,5.0,1573,1078.0,445.0,2.0,6240.0,360.0,1930.0,NO-FENCE,0.0,PConc,Lvl,BrkSide,GasA,Gable,0.0
260000,7.0,1734,1734.0,0.0,2.0,11645.0,660.0,2005.0,NO-FENCE,0.0,PConc,Lvl,CollgCr,GasA,Gable,0.0
198500,7.0,1922,0.0,1427.0,2.0,7301.0,672.0,2003.0,NO-FENCE,0.0,Slab,Lvl,Edwards,GasA,Gable,0.0
120000,5.0,1340,0.0,0.0,1.0,9060.0,252.0,1957.0,MnPrv,0.0,PConc,Lvl,Edwards,GasA,Hip,0.0
159500,6.0,1426,690.0,728.0,2.0,7950.0,440.0,1977.0,MnPrv,0.0,CBlock,Bnk,Edwards,GasA,Hip,0.0
105900,6.0,720,624.0,0.0,2.0,8520.0,484.0,1928.0,NO-FENCE,0.0,BrkTil,Lvl,OldTown,GasA,Gable,0.0
260000,8.0,2417,1288.0,1116.0,2.0,16059.0,462.0,1991.0,NO-FENCE,0.0,CBlock,Lvl,NoRidge,GasA,Hip,0.0
143000,5.0,1362,796.0,566.0,2.0,14115.0,480.0,1993.0,MnPrv,0.0,Wood,Lvl,Mitchel,GasA,Gable,0.0
106500,4.0,951,951.0,0.0,1.0,8765.0,327.0,1936.0,NO-FENCE,0.0,BrkTil,Lvl,IDOTRR,GasA,Gable,0.0
178900,6.0,1484,783.0,701.0,2.0,10237.0,393.0,2005.0,NO-FENCE,0.0,PConc,Lvl,Gilbert,GasA,Gable,0.0
127000,6.0,1355,684.0,582.0,0.0,6882.0,0.0,1914.0,NO-FENCE,0.0,PConc,Lvl,IDOTRR,GasA,Gable,0.0
90350,5.0,694,440.0,0.0,1.0,4280.0,352.0,1913.0,MnPrv,0.0,PConc,Lvl,Crawfor,GasA,Gable,0.0
118500,4.0,1029,1029.0,0.0,1.0,7943.0,261.0,1961.0,NO-FENCE,0.0,CBlock,Lvl,Sawyer,GasA,Gable,0.0
190000,6.0,1993,825.0,896.0,2.0,14803.0,495.0,1971.0,GdWo,0.0,CBlock,Lvl,NWAmes,GasA,Gable,0.0
119900,5.0,1118,793.0,325.0,2.0,7800.0,410.0,1939.0,MnPrv,0.0,CBlock,Lvl,OldTown,GasA,Gable,0.0
183900,7.0,1452,691.0,739.0,2.0,3735.0,506.0,1999.0,NO-FENCE,0.0,PConc,Lvl,Somerst,GasA,Hip,0.0
155000,6.0,1548,804.0,744.0,2.0,2308.0,440.0,1976.0,NO-FENCE,0.0,CBlock,Lvl,NPkVill,GasA,Gable,0.0
386250,10.0,2392,2392.0,0.0,3.0,13472.0,968.0,2003.0,NO-FENCE,0.0,PConc,Lvl,NridgHt,GasA,Hip,0.0
133000,5.0,1040,1040.0,0.0,1.0,7500.0,308.0,1963.0,MnPrv,0.0,CBlock,Lvl,Sawyer,GasA,Gable,0.0
193500,6.0,2142,896.0,960.0,1.0,13000.0,509.0,1968.0,NO-FENCE,0.0,CBlock,Lvl,NAmes,GasA,Gable,0.0
270000,8.0,1959,1088.0,871.0,3.0,9000.0,1025.0,2006.0,NO-FENCE,0.0,PConc,Lvl,Somerst,GasA,Gable,0.0
141000,7.0,1080,1080.0,0.0,0.0,7500.0,0.0,2004.0,NO-FENCE,0.0,PConc,Lvl,SawyerW,GasA,Gable,0.0
146000,7.0,1392,689.0,689.0,2.0,3604.0,540.0,2007.0,NO-FENCE,0.0,PConc,Lvl,Somerst,GasA,Gable,0.0
128500,5.0,988,988.0,0.0,2.0,9945.0,572.0,1961.0,NO-FENCE,0.0,CBlock,Lvl,Sawyer,GasA,Hip,0.0
176000,7.0,1978,832.0,880.0,2.0,9900.0,486.0,1968.0,GdPrv,0.0,CBlock,Lvl,NWAmes,GasA,Gable,0.0
214000,7.0,1588,1588.0,0.0,2.0,10264.0,472.0,1999.0,NO-FENCE,0.0,PConc,Lvl,CollgCr,GasA,Gable,0.0
222000,7.0,1478,1470.0,0.0,2.0,4403.0,484.0,2009.0,NO-FENCE,0.0,PConc,Lvl,Somerst,GasA,Gable,0.0
415298,9.0,2121,2121.0,0.0,3.0,14450.0,732.0,2006.0,NO-FENCE,0.0,PConc,Lvl,NridgHt,GasA,Gable,0.0
187750,7.0,1301,1293.0,0.0,2.0,7200.0,572.0,2006.0,NO-FENCE,0.0,PConc,Lvl,Somerst,GasA,Gable,0.0
199900,7.0,1241,1241.0,0.0,2.0,4274.0,569.0,2006.0,NO-FENCE,0.0,PConc,Lvl,Somerst,GasA,Gable,0.0
180000,6.0,1523,1193.0,0.0,2.0,11361.0,478.0,1976.0,MnPrv,0.0,CBlock,Lvl,NWAmes,GasA,Gable,0.0
206300,7.0,1344,1344.0,0.0,4.0,7060.0,784.0,1997.0,NO-FENCE,0.0,PConc,Lvl,Mitchel,GasA,Gable,0.0
194000,7.0,1240,1240.0,0.0,3.0,,826.0,2006.0,NO-FENCE,0.0,PConc,Lvl,CollgCr,GasA,Gable,0.0
142953,5.0,2240,0.0,1120.0,2.0,7018.0,528.0,1979.0,NO-FENCE,0.0,Slab,Lvl,SawyerW,GasA,Gable,0.0
182900,6.0,1440,1440.0,0.0,2.0,12546.0,467.0,1981.0,NO-FENCE,0.0,CBlock,Lvl,NWAmes,GasA,Gable,0.0
116050,4.0,864,864.0,0.0,1.0,9353.0,280.0,1970.0,NO-FENCE,0.0,CBlock,Lvl,NAmes,GasA,Gable,0.0
213250,7.0,1680,1650.0,,2.0,10140.0,583.0,1998.0,NO-FENCE,0.0,PConc,Lvl,NWAmes,GasA,Hip,0.0
139500,6.0,1489,778.0,545.0,1.0,9900.0,240.0,1940.0,GdWo,0.0,BrkTil,Lvl,SWISU,GasA,Gable,0.0
179000,7.0,1349,1349.0,0.0,2.0,8450.0,539.0,2000.0,GdPrv,0.0,PConc,Lvl,SawyerW,GasA,Gable,0.0
107900,4.0,901,901.0,0.0,1.0,6000.0,281.0,1954.0,NO-FENCE,0.0,CBlock,Lvl,OldTown,GasA,Gable,0.0
175900,6.0,1603,761.0,793.0,2.0,7153.0,484.0,1992.0,NO-FENCE,0.0,PConc,Lvl,SawyerW,GasA,Gable,0.0
158500,6.0,1152,1092.0,0.0,1.0,14000.0,300.0,1950.0,GdPrv,0.0,CBlock,Lvl,Crawfor,GasA,Gable,0.0
145000,5.0,1072,547.0,0.0,2.0,3675.0,525.0,2005.0,NO-FENCE,0.0,PConc,Lvl,Edwards,GasA,Gable,0.0
217000,6.0,2259,1809.0,0.0,2.0,21000.0,450.0,1953.0,MnPrv,0.0,CBlock,Bnk,Crawfor,GasA,Hip,0.0
150500,5.0,1040,1040.0,0.0,2.0,8800.0,484.0,1977.0,NO-FENCE,0.0,CBlock,Lvl,CollgCr,GasA,Gable,0.0
108959,4.0,1258,1198.0,0.0,2.0,12900.0,400.0,1969.0,NO-FENCE,0.0,CBlock,Lvl,Sawyer,GasA,Gable,0.0
165600,6.0,1501,697.0,804.0,2.0,7685.0,420.0,1993.0,NO-FENCE,0.0,PConc,Lvl,Gilbert,GasA,Gable,0.0
201000,8.0,1466,1466.0,0.0,3.0,8925.0,610.0,2007.0,NO-FENCE,0.0,PConc,HLS,Timber,GasA,Gable,0.0
145500,5.0,1053,1053.0,0.0,1.0,10007.0,312.0,1959.0,MnPrv,0.0,CBlock,Lvl,NAmes,GasA,Gable,0.0
319900,9.0,1752,1752.0,0.0,2.0,7658.0,576.0,2005.0,NO-FENCE,0.0,PConc,Lvl,NridgHt,GasA,Hip,0.0
215000,7.0,1494,1482.0,0.0,2.0,16196.0,514.0,1998.0,NO-FENCE,0.0,PConc,Low,SawyerW,GasA,Gable,0.0
180500,6.0,1425,1425.0,0.0,2.0,10175.0,576.0,1964.0,NO-FENCE,0.0,CBlock,Lvl,NAmes,GasA,Gable,0.0
367294,9.0,1702,1702.0,0.0,3.0,8769.0,1052.0,2008.0,NO-FENCE,0.0,PConc,Lvl,NridgHt,GasA,Hip,0.0
239000,9.0,1800,1800.0,0.0,2.0,11923.0,702.0,2007.0,NO-FENCE,0.0,PConc,Lvl,CollgCr,GasA,Gable,0.0
145900,5.0,2200,1272.0,928.0,0.0,8777.0,0.0,1900.0,GdPrv,0.0,CBlock,Lvl,Edwards,GasA,Gable,0.0
161000,8.0,1666,588.0,833.0,1.0,5100.0,228.0,1925.0,MnPrv,0.0,PConc,Lvl,OldTown,GasA,Hip,0.0
250000,7.0,2784,1392.0,1392.0,2.0,16692.0,564.0,1978.0,MnPrv,519.0,CBlock,Lvl,NWAmes,GasA,Gable,1.0
89471,4.0,1131,907.0,0.0,2.0,5925.0,672.0,1937.0,MnPrv,0.0,BrkTil,Bnk,OldTown,GasA,Hip,0.0
230000,8.0,1517,792.0,725.0,2.0,11435.0,400.0,1929.0,NO-FENCE,0.0,PConc,HLS,Crawfor,GasA,Gable,0.0
147000,5.0,1120,1120.0,0.0,0.0,8402.0,0.0,2007.0,NO-FENCE,0.0,PConc,Lvl,Mitchel,GasA,Gable,0.0
163900,7.0,1482,384.0,670.0,2.0,9125.0,392.0,1992.0,NO-FENCE,0.0,PConc,Lvl,Gilbert,GasA,Gable,0.0
97000,4.0,864,864.0,0.0,2.0,10500.0,576.0,1971.0,NO-FENCE,0.0,CBlock,Lvl,NAmes,GasA,Gable,0.0
142000,5.0,1188,1188.0,0.0,2.0,12160.0,531.0,1959.0,MnPrv,0.0,CBlock,Lvl,NAmes,GasA,Hip,0.0
197000,7.0,1576,770.0,798.0,2.0,8125.0,614.0,2006.0,NO-FENCE,0.0,PConc,Lvl,Somerst,GasA,Gable,0.0
129000,4.0,960,960.0,0.0,2.0,9873.0,576.0,1970.0,NO-FENCE,0.0,CBlock,Lvl,BrkSide,GasW,Gable,0.0
232000,8.0,1574,1574.0,0.0,3.0,11957.0,824.0,2006.0,NO-FENCE,0.0,PConc,Lvl,Somerst,GasA,Gable,0.0
115000,5.0,1517,793.0,520.0,0.0,8500.0,0.0,1919.0,NO-FENCE,0.0,CBlock,Lvl,IDOTRR,GasW,Gable,0.0
175000,5.0,1464,520.0,0.0,2.0,12886.0,480.0,1963.0,NO-FENCE,0.0,CBlock,Lvl,Sawyer,GasA,Gable,0.0
265000,7.0,2344,1264.0,1067.0,3.0,10208.0,889.0,1996.0,NO-FENCE,0.0,PConc,Lvl,NoRidge,GasA,Gable,0.0
207000,7.0,1358,1358.0,0.0,2.0,8198.0,484.0,2004.0,NO-FENCE,0.0,PConc,Lvl,NridgHt,GasA,Gable,0.0
181000,6.0,1690,924.0,742.0,2.0,8063.0,463.0,2000.0,NO-FENCE,0.0,PConc,Lvl,Gilbert,GasA,Gable,0.0
176000,6.0,1382,1362.0,0.0,2.0,19296.0,884.0,1962.0,GdWo,0.0,CBlock,Lvl,NAmes,GasA,Gable,0.0
171000,6.0,1564,650.0,676.0,2.0,8400.0,476.0,1980.0,MnPrv,0.0,CBlock,Lvl,SawyerW,GasA,Gable,0.0
196000,6.0,1306,1306.0,0.0,2.0,5381.0,624.0,2005.0,NO-FENCE,0.0,PConc,Lvl,NridgHt,GasA,Gable,0.0
176000,6.0,1137,1112.0,0.0,2.0,13811.0,551.0,1987.0,NO-FENCE,0.0,CBlock,Lvl,Timber,GasA,Gable,0.0
113000,5.0,988,988.0,0.0,2.0,21750.0,520.0,1954.0,NO-FENCE,0.0,CBlock,HLS,Mitchel,GasA,Hip,0.0
139000,5.0,1109,372.0,533.0,1.0,10500.0,288.0,1971.0,GdWo,0.0,CBlock,Lvl,NAmes,GasA,Gambrel,0.0
135000,5.0,1134,1010.0,0.0,1.0,7000.0,254.0,1960.0,MnWw,0.0,CBlock,Lvl,NAmes,GasA,Gable,0.0
240000,6.0,2614,1522.0,1066.0,2.0,10800.0,624.0,1974.0,NO-FENCE,0.0,CBlock,Lvl,NWAmes,GasA,Gable,0.0
112000,6.0,1310,617.0,445.0,1.0,7000.0,398.0,1924.0,NO-FENCE,0.0,BrkTil,Lvl,OldTown,GasA,Gable,0.0
134000,6.0,1080,1084.0,0.0,2.0,9187.0,484.0,1983.0,NO-FENCE,0.0,PConc,Bnk,Mitchel,GasA,Gable,0.0
316600,8.0,2132,1496.0,636.0,2.0,12327.0,612.0,1983.0,NO-FENCE,0.0,CBlock,Low,SawyerW,GasA,Gable,0.0
170000,7.0,1920,570.0,698.0,2.0,10192.0,487.0,1968.0,GdPrv,0.0,CBlock,Lvl,NWAmes,GasA,,0.0
116000,6.0,1118,648.0,384.0,2.0,4400.0,440.0,1920.0,NO-FENCE,0.0,BrkTil,Lvl,OldTown,GasA,Gable,0.0
306000,8.0,1704,1704.0,0.0,3.0,11478.0,772.0,2007.0,NO-FENCE,0.0,PConc,Lvl,NridgHt,GasA,Gable,0.0
82500,4.0,861,861.0,0.0,2.0,12342.0,539.0,1940.0,NO-FENCE,0.0,CBlock,Lvl,Edwards,GasA,Gable,0.0
175000,6.0,1743,702.0,702.0,2.0,11700.0,539.0,1968.0,NO-FENCE,0.0,CBlock,Lvl,NWAmes,GasA,Mansard,0.0
106000,6.0,987,483.0,504.0,1.0,1869.0,280.0,1970.0,NO-FENCE,0.0,CBlock,Lvl,BrDale,GasA,Gable,0.0
194000,7.0,1220,1199.0,0.0,2.0,7406.0,632.0,2006.0,NO-FENCE,0.0,PConc,Lvl,CollgCr,GasA,Gable,0.0
194201,7.0,1402,1258.0,0.0,3.0,3922.0,648.0,2006.0,NO-FENCE,0.0,PConc,Lvl,Blmngtn,GasA,Gable,0.0
155900,6.0,848,848.0,0.0,2.0,4435.0,420.0,2004.0,NO-FENCE,0.0,PConc,Lvl,CollgCr,GasA,Gable,0.0
138000,5.0,990,990.0,0.0,2.0,8072.0,480.0,1994.0,NO-FENCE,0.0,PConc,Lvl,CollgCr,GasA,Gable,0.0
177000,6.0,1357,1019.0,0.0,1.0,11512.0,312.0,1959.0,GdPrv,0.0,CBlock,Lvl,Edwards,GasA,Gable,0.0
214000,7.0,1535,1517.0,0.0,2.0,10171.0,532.0,2004.0,NO-FENCE,0.0,PConc,Lvl,NridgHt,GasA,Gable,0.0
148000,5.0,914,870.0,0.0,2.0,8846.0,576.0,1996.0,NO-FENCE,0.0,PConc,Lvl,CollgCr,GasA,Gable,0.0
127000,5.0,1252,504.0,316.0,2.0,7438.0,576.0,1908.0,MnPrv,0.0,PConc,Lvl,BrkSide,GasA,Gable,0.0
142500,6.0,1003,1003.0,0.0,2.0,7937.0,588.0,1984.0,GdPrv,0.0,CBlock,Lvl,Mitchel,GasA,Gable,0.0
80000,4.0,630,630.0,0.0,1.0,1477.0,286.0,1970.0,NO-FENCE,0.0,CBlock,Lvl,MeadowV,GasA,Gable,0.0
145000,6.0,1138,588.0,0.0,1.0,10482.0,264.0,1958.0,MnWw,0.0,CBlock,Lvl,NAmes,GasA,Hip,0.0
171000,6.0,1716,858.0,858.0,2.0,9247.0,490.0,1962.0,NO-FENCE,0.0,CBlock,Lvl,NAmes,GasA,Gable,0.0
122500,5.0,1365,765.0,600.0,2.0,1920.0,440.0,1971.0,NO-FENCE,0.0,CBlock,Lvl,BrDale,GasA,Gable,0.0
139000,5.0,1339,1029.0,0.0,1.0,7560.0,294.0,1958.0,MnPrv,0.0,CBlock,Lvl,NAmes,GasA,Hip,0.0
189000,8.0,1228,1228.0,0.0,2.0,4671.0,472.0,1988.0,NO-FENCE,0.0,PConc,HLS,StoneBr,GasA,Gable,0.0
120500,5.0,778,740.0,0.0,1.0,6900.0,924.0,1940.0,NO-FENCE,0.0,CBlock,Lvl,IDOTRR,GasA,Gable,0.0
124000,5.0,1040,1040.0,0.0,0.0,8430.0,0.0,1978.0,NO-FENCE,0.0,CBlock,HLS,CollgCr,GasA,Gable,0.0
160000,5.0,1928,686.0,980.0,0.0,7082.0,0.0,1916.0,NO-FENCE,0.0,PConc,Lvl,SWISU,GasA,Gable,0.0
200000,5.0,2634,1248.0,1296.0,4.0,11643.0,968.0,1969.0,NO-FENCE,0.0,CBlock,Lvl,NAmes,GasA,Gable,0.0
160000,6.0,1251,1251.0,0.0,1.0,8800.0,461.0,1964.0,MnPrv,0.0,CBlock,Lvl,NAmes,GasA,Hip,0.0
313000,9.0,2153,1440.0,677.0,3.0,,736.0,2000.0,NO-FENCE,0.0,PConc,Lvl,CollgCr,GasA,Hip,0.0
275000,8.0,1787,1753.0,0.0,3.0,14781.0,748.0,2001.0,NO-FENCE,0.0,PConc,Lvl,CollgCr,GasA,Hip,0.0
67000,3.0,864,864.0,0.0,0.0,8248.0,0.0,1914.0,NO-FENCE,0.0,BrkTil,Lvl,Edwards,GasA,Gable,0.0
159000,5.0,1114,1114.0,0.0,2.0,13695.0,576.0,2004.0,NO-FENCE,0.0,PConc,Lvl,SawyerW,GasA,Gable,0.0
251000,8.0,1652,1494.0,0.0,2.0,5330.0,499.0,2000.0,NO-FENCE,0.0,PConc,Lvl,StoneBr,GasA,Gable,0.0
92900,3.0,1040,0.0,0.0,2.0,8544.0,400.0,1950.0,NO-FENCE,0.0,Slab,Lvl,NAmes,Wall,Gable,0.0
109500,5.0,784,784.0,0.0,0.0,6130.0,0.0,1924.0,NO-FENCE,0.0,BrkTil,Lvl,BrkSide,GasA,Gable,0.0
385000,9.0,1842,1842.0,0.0,3.0,50271.0,894.0,1981.0,NO-FENCE,0.0,CBlock,Low,Veenker,GasA,Gable,0.0
129000,6.0,2380,1021.0,915.0,2.0,18450.0,596.0,1965.0,NO-FENCE,0.0,CBlock,Lvl,NAmes,GasA,Flat,0.0
82500,7.0,1411,1386.0,0.0,2.0,11900.0,544.0,1977.0,NO-FENCE,0.0,CBlock,Lvl,NWAmes,GasA,Hip,0.0
301000,7.0,2730,1502.0,1177.0,2.0,10380.0,576.0,1986.0,MnPrv,0.0,CBlock,Lvl,SawyerW,GasA,Gable,0.0
249700,8.0,1656,1656.0,0.0,3.0,11096.0,826.0,2006.0,NO-FENCE,0.0,PConc,Lvl,Somerst,GasA,Gable,0.0
81000,4.0,630,630.0,0.0,0.0,1890.0,0.0,1972.0,NO-FENCE,0.0,CBlock,Lvl,MeadowV,GasA,Gable,0.0
187500,7.0,1472,1372.0,0.0,2.0,14115.0,588.0,1980.0,NO-FENCE,0.0,CBlock,Lvl,NWAmes,GasA,Gable,0.0
110000,6.0,1392,1392.0,0.0,2.0,13560.0,576.0,1968.0,NO-FENCE,0.0,CBlock,Lvl,NAmes,GasA,Hip,0.0
117000,6.0,1635,485.0,634.0,1.0,5310.0,255.0,1910.0,NO-FENCE,0.0,CBlock,Lvl,OldTown,GasA,Hip,0.0
128500,5.0,864,864.0,0.0,1.0,9560.0,288.0,1972.0,NO-FENCE,0.0,CBlock,Lvl,CollgCr,GasA,Hip,0.0
213490,7.0,1506,1362.0,0.0,2.0,3013.0,440.0,2005.0,NO-FENCE,0.0,PConc,Lvl,Blmngtn,GasA,Gable,0.0
284000,7.0,2046,998.0,1040.0,3.0,10625.0,871.0,2003.0,NO-FENCE,0.0,PConc,Lvl,NridgHt,GasA,Gable,0.0
230500,8.0,1936,1406.0,482.0,2.0,11194.0,504.0,2000.0,NO-FENCE,0.0,PConc,Lvl,Gilbert,GasA,Gable,0.0
190000,6.0,1888,1517.0,0.0,2.0,16492.0,578.0,1966.0,NO-FENCE,0.0,CBlock,Lvl,NAmes,GasA,Gable,0.0
135000,5.0,1236,912.0,0.0,1.0,6993.0,288.0,1961.0,NO-FENCE,0.0,CBlock,Lvl,Sawyer,GasA,Gable,0.0
152000,7.0,1370,1090.0,0.0,2.0,10400.0,479.0,1976.0,MnPrv,0.0,CBlock,Lvl,NWAmes,GasA,Gable,0.0
87500,3.0,1040,0.0,0.0,2.0,8544.0,400.0,1949.0,NO-FENCE,0.0,Slab,Lvl,NAmes,Wall,Gable,0.0
155000,7.0,1135,560.0,560.0,2.0,7200.0,576.0,1936.0,MnPrv,0.0,PConc,Lvl,SWISU,GasA,Gable,0.0
115000,4.0,864,864.0,0.0,0.0,10500.0,0.0,1971.0,NO-FENCE,0.0,CBlock,Lvl,NAmes,GasA,Gable,0.0
144000,5.0,1099,1099.0,0.0,1.0,9525.0,352.0,1995.0,NO-FENCE,0.0,PConc,Lvl,CollgCr,GasA,Gable,0.0
248000,7.0,1850,973.0,871.0,2.0,29959.0,467.0,1994.0,NO-FENCE,0.0,PConc,Lvl,NoRidge,GasA,Gable,0.0
132500,6.0,1412,780.0,587.0,1.0,6000.0,280.0,1939.0,NO-FENCE,0.0,CBlock,Lvl,BrkSide,GasA,Gable,0.0
136000,5.0,1792,896.0,896.0,0.0,9000.0,0.0,1974.0,NO-FENCE,0.0,CBlock,Lvl,NAmes,GasA,Gable,0.0
117000,5.0,833,833.0,0.0,1.0,5400.0,326.0,1954.0,MnPrv,0.0,CBlock,Lvl,OldTown,GasA,Gable,0.0
82000,4.0,1152,0.0,0.0,0.0,6040.0,0.0,1955.0,NO-FENCE,0.0,PConc,Lvl,Edwards,GasA,Gable,0.0
157500,6.0,1478,1478.0,0.0,2.0,17600.0,498.0,1960.0,NO-FENCE,0.0,CBlock,Lvl,NAmes,GasA,Gable,0.0
110000,5.0,1284,720.0,564.0,1.0,3500.0,240.0,1947.0,MnWw,0.0,CBlock,Lvl,OldTown,GasA,Gable,0.0
181000,6.0,1675,841.0,783.0,2.0,24682.0,502.0,1999.0,NO-FENCE,0.0,PConc,Lvl,Gilbert,GasA,Gable,0.0
192500,7.0,1776,936.0,840.0,2.0,14006.0,474.0,2002.0,NO-FENCE,0.0,PConc,Lvl,CollgCr,GasA,Gable,0.0
223500,7.0,1786,920.0,866.0,2.0,11250.0,608.0,2001.0,NO-FENCE,0.0,PConc,Lvl,CollgCr,GasA,Gable,0.0
181500,6.0,1262,1262.0,0.0,2.0,9600.0,460.0,1976.0,NO-FENCE,0.0,CBlock,Lvl,Veenker,GasA,Gable,0.0
170000,8.0,1088,1074.0,0.0,2.0,3696.0,461.0,1986.0,NO-FENCE,0.0,CBlock,Lvl,StoneBr,GasA,Gable,0.0
187500,8.0,1360,1220.0,0.0,2.0,5814.0,565.0,1984.0,NO-FENCE,0.0,CBlock,Lvl,StoneBr,GasA,Gable,0.0
185900,7.0,1582,770.0,812.0,2.0,8320.0,520.0,2004.0,NO-FENCE,0.0,PConc,Lvl,CollgCr,GasA,Gable,0.0
160000,5.0,1308,728.0,332.0,1.0,9600.0,256.0,1940.0,NO-FENCE,0.0,BrkTil,HLS,Crawfor,GasA,Gable,0.0
192000,7.0,1431,1431.0,0.0,2.0,9017.0,666.0,1999.0,NO-FENCE,0.0,PConc,Lvl,CollgCr,GasA,Gable,0.0
181900,6.0,1429,1144.0,0.0,2.0,14585.0,572.0,1960.0,NO-FENCE,0.0,CBlock,Lvl,NAmes,GasA,Gable,0.0
266000,8.0,1939,1095.0,844.0,3.0,10728.0,1053.0,2006.0,NO-FENCE,0.0,PConc,Lvl,Somerst,GasA,Gable,0.0
99900,5.0,864,864.0,0.0,0.0,4060.0,0.0,1922.0,NO-FENCE,0.0,PConc,Lvl,Edwards,GasA,Gable,0.0
438780,10.0,2945,1410.0,1519.0,3.0,13682.0,641.0,2006.0,NO-FENCE,0.0,PConc,HLS,,GasA,Hip,0.0
229456,8.0,1314,1300.0,0.0,2.0,8640.0,552.0,2009.0,NO-FENCE,0.0,PConc,Lvl,Somerst,GasA,Gable,0.0
216837,7.0,1836,1860.0,0.0,2.0,9100.0,484.0,2004.0,NO-FENCE,0.0,PConc,Lvl,CollgCr,GasA,Hip,0.0
110500,5.0,866,686.0,0.0,0.0,3880.0,0.0,1945.0,NO-FENCE,0.0,CBlock,Lvl,OldTown,GasA,Gable,0.0
175900,7.0,1569,1386.0,0.0,3.0,3635.0,660.0,2007.0,NO-FENCE,0.0,PConc,Lvl,Blmngtn,GasA,Hip,0.0
538000,8.0,3279,1650.0,1589.0,3.0,53504.0,841.0,2003.0,NO-FENCE,0.0,PConc,HLS,StoneBr,GasA,Hip,0.0
160000,10.0,5642,6110.0,950.0,2.0,63887.0,1418.0,2008.0,NO-FENCE,480.0,PConc,Bnk,Edwards,GasA,Hip,3.0
172500,8.0,1739,970.0,756.0,2.0,2645.0,480.0,1999.0,NO-FENCE,0.0,PConc,Lvl,Somerst,GasA,Gable,0.0
108000,4.0,1510,755.0,755.0,1.0,9084.0,296.0,1940.0,MnPrv,0.0,CBlock,Lvl,Edwards,GasA,Gable,0.0
131500,5.0,1795,1050.0,745.0,1.0,12150.0,352.0,1954.0,NO-FENCE,0.0,BrkTil,Lvl,OldTown,GasA,Gable,0.0
106250,4.0,1294,0.0,600.0,0.0,10800.0,0.0,1900.0,NO-FENCE,0.0,BrkTil,Lvl,OldTown,GasA,Gable,0.0
385000,10.0,2084,2078.0,0.0,3.0,14803.0,1220.0,2007.0,NO-FENCE,0.0,PConc,Lvl,NridgHt,GasA,Hip,0.0
370878,9.0,1766,1766.0,0.0,3.0,9187.0,478.0,2009.0,NO-FENCE,0.0,PConc,Lvl,Somerst,GasA,Gable,0.0
345000,8.0,2704,1952.0,704.0,2.0,13860.0,538.0,1972.0,MnPrv,0.0,CBlock,Lvl,NAmes,GasA,Gable,0.0
68500,4.0,520,520.0,0.0,1.0,6324.0,240.0,1927.0,NO-FENCE,0.0,BrkTil,Lvl,BrkSide,GasA,Gable,0.0
250000,7.0,2057,1017.0,1037.0,1.0,11500.0,180.0,1936.0,NO-FENCE,0.0,CBlock,Lvl,Crawfor,GasA,Gable,0.0
245350,8.0,1694,1694.0,0.0,3.0,10475.0,776.0,2008.0,NO-FENCE,0.0,PConc,Lvl,CollgCr,GasA,Gable,0.0
125000,5.0,1472,702.0,630.0,1.0,9600.0,250.0,1925.0,GdWo,0.0,PConc,Lvl,OldTown,GasA,Gambrel,0.0
234000,7.0,2080,1276.0,804.0,1.0,10918.0,282.0,1926.0,MnPrv,0.0,BrkTil,Lvl,Crawfor,GasA,Gambrel,0.0
145000,5.0,1505,883.0,517.0,1.0,9144.0,240.0,1940.0,NO-FENCE,0.0,CBlock,Lvl,BrkSide,GasA,Gable,0.0
181000,6.0,1586,1362.0,0.0,2.0,17043.0,435.0,1979.0,NO-FENCE,0.0,CBlock,Lvl,NWAmes,GasA,Gable,0.0
104000,6.0,2229,755.0,929.0,0.0,5520.0,0.0,1912.0,MnPrv,0.0,CBlock,Lvl,OldTown,GasA,Gable,0.0
233000,7.0,2084,956.0,1128.0,2.0,10142.0,618.0,2004.0,NO-FENCE,0.0,PConc,Lvl,SawyerW,GasA,Gable,0.0
164000,8.0,1752,559.0,672.0,2.0,12134.0,492.0,1988.0,NO-FENCE,0.0,Wood,Bnk,Gilbert,GasA,Gable,0.0
219500,7.0,1740,800.0,780.0,1.0,13125.0,240.0,1940.0,NO-FENCE,0.0,CBlock,Lvl,Crawfor,GasA,Gable,0.0
195000,7.0,1948,847.0,1101.0,2.0,12393.0,434.0,2004.0,NO-FENCE,0.0,PConc,Lvl,CollgCr,GasA,Gable,0.0
108000,4.0,1336,637.0,439.0,1.0,11040.0,570.0,1920.0,NO-FENCE,0.0,CBlock,Low,IDOTRR,GasA,Gable,0.0
149900,5.0,894,894.0,0.0,2.0,9800.0,552.0,1972.0,GdWo,0.0,PConc,Lvl,CollgCr,GasA,Gable,0.0
315000,9.0,1980,1980.0,0.0,3.0,16737.0,770.0,2004.0,NO-FENCE,0.0,PConc,Lvl,NridgHt,GasA,Hip,0.0
177500,6.0,1494,771.0,741.0,1.0,7500.0,213.0,1942.0,NO-FENCE,0.0,CBlock,Bnk,Crawfor,GasA,Gable,0.0
140000,5.0,1558,913.0,510.0,1.0,10930.0,288.0,1945.0,NO-FENCE,0.0,CBlock,Bnk,NAmes,GasA,Gable,0.0
193879,7.0,1294,1286.0,0.0,2.0,6762.0,662.0,2006.0,NO-FENCE,0.0,PConc,Lvl,CollgCr,GasA,Gable,0.0
137900,5.0,2136,2136.0,0.0,2.0,10680.0,528.0,1951.0,MnPrv,0.0,CBlock,Lvl,NAmes,GasA,Hip,0.0
118000,6.0,1218,672.0,546.0,1.0,1680.0,264.0,1972.0,NO-FENCE,0.0,CBlock,Lvl,BrDale,GasA,Gable,0.0
324000,8.0,1719,1719.0,0.0,2.0,10846.0,473.0,1993.0,NO-FENCE,0.0,PConc,Lvl,Veenker,GasA,Gable,0.0
555000,10.0,2402,3094.0,0.0,3.0,15431.0,672.0,2008.0,NO-FENCE,0.0,PConc,Lvl,NridgHt,GasA,Hip,0.0
136000,6.0,2526,714.0,862.0,1.0,8520.0,216.0,1916.0,GdWo,0.0,BrkTil,Lvl,OldTown,GasW,Gable,0.0
82500,4.0,708,420.0,0.0,0.0,5330.0,0.0,1940.0,NO-FENCE,0.0,CBlock,HLS,BrkSide,GasA,Hip,0.0
101000,5.0,1111,530.0,530.0,1.0,7200.0,288.0,1920.0,NO-FENCE,0.0,BrkTil,Lvl,IDOTRR,GasA,Gable,0.0
314813,9.0,1828,1822.0,0.0,3.0,11694.0,774.0,2007.0,NO-FENCE,0.0,PConc,Lvl,NridgHt,GasA,Hip,0.0
109500,5.0,894,894.0,0.0,1.0,6600.0,308.0,1962.0,NO-FENCE,0.0,CBlock,Lvl,NAmes,GasA,Hip,0.0
163500,5.0,964,876.0,0.0,2.0,13360.0,432.0,1921.0,NO-FENCE,0.0,BrkTil,HLS,Crawfor,GasA,Gable,0.0
271000,8.0,1689,1568.0,0.0,3.0,13265.0,857.0,2002.0,NO-FENCE,0.0,PConc,Lvl,Mitchel,GasA,Hip,0.0
205000,7.0,1541,1541.0,0.0,3.0,13704.0,843.0,2001.0,NO-FENCE,0.0,PConc,Lvl,CollgCr,GasA,Gable,0.0
185000,7.0,1221,1221.0,0.0,2.0,7500.0,400.0,2004.0,NO-FENCE,0.0,PConc,Lvl,Somerst,GasA,Gable,0.0
160000,6.0,1324,1088.0,0.0,2.0,8658.0,440.0,1965.0,GdWo,0.0,CBlock,Lvl,NAmes,GasA,Gable,0.0
155000,7.0,1416,696.0,720.0,2.0,2572.0,484.0,1999.0,NO-FENCE,0.0,PConc,Lvl,Somerst,GasA,Hip,0.0
91000,4.0,988,462.0,462.0,1.0,1596.0,297.0,1973.0,GdWo,0.0,CBlock,Lvl,MeadowV,GasA,Gable,0.0
131000,6.0,1218,735.0,349.0,2.0,6000.0,440.0,1941.0,NO-FENCE,0.0,BrkTil,Lvl,BrkSide,GasA,Gable,0.0
165400,7.0,1656,746.0,896.0,2.0,6931.0,397.0,2003.0,NO-FENCE,0.0,PConc,Lvl,Edwards,GasA,Gable,0.0
194700,6.0,1362,1362.0,0.0,2.0,7577.0,460.0,2005.0,NO-FENCE,0.0,PConc,Lvl,NridgHt,GasA,Gable,0.0
155000,6.0,1839,756.0,788.0,2.0,7700.0,442.0,1966.0,NO-FENCE,0.0,CBlock,Lvl,NAmes,GasA,Gable,0.0
140000,6.0,1375,1367.0,0.0,2.0,11310.0,451.0,1954.0,NO-FENCE,0.0,CBlock,Lvl,NAmes,GasA,Hip,0.0
147000,5.0,1122,924.0,0.0,2.0,12000.0,528.0,1948.0,GdWo,0.0,CBlock,Lvl,OldTown,GasA,Gable,0.0
194000,5.0,1432,1360.0,0.0,2.0,16157.0,588.0,1978.0,NO-FENCE,0.0,PConc,Lvl,Veenker,GasA,Gable,0.0
179540,7.0,1456,728.0,728.0,2.0,9018.0,400.0,2007.0,NO-FENCE,0.0,PConc,Lvl,Gilbert,GasA,Hip,0.0
173000,7.0,1217,1188.0,0.0,2.0,9947.0,497.0,1990.0,GdPrv,0.0,PConc,Lvl,Mitchel,GasA,Gable,0.0
109500,5.0,1040,0.0,0.0,2.0,7200.0,625.0,1950.0,NO-FENCE,0.0,CBlock,Lvl,NAmes,GasA,Hip,0.0
173733,6.0,1224,612.0,612.0,2.0,3000.0,528.0,2009.0,NO-FENCE,0.0,PConc,Lvl,Somerst,GasA,Gable,0.0
129900,7.0,1774,952.0,752.0,2.0,6120.0,468.0,1931.0,NO-FENCE,0.0,BrkTil,Lvl,OldTown,GasA,Gable,0.0
119000,5.0,1367,861.0,406.0,1.0,8405.0,384.0,1900.0,MnPrv,0.0,BrkTil,Lvl,Edwards,GasA,Gable,0.0
125500,5.0,1360,803.0,557.0,1.0,7200.0,297.0,1938.0,MnPrv,0.0,CBlock,Lvl,IDOTRR,GasA,Gable,0.0
149300,6.0,848,848.0,0.0,2.0,4426.0,420.0,2004.0,NO-FENCE,0.0,PConc,Lvl,CollgCr,GasA,Gable,0.0
305000,8.0,2262,1482.0,780.0,3.0,12244.0,749.0,2003.0,NO-FENCE,0.0,PConc,Lvl,Timber,GasA,Hip,0.0
102000,4.0,1220,836.0,0.0,2.0,8877.0,396.0,1951.0,NO-FENCE,0.0,CBlock,Lvl,Edwards,GasA,Gable,0.0
178740,7.0,1414,1375.0,0.0,2.0,3072.0,398.0,2004.0,NO-FENCE,0.0,PConc,Lvl,Blmngtn,GasA,Hip,0.0
129500,6.0,2058,735.0,924.0,2.0,9600.0,396.0,1917.0,NO-FENCE,0.0,BrkTil,Lvl,OldTown,OthW,Gable,0.0
79900,6.0,1198,901.0,110.0,0.0,5586.0,0.0,1920.0,MnPrv,0.0,BrkTil,Bnk,OldTown,GasA,Gable,0.0
278000,8.0,1659,1501.0,0.0,2.0,5664.0,499.0,2000.0,NO-FENCE,0.0,PConc,Lvl,StoneBr,GasA,Gable,0.0
118400,6.0,1012,1012.0,0.0,1.0,8263.0,308.0,1920.0,MnPrv,0.0,BrkTil,Bnk,IDOTRR,GasA,Gable,0.0
197000,7.0,3082,824.0,998.0,2.0,15863.0,672.0,1920.0,NO-FENCE,0.0,BrkTil,Lvl,SWISU,GasA,Gable,0.0
140000,5.0,1812,360.0,780.0,2.0,7630.0,672.0,1900.0,MnPrv,0.0,BrkTil,Lvl,OldTown,GasA,Gable,0.0
226000,7.0,1929,1057.0,872.0,2.0,7050.0,650.0,2001.0,NO-FENCE,0.0,PConc,Lvl,Somerst,GasA,Gable,0.0
132500,5.0,954,911.0,0.0,2.0,10780.0,576.0,1976.0,NO-FENCE,0.0,CBlock,Lvl,CollgCr,GasA,Gable,0.0
315000,9.0,1838,1838.0,0.0,3.0,14601.0,765.0,2006.0,NO-FENCE,0.0,PConc,Lvl,Timber,GasA,Hip,0.0
224000,6.0,1640,1296.0,0.0,2.0,14778.0,924.0,1954.0,NO-FENCE,0.0,CBlock,Low,Crawfor,GasA,Hip,0.0
132500,5.0,1148,1148.0,0.0,1.0,7931.0,672.0,1959.0,GdPrv,0.0,CBlock,Lvl,NAmes,GasA,Hip,0.0
119500,5.0,950,950.0,0.0,1.0,9758.0,280.0,1971.0,NO-FENCE,0.0,CBlock,Lvl,NAmes,GasA,Gable,0.0
215000,8.0,1911,777.0,846.0,2.0,9554.0,471.0,1993.0,NO-FENCE,0.0,PConc,Lvl,SawyerW,GasA,Gable,0.0
210000,6.0,1635,1065.0,720.0,2.0,8737.0,440.0,1923.0,NO-FENCE,0.0,BrkTil,Bnk,BrkSide,GasA,Gable,0.0
200141,7.0,1316,1316.0,0.0,2.0,11175.0,440.0,2007.0,NO-FENCE,0.0,PConc,Lvl,CollgCr,GasA,Gable,0.0
185000,6.0,1442,1442.0,0.0,2.0,11717.0,615.0,1970.0,NO-FENCE,0.0,CBlock,Lvl,NWAmes,GasA,Hip,0.0
149900,5.0,1078,1078.0,0.0,2.0,12537.0,500.0,1971.0,NO-FENCE,0.0,CBlock,Lvl,NAmes,GasA,Gable,0.0
129000,4.0,1120,1040.0,0.0,2.0,6970.0,544.0,1961.0,NO-FENCE,0.0,CBlock,Lvl,Sawyer,GasA,Gable,0.0
184100,8.0,1419,408.0,640.0,2.0,7750.0,527.0,2002.0,NO-FENCE,0.0,PConc,Lvl,Gilbert,GasA,Hip,0.0
135000,7.0,1389,651.0,682.0,1.0,3378.0,240.0,1946.0,NO-FENCE,0.0,CBlock,HLS,OldTown,GasA,Gable,0.0
128000,5.0,1063,1056.0,0.0,1.0,9920.0,280.0,1954.0,MnPrv,0.0,CBlock,Lvl,NAmes,GasA,Gable,0.0
374000,9.0,1792,1792.0,0.0,3.0,11846.0,874.0,2003.0,NO-FENCE,0.0,PConc,HLS,NridgHt,GasA,Hip,0.0
164000,6.0,1216,1216.0,0.0,2.0,4500.0,402.0,1998.0,NO-FENCE,0.0,PConc,Lvl,Mitchel,GasA,Hip,0.0
157000,7.0,1762,596.0,764.0,2.0,7200.0,576.0,1920.0,NO-FENCE,0.0,BrkTil,Lvl,OldTown,GasA,Hip,0.0
215000,7.0,1959,847.0,1112.0,2.0,11796.0,434.0,2004.0,NO-FENCE,0.0,PConc,Lvl,Gilbert,GasA,Gable,0.0
165000,6.0,1208,1208.0,0.0,2.0,11250.0,546.0,1977.0,NO-FENCE,0.0,CBlock,Lvl,Veenker,GasA,Gable,0.0
144000,5.0,1524,874.0,650.0,1.0,11344.0,315.0,1958.0,GdWo,0.0,CBlock,Lvl,NAmes,GasW,Gable,0.0
125500,4.0,1154,796.0,358.0,1.0,5436.0,240.0,1922.0,MnPrv,0.0,BrkTil,Lvl,IDOTRR,GasA,Gable,0.0
98300,5.0,1048,0.0,0.0,2.0,7200.0,420.0,1950.0,NO-FENCE,0.0,CBlock,Lvl,NAmes,GasA,Hip,0.0
91300,5.0,886,190.0,0.0,1.0,5784.0,273.0,1938.0,NO-FENCE,0.0,BrkTil,Lvl,OldTown,GasA,Gable,0.0
135960,5.0,943,943.0,0.0,2.0,7032.0,600.0,1979.0,NO-FENCE,0.0,CBlock,Lvl,NAmes,GasA,Gable,0.0
226700,7.0,1768,866.0,902.0,2.0,9803.0,603.0,2005.0,NO-FENCE,0.0,PConc,Lvl,Somerst,GasA,Gable,0.0
333168,9.0,2599,1393.0,1177.0,3.0,14774.0,779.0,1999.0,NO-FENCE,0.0,PConc,Lvl,NoRidge,GasA,Gable,0.0
114500,5.0,912,912.0,0.0,1.0,10150.0,275.0,1958.0,NO-FENCE,0.0,CBlock,Lvl,NAmes,GasA,Gable,0.0
97000,5.0,882,0.0,0.0,1.0,12702.0,308.0,1956.0,NO-FENCE,0.0,PConc,Lvl,OldTown,GasA,Gable,0.0
181000,6.0,1337,1405.0,0.0,2.0,4060.0,511.0,1998.0,NO-FENCE,0.0,PConc,Lvl,NAmes,GasA,Gable,0.0
465000,10.0,2076,2076.0,0.0,3.0,13891.0,850.0,2006.0,NO-FENCE,0.0,PConc,Lvl,NridgHt,GasA,Gable,0.0
290000,8.0,2531,1318.0,1203.0,3.0,12257.0,752.0,1995.0,NO-FENCE,0.0,PConc,Lvl,NoRidge,GasA,Gable,0.0
175000,5.0,1768,731.0,787.0,1.0,7200.0,240.0,1937.0,MnPrv,0.0,BrkTil,Lvl,SWISU,GasA,Gable,0.0
235000,8.0,1625,1573.0,0.0,2.0,4750.0,538.0,2006.0,NO-FENCE,0.0,PConc,HLS,Crawfor,GasA,Hip,0.0
277000,6.0,2144,1444.0,700.0,2.0,159000.0,389.0,1958.0,NO-FENCE,0.0,CBlock,Low,ClearCr,GasA,Gable,0.0
325000,10.0,2775,1237.0,1254.0,2.0,13500.0,880.0,1893.0,NO-FENCE,0.0,BrkTil,Lvl,OldTown,GasA,Gable,0.0
178000,6.0,1868,585.0,728.0,2.0,12090.0,477.0,1984.0,NO-FENCE,0.0,CBlock,Lvl,NWAmes,GasA,Hip,0.0
235000,7.0,1525,1525.0,0.0,2.0,9100.0,541.0,2000.0,NO-FENCE,0.0,PConc,Lvl,CollgCr,GasA,Gable,0.0
239000,8.0,1571,1571.0,0.0,3.0,10991.0,722.0,2007.0,NO-FENCE,0.0,PConc,HLS,Timber,GasA,Gable,0.0
85000,5.0,796,796.0,0.0,0.0,8777.0,0.0,1910.0,MnPrv,0.0,CBlock,Lvl,Edwards,GasA,Gable,0.0
107500,5.0,2372,994.0,994.0,1.0,6600.0,432.0,1892.0,NO-FENCE,0.0,Stone,Lvl,OldTown,GasA,Gable,0.0
160000,7.0,1472,384.0,670.0,2.0,10784.0,402.0,1991.0,NO-FENCE,0.0,PConc,Lvl,Gilbert,GasA,Gable,0.0
145000,4.0,960,648.0,0.0,1.0,10246.0,364.0,1965.0,NO-FENCE,0.0,CBlock,Lvl,Sawyer,GasA,Gable,0.0
192140,5.0,1838,732.0,1104.0,2.0,21930.0,372.0,2005.0,NO-FENCE,0.0,PConc,Lvl,Gilbert,GasA,Gable,0.0
181000,6.0,1309,1040.0,0.0,2.0,10140.0,484.0,1974.0,GdPrv,648.0,CBlock,Lvl,NWAmes,GasA,Hip,1.0
380000,9.0,2643,2153.0,574.0,3.0,13693.0,694.0,2006.0,NO-FENCE,0.0,PConc,Lvl,NridgHt,GasA,Hip,0.0
66500,5.0,1131,676.0,455.0,1.0,5720.0,200.0,1941.0,NO-FENCE,0.0,CBlock,Lvl,OldTown,GasA,Gable,0.0
124500,5.0,1960,960.0,1000.0,2.0,7596.0,400.0,1952.0,NO-FENCE,0.0,CBlock,Lvl,OldTown,GasA,Hip,0.0
124000,5.0,1144,1144.0,0.0,1.0,9204.0,336.0,1963.0,NO-FENCE,0.0,CBlock,Lvl,NAmes,GasA,Gable,0.0
144000,6.0,1056,1056.0,0.0,2.0,6979.0,576.0,1980.0,GdPrv,0.0,CBlock,Lvl,OldTown,GasA,Gable,0.0
52500,4.0,693,693.0,0.0,0.0,4118.0,0.0,1941.0,NO-FENCE,0.0,CBlock,Bnk,OldTown,Grav,Gable,0.0
217000,6.0,1494,1479.0,0.0,2.0,9236.0,576.0,1997.0,NO-FENCE,0.0,PConc,Lvl,CollgCr,GasA,Gable,0.0
275000,8.0,1646,1594.0,0.0,2.0,3842.0,482.0,2004.0,NO-FENCE,0.0,PConc,HLS,Crawfor,GasA,Hip,0.0
127000,5.0,864,864.0,0.0,1.0,7180.0,352.0,1972.0,NO-FENCE,0.0,CBlock,Lvl,CollgCr,GasA,Hip,0.0
262500,8.0,1566,1566.0,0.0,2.0,9000.0,750.0,2008.0,NO-FENCE,0.0,PConc,Lvl,Somerst,GasA,Gable,0.0
162000,6.0,1395,723.0,660.0,2.0,12936.0,497.0,1972.0,NO-FENCE,0.0,CBlock,Lvl,NWAmes,GasA,Gable,0.0
103000,4.0,1208,780.0,0.0,2.0,6240.0,539.0,1925.0,NO-FENCE,0.0,CBlock,Lvl,IDOTRR,GasA,Gable,0.0
137500,5.0,1513,939.0,574.0,1.0,6120.0,180.0,1920.0,NO-FENCE,0.0,BrkTil,Lvl,BrkSide,GasA,Gable,0.0
127500,6.0,1367,884.0,408.0,1.0,6240.0,560.0,1931.0,NO-FENCE,0.0,BrkTil,Lvl,BrkSide,GasA,Gable,0.0
127000,5.0,955,955.0,0.0,1.0,7742.0,386.0,1966.0,MnPrv,0.0,CBlock,Lvl,Sawyer,GasA,Gable,0.0
91000,3.0,1077,1007.0,0.0,1.0,9786.0,210.0,1922.0,NO-FENCE,0.0,BrkTil,Lvl,IDOTRR,GasA,Hip,0.0
145000,5.0,1056,1056.0,0.0,2.0,34650.0,572.0,1955.0,NO-FENCE,0.0,CBlock,Bnk,Gilbert,GasA,Hip,0.0
186500,7.0,1553,756.0,797.0,2.0,8125.0,615.0,2005.0,NO-FENCE,0.0,PConc,Lvl,Somerst,GasA,Gable,0.0
221500,7.0,1614,1614.0,0.0,3.0,11210.0,865.0,2005.0,NO-FENCE,0.0,PConc,Lvl,CollgCr,GasA,Gable,0.0
253293,8.0,2042,2042.0,0.0,3.0,12704.0,1390.0,2008.0,NO-FENCE,0.0,PConc,Lvl,NridgHt,GasA,Hip,0.0
108480,5.0,1073,1073.0,0.0,1.0,5400.0,326.0,1921.0,NO-FENCE,0.0,BrkTil,Lvl,OldTown,GasA,Gable,0.0
127000,5.0,1285,672.0,213.0,1.0,8635.0,240.0,1948.0,MnPrv,0.0,CBlock,Lvl,BrkSide,GasA,Gable,0.0
237500,6.0,2117,1205.0,0.0,2.0,12925.0,550.0,1970.0,NO-FENCE,0.0,CBlock,Lvl,NAmes,GasA,Gable,0.0
86000,4.0,605,528.0,0.0,0.0,9098.0,0.0,1920.0,NO-FENCE,0.0,BrkTil,Lvl,Edwards,GasA,Gable,0.0
141000,5.0,1150,1150.0,0.0,1.0,7945.0,300.0,1959.0,NO-FENCE,0.0,CBlock,Lvl,NAmes,GasA,Gable,0.0
176000,6.0,1456,728.0,728.0,2.0,8029.0,400.0,2005.0,NO-FENCE,0.0,PConc,Lvl,Gilbert,GasA,Gable,0.0
178400,7.0,999,944.0,0.0,2.0,12122.0,588.0,1961.0,NO-FENCE,0.0,CBlock,Lvl,NAmes,GasA,Gable,0.0
173900,6.0,1500,750.0,750.0,2.0,8846.0,564.0,2005.0,NO-FENCE,0.0,PConc,Lvl,CollgCr,GasA,Gable,0.0
157000,5.0,1336,1165.0,0.0,1.0,15750.0,375.0,1953.0,NO-FENCE,0.0,CBlock,Lvl,Crawfor,GasA,Hip,0.0
193000,6.0,1593,839.0,729.0,2.0,7415.0,398.0,2004.0,NO-FENCE,0.0,PConc,Lvl,Gilbert,GasA,Gable,0.0
335000,9.0,2184,1104.0,1054.0,3.0,11308.0,836.0,2008.0,NO-FENCE,0.0,PConc,Lvl,NridgHt,GasA,Gable,0.0
201000,7.0,1560,1560.0,0.0,2.0,9196.0,573.0,2003.0,NO-FENCE,0.0,PConc,Lvl,Mitchel,GasA,Gable,0.0
146500,5.0,1644,728.0,756.0,1.0,9480.0,312.0,1942.0,NO-FENCE,0.0,CBlock,Lvl,NAmes,GasA,Gable,0.0
86000,4.0,630,630.0,0.0,1.0,1526.0,286.0,1970.0,NO-FENCE,0.0,CBlock,Lvl,MeadowV,GasA,Gable,0.0
148000,6.0,1113,1143.0,0.0,1.0,7917.0,504.0,1976.0,GdPrv,0.0,CBlock,Lvl,Edwards,GasA,Hip,0.0
280000,7.0,2172,1063.0,1101.0,3.0,14154.0,947.0,2006.0,NO-FENCE,0.0,PConc,Lvl,NridgHt,GasA,Gable,0.0
112000,4.0,1346,560.0,550.0,1.0,11767.0,384.0,1910.0,GdWo,0.0,CBlock,Lvl,Edwards,GasA,Gable,0.0
303477,8.0,2610,1184.0,1426.0,2.0,9000.0,550.0,2007.0,NO-FENCE,0.0,PConc,Lvl,Somerst,GasA,Gable,0.0
250000,7.0,1958,1026.0,932.0,3.0,10625.0,936.0,2005.0,NO-FENCE,0.0,PConc,Lvl,Somerst,GasA,Gable,0.0
244600,8.0,1468,1468.0,0.0,3.0,9612.0,898.0,2008.0,NO-FENCE,0.0,PConc,Lvl,Somerst,GasA,Gable,0.0
126000,5.0,1734,0.0,432.0,2.0,10125.0,539.0,1977.0,NO-FENCE,0.0,CBlock,Lvl,Mitchel,GasA,Gable,0.0
130500,5.0,1200,768.0,432.0,1.0,11767.0,240.0,1946.0,NO-FENCE,0.0,CBlock,Lvl,Edwards,GasA,Gable,0.0
241000,7.0,1550,1092.0,438.0,2.0,8125.0,438.0,2006.0,NO-FENCE,0.0,PConc,Lvl,Somerst,GasA,Gable,0.0
118500,4.0,2230,795.0,795.0,1.0,6204.0,440.0,1912.0,NO-FENCE,0.0,PConc,Bnk,SWISU,GasA,Gable,0.0
115000,6.0,1639,1064.0,0.0,1.0,10480.0,240.0,1936.0,NO-FENCE,0.0,BrkTil,Lvl,SWISU,GasA,Gable,0.0
129900,5.0,864,864.0,0.0,2.0,9100.0,624.0,1958.0,NO-FENCE,0.0,CBlock,Lvl,NAmes,GasA,Gable,0.0
202500,7.0,1621,1208.0,0.0,2.0,14145.0,440.0,1984.0,NO-FENCE,0.0,CBlock,Lvl,NWAmes,GasA,Gable,0.0
118000,6.0,987,483.0,504.0,1.0,1680.0,264.0,1972.0,NO-FENCE,0.0,CBlock,Lvl,BrDale,GasA,Gable,0.0
335000,7.0,2519,1210.0,1281.0,2.0,26178.0,628.0,1989.0,NO-FENCE,0.0,PConc,Lvl,Timber,GasA,Hip,0.0
125000,5.0,1365,765.0,600.0,2.0,2368.0,440.0,1970.0,NO-FENCE,0.0,CBlock,Lvl,BrDale,GasA,Gable,0.0
255900,8.0,2290,1128.0,1141.0,2.0,11250.0,779.0,2002.0,NO-FENCE,0.0,PConc,Lvl,CollgCr,GasA,Gable,0.0
342643,9.0,2596,1249.0,1347.0,3.0,16259.0,840.0,2006.0,NO-FENCE,0.0,PConc,Lvl,NridgHt,GasA,Gable,0.0
109008,4.0,907,907.0,0.0,1.0,8593.0,352.0,1957.0,NO-FENCE,0.0,CBlock,Lvl,NAmes,GasA,Hip,0.0
148500,6.0,1456,855.0,601.0,2.0,2280.0,440.0,1976.0,NO-FENCE,0.0,CBlock,Lvl,NPkVill,GasA,Gable,0.0
132500,5.0,1190,1106.0,0.0,2.0,7728.0,540.0,1962.0,GdWo,0.0,CBlock,Lvl,NAmes,GasA,Hip,0.0
110000,4.0,858,858.0,0.0,1.0,7340.0,684.0,1971.0,NO-FENCE,0.0,CBlock,Lvl,NAmes,GasA,Gable,0.0
244000,7.0,2223,2223.0,0.0,2.0,13651.0,516.0,1973.0,NO-FENCE,0.0,CBlock,Lvl,NAmes,GasA,Gable,0.0
115000,4.0,1005,1005.0,0.0,2.0,10434.0,672.0,1955.0,NO-FENCE,0.0,CBlock,Lvl,NAmes,GasA,Gable,0.0
194500,7.0,1895,712.0,809.0,2.0,10832.0,409.0,1994.0,NO-FENCE,0.0,PConc,Lvl,Gilbert,GasA,Gable,0.0
129500,5.0,1040,1040.0,0.0,1.0,11200.0,384.0,1965.0,NO-FENCE,0.0,CBlock,Lvl,Sawyer,GasA,Hip,0.0
167500,5.0,1264,1268.0,0.0,2.0,9300.0,461.0,1960.0,NO-FENCE,0.0,CBlock,Lvl,NAmes,GasA,Gable,0.0
227875,7.0,1761,874.0,887.0,2.0,10207.0,578.0,2007.0,NO-FENCE,0.0,PConc,Lvl,Somerst,GasA,Gable,0.0
169900,6.0,1034,1012.0,0.0,3.0,12328.0,888.0,1976.0,NO-FENCE,0.0,CBlock,Lvl,Mitchel,GasA,Gable,0.0
241500,7.0,1363,1385.0,0.0,2.0,39104.0,439.0,1954.0,NO-FENCE,0.0,CBlock,Low,ClearCr,GasA,Flat,0.0
127500,6.0,1689,1436.0,0.0,2.0,9855.0,480.0,1956.0,MnPrv,0.0,CBlock,Lvl,Edwards,GasA,Hip,0.0
350000,8.0,2113,2109.0,0.0,3.0,10437.0,839.0,1995.0,NO-FENCE,0.0,PConc,Lvl,NoRidge,GasA,Hip,0.0
227000,7.0,1573,1573.0,0.0,2.0,9808.0,544.0,2002.0,NO-FENCE,0.0,PConc,Lvl,CollgCr,GasA,Gable,0.0
611657,9.0,2364,2330.0,0.0,3.0,12919.0,820.0,2009.0,NO-FENCE,0.0,PConc,Lvl,NridgHt,GasA,Hip,0.0
219500,7.0,2034,1057.0,977.0,2.0,9375.0,645.0,1997.0,GdPrv,0.0,PConc,Lvl,CollgCr,GasA,Gable,0.0
173000,6.0,1291,1291.0,0.0,2.0,2887.0,431.0,1996.0,NO-FENCE,0.0,PConc,HLS,ClearCr,GasA,Gable,0.0
116500,5.0,858,858.0,0.0,0.0,7207.0,0.0,1958.0,NO-FENCE,0.0,CBlock,Lvl,BrkSide,GasA,Gable,0.0
105000,6.0,1258,560.0,560.0,1.0,9060.0,280.0,1939.0,MnPrv,0.0,BrkTil,Lvl,Edwards,GasA,Gable,0.0
60000,2.0,438,290.0,0.0,1.0,8400.0,246.0,1920.0,NO-FENCE,0.0,CBlock,Bnk,SWISU,GasA,Gable,0.0
149500,6.0,1400,672.0,728.0,2.0,7844.0,440.0,1978.0,NO-FENCE,0.0,CBlock,Lvl,Sawyer,GasA,Hip,0.0
119750,5.0,954,920.0,0.0,1.0,6305.0,240.0,1938.0,MnPrv,0.0,PConc,Bnk,Crawfor,GasA,Gable,0.0
158000,6.0,1445,1127.0,0.0,2.0,12095.0,645.0,1964.0,MnPrv,0.0,CBlock,Lvl,NAmes,GasA,Gable,0.0
148000,6.0,1072,547.0,0.0,2.0,3675.0,525.0,2005.0,NO-FENCE,0.0,PConc,Lvl,Edwards,GasA,Gable,0.0
100000,5.0,1664,0.0,0.0,0.0,9825.0,0.0,1965.0,NO-FENCE,0.0,CBlock,Lvl,Edwards,GasA,Hip,0.0
214500,6.0,2134,844.0,689.0,2.0,11888.0,441.0,1916.0,NO-FENCE,0.0,BrkTil,Bnk,BrkSide,GasA,Gable,0.0
359100,8.0,3194,965.0,1254.0,2.0,12168.0,380.0,1934.0,NO-FENCE,0.0,PConc,HLS,Crawfor,GasA,Gable,0.0
139000,6.0,1824,912.0,912.0,0.0,9400.0,0.0,1971.0,NO-FENCE,0.0,CBlock,Low,Mitchel,GasA,Mansard,0.0
204000,6.0,1756,872.0,868.0,2.0,9303.0,422.0,1996.0,NO-FENCE,0.0,PConc,Lvl,Timber,GasA,Hip,0.0
147000,5.0,912,912.0,0.0,2.0,8872.0,576.0,1965.0,NO-FENCE,0.0,CBlock,Lvl,NAmes,GasA,Gable,0.0
175000,6.0,1509,1461.0,0.0,2.0,10200.0,600.0,1988.0,NO-FENCE,0.0,CBlock,Lvl,Timber,GasA,Gable,0.0
137450,6.0,1608,976.0,448.0,1.0,6171.0,216.0,1925.0,MnPrv,0.0,BrkTil,Lvl,SWISU,GasA,Gable,0.0
169990,6.0,1316,1316.0,0.0,2.0,10237.0,397.0,2005.0,NO-FENCE,0.0,PConc,Lvl,Gilbert,GasA,Gable,0.0
88000,5.0,1015,768.0,0.0,1.0,6120.0,450.0,1925.0,MnPrv,0.0,BrkTil,Lvl,BrkSide,GasA,Gable,0.0
126000,5.0,1134,756.0,378.0,1.0,8160.0,240.0,1940.0,NO-FENCE,0.0,BrkTil,Lvl,Edwards,GasA,Gable,0.0
255000,8.0,1636,1623.0,0.0,3.0,13501.0,865.0,2006.0,NO-FENCE,0.0,PConc,Lvl,Somerst,GasA,Gable,0.0
162000,7.0,1320,660.0,660.0,2.0,7750.0,400.0,2003.0,NO-FENCE,0.0,PConc,Lvl,Gilbert,GasA,Gable,0.0
185000,5.0,2126,1013.0,966.0,2.0,28698.0,538.0,1967.0,NO-FENCE,0.0,PConc,Low,ClearCr,GasA,Flat,0.0
155000,5.0,1128,1120.0,0.0,2.0,8700.0,525.0,1963.0,MnPrv,0.0,CBlock,Lvl,NAmes,GasA,Hip,0.0
153000,5.0,1306,992.0,0.0,1.0,8712.0,756.0,1957.0,NO-FENCE,0.0,CBlock,Lvl,NAmes,GasA,Hip,0.0
97000,4.0,1344,546.0,546.0,0.0,1533.0,0.0,1970.0,NO-FENCE,0.0,CBlock,Lvl,MeadowV,GasA,Gable,0.0
159500,7.0,2554,718.0,978.0,2.0,10800.0,704.0,1890.0,NO-FENCE,0.0,BrkTil,Bnk,OldTown,GasA,Gable,0.0
135000,5.0,893,845.0,0.0,2.0,9600.0,576.0,1949.0,NO-FENCE,0.0,CBlock,Lvl,NAmes,GasA,Gable,0.0
214000,6.0,1933,894.0,1039.0,3.0,14598.0,668.0,2007.0,NO-FENCE,0.0,PConc,Lvl,Somerst,GasA,Gable,
113000,6.0,1218,672.0,546.0,1.0,1890.0,264.0,1973.0,NO-FENCE,0.0,CBlock,Lvl,BrDale,,Gable,0.0
190000,7.0,1969,808.0,808.0,2.0,11952.0,534.0,1977.0,NO-FENCE,0.0,CBlock,Lvl,NWAmes,GasA,Mansard,0.0
240000,8.0,2090,1220.0,870.0,2.0,10000.0,556.0,1995.0,NO-FENCE,0.0,PConc,Lvl,CollgCr,GasA,Gable,0.0
175000,5.0,1484,1484.0,0.0,2.0,12243.0,487.0,1971.0,NO-FENCE,0.0,CBlock,Lvl,NWAmes,GasA,Gable,0.0
135000,5.0,1656,1656.0,0.0,2.0,9246.0,506.0,1973.0,NO-FENCE,0.0,CBlock,Lvl,NWAmes,GasA,Gable,0.0
115000,6.0,1224,818.0,406.0,1.0,3950.0,210.0,1926.0,NO-FENCE,0.0,CBlock,Bnk,OldTown,GasA,Gable,0.0
244000,6.0,2054,992.0,1032.0,2.0,12224.0,390.0,2000.0,NO-FENCE,0.0,PConc,Lvl,Gilbert,GasA,Gable,0.0
132000,7.0,854,832.0,0.0,2.0,6120.0,576.0,1929.0,GdPrv,0.0,BrkTil,Lvl,BrkSide,GasA,Gable,0.0
83500,4.0,1092,546.0,546.0,1.0,1974.0,286.0,1973.0,NO-FENCE,0.0,CBlock,Lvl,MeadowV,GasA,Gable,0.0
143500,5.0,1268,1268.0,0.0,1.0,9286.0,252.0,1977.0,NO-FENCE,0.0,CBlock,Lvl,CollgCr,GasA,Gable,0.0
212000,7.0,1661,799.0,834.0,2.0,10667.0,550.0,1996.0,NO-FENCE,0.0,PConc,Lvl,CollgCr,GasA,Gable,0.0
232000,8.0,1668,1657.0,0.0,2.0,10635.0,502.0,2003.0,NO-FENCE,0.0,PConc,Lvl,CollgCr,GasA,Hip,0.0
208900,6.0,1493,1478.0,0.0,2.0,13125.0,508.0,1997.0,NO-FENCE,0.0,PConc,Lvl,CollgCr,GasA,Gable,0.0
124000,6.0,932,932.0,0.0,1.0,8280.0,306.0,1950.0,GdPrv,0.0,CBlock,Lvl,NAmes,GasA,Gable,0.0
167000,7.0,1277,1277.0,0.0,2.0,10628.0,526.0,1970.0,GdWo,0.0,CBlock,Lvl,NAmes,GasA,Flat,0.0
259000,7.0,1530,1530.0,0.0,3.0,14572.0,630.0,2004.0,NO-FENCE,0.0,PConc,Lvl,Gilbert,GasA,Hip,0.0
144000,5.0,1344,1024.0,0.0,1.0,9503.0,484.0,1958.0,GdWo,0.0,CBlock,Lvl,NAmes,GasA,Hip,0.0
137000,5.0,860,840.0,0.0,2.0,8740.0,528.0,1982.0,NO-FENCE,0.0,CBlock,Lvl,Sawyer,GasA,Hip,0.0
230000,7.0,1314,1314.0,0.0,2.0,5001.0,626.0,2007.0,NO-FENCE,0.0,PConc,Lvl,NridgHt,GasA,Gable,0.0
239799,7.0,1962,1391.0,571.0,3.0,8760.0,868.0,2006.0,NO-FENCE,0.0,PConc,Lvl,CollgCr,GasA,Gable,0.0
184000,7.0,1490,788.0,702.0,2.0,15384.0,388.0,2004.0,NO-FENCE,0.0,PConc,Lvl,Gilbert,GasA,Gable,0.0
143000,6.0,848,848.0,0.0,2.0,4426.0,420.0,2004.0,NO-FENCE,0.0,PConc,Lvl,CollgCr,GasA,Gable,0.0
108000,5.0,672,672.0,0.0,1.0,10200.0,240.0,1940.0,GdPrv,0.0,PConc,Lvl,Sawyer,GasA,Gable,0.0
266500,7.0,2340,1152.0,1152.0,1.0,9042.0,252.0,1941.0,GdPrv,0.0,Stone,Lvl,Crawfor,GasA,Gable,0.0
135000,5.0,1656,660.0,704.0,1.0,10410.0,180.0,1916.0,MnPrv,0.0,CBlock,Lvl,OldTown,GasA,Gable,0.0
184000,7.0,1479,725.0,754.0,2.0,7472.0,484.0,1972.0,NO-FENCE,0.0,CBlock,Lvl,NAmes,GasA,Gable,0.0
198900,7.0,1226,1226.0,0.0,,10402.0,740.0,2009.0,NO-FENCE,0.0,PConc,Lvl,CollgCr,GasA,Gable,0.0
187500,6.0,2087,832.0,1111.0,2.0,12205.0,444.0,1966.0,NO-FENCE,0.0,CBlock,Low,ClearCr,GasA,Gable,0.0
158000,6.0,1158,1158.0,0.0,2.0,13072.0,576.0,2004.0,NO-FENCE,0.0,PConc,Lvl,SawyerW,GasA,Gable,0.0
154000,5.0,1154,1154.0,0.0,2.0,11000.0,480.0,1966.0,MnPrv,0.0,CBlock,Lvl,NAmes,GasA,Gable,0.0
188000,7.0,1724,880.0,844.0,2.0,8924.0,527.0,1998.0,NO-FENCE,0.0,PConc,Lvl,CollgCr,GasA,Gable,0.0
188000,6.0,1658,773.0,885.0,2.0,8000.0,431.0,1995.0,NO-FENCE,0.0,PConc,Lvl,Gilbert,GasA,Gable,0.0
108000,4.0,1126,0.0,0.0,2.0,8777.0,520.0,1949.0,MnPrv,0.0,CBlock,Lvl,Edwards,GasA,Gable,0.0
135500,5.0,1393,816.0,521.0,1.0,16466.0,300.0,1955.0,NO-FENCE,0.0,PConc,Lvl,Edwards,GasA,Gable,0.0
381000,8.0,3447,728.0,1479.0,3.0,14100.0,1014.0,1935.0,GdWo,0.0,CBlock,Lvl,Crawfor,GasA,Gable,0.0
83000,6.0,987,483.0,504.0,1.0,1953.0,264.0,1973.0,NO-FENCE,0.0,CBlock,Lvl,BrDale,GasA,Gable,0.0
127500,5.0,1355,644.0,547.0,0.0,10106.0,0.0,1940.0,NO-FENCE,0.0,BrkTil,Lvl,Edwards,GasA,Gable,0.0
242000,7.0,2069,585.0,0.0,2.0,27650.0,505.0,1960.0,NO-FENCE,0.0,CBlock,HLS,NAmes,GasA,Flat,0.0
179400,7.0,1501,744.0,744.0,2.0,2280.0,440.0,1999.0,NO-FENCE,0.0,PConc,Lvl,Somerst,GasA,Gable,0.0
440000,8.0,1976,1976.0,0.0,3.0,14977.0,908.0,2006.0,NO-FENCE,0.0,PConc,Lvl,NridgHt,GasA,Gable,0.0
245000,8.0,1563,1563.0,0.0,3.0,10206.0,758.0,2007.0,NO-FENCE,0.0,PConc,Lvl,Somerst,GasA,Gable,0.0
116900,7.0,1111,572.0,539.0,1.0,5700.0,288.0,1926.0,NO-FENCE,0.0,PConc,Lvl,OldTown,GasA,Gable,0.0
149000,7.0,1502,776.0,651.0,1.0,7200.0,270.0,1931.0,MnPrv,0.0,BrkTil,HLS,Crawfor,GasA,Gable,0.0
139600,3.0,1733,0.0,0.0,2.0,13680.0,452.0,1955.0,NO-FENCE,0.0,Slab,Lvl,Edwards,GasA,Hip,0.0
437154,9.0,2728,1848.0,880.0,3.0,20431.0,706.0,2005.0,NO-FENCE,0.0,PConc,Lvl,NridgHt,GasA,Hip,0.0
119500,5.0,1302,630.0,672.0,1.0,1680.0,264.0,1972.0,NO-FENCE,0.0,CBlock,Lvl,BrDale,GasA,Gable,0.0
260000,7.0,1524,1332.0,192.0,2.0,23595.0,586.0,1979.0,NO-FENCE,0.0,PConc,Low,ClearCr,GasA,Shed,0.0
134432,4.0,1588,0.0,468.0,2.0,17120.0,680.0,1959.0,NO-FENCE,0.0,CBlock,Lvl,ClearCr,GasA,Gable,0.0
155000,5.0,1125,1125.0,0.0,2.0,8536.0,430.0,2006.0,NO-FENCE,0.0,PConc,Lvl,Edwards,GasA,Gable,0.0
151000,7.0,1200,600.0,600.0,2.0,3180.0,480.0,2005.0,NO-FENCE,0.0,PConc,Lvl,Somerst,GasA,Gable,0.0
173000,6.0,1640,798.0,842.0,2.0,8366.0,520.0,2004.0,NO-FENCE,0.0,PConc,Lvl,SawyerW,GasA,Gable,0.0
271000,7.0,2127,1223.0,904.0,2.0,10944.0,525.0,1994.0,NO-FENCE,0.0,PConc,Lvl,NoRidge,GasA,Gable,0.0
132000,6.0,972,972.0,0.0,1.0,8000.0,240.0,1948.0,NO-FENCE,0.0,CBlock,Lvl,NAmes,GasA,Gable,0.0
239500,8.0,2020,1128.0,878.0,2.0,9828.0,466.0,1995.0,NO-FENCE,0.0,PConc,Lvl,SawyerW,GasA,Gable,0.0
129000,5.0,1144,1144.0,0.0,1.0,9571.0,596.0,1956.0,NO-FENCE,0.0,CBlock,Lvl,Edwards,GasA,Gable,0.0
130000,5.0,1352,1062.0,0.0,1.0,6930.0,288.0,1958.0,NO-FENCE,0.0,CBlock,Lvl,ClearCr,GasA,Hip,0.0
130000,5.0,1316,926.0,0.0,2.0,5500.0,484.0,1929.0,NO-FENCE,0.0,BrkTil,Lvl,OldTown,GasA,Gable,0.0
280000,8.0,1924,1086.0,838.0,2.0,12011.0,592.0,1998.0,NO-FENCE,0.0,PConc,Lvl,NoRidge,GasA,Gable,0.0
125000,5.0,1164,1164.0,0.0,1.0,10880.0,240.0,1950.0,NO-FENCE,0.0,CBlock,Lvl,Edwards,GasW,Gable,0.0
139000,5.0,952,952.0,0.0,2.0,7350.0,840.0,1951.0,NO-FENCE,0.0,CBlock,Lvl,NAmes,GasA,Gable,0.0
122000,8.0,2358,684.0,1215.0,0.0,5250.0,0.0,1872.0,NO-FENCE,0.0,BrkTil,Lvl,OldTown,OthW,Gable,0.0
222000,6.0,1680,880.0,0.0,2.0,21695.0,540.0,1988.0,NO-FENCE,0.0,CBlock,Lvl,Crawfor,GasA,Hip,0.0
163000,6.0,1912,482.0,691.0,2.0,10800.0,672.0,1905.0,NO-FENCE,0.0,BrkTil,Lvl,OldTown,GasA,Gable,0.0
149000,6.0,1004,1004.0,0.0,2.0,11241.0,480.0,1970.0,NO-FENCE,0.0,CBlock,Lvl,NAmes,GasA,Gable,0.0
121600,4.0,1230,747.0,456.0,1.0,4712.0,305.0,1946.0,MnPrv,0.0,CBlock,Lvl,BrkSide,GasA,Gable,0.0
144000,5.0,1167,915.0,0.0,2.0,8731.0,495.0,1920.0,NO-FENCE,0.0,BrkTil,Lvl,BrkSide,GasA,Gable,0.0
100000,5.0,1301,1145.0,0.0,2.0,6911.0,440.0,1924.0,NO-FENCE,0.0,PConc,Lvl,BrkSide,GasA,Gable,0.0
190000,7.0,1453,1453.0,0.0,2.0,5271.0,445.0,1986.0,NO-FENCE,0.0,PConc,Low,ClearCr,GasA,Gable,0.0
272000,8.0,1601,1581.0,0.0,2.0,11423.0,670.0,2001.0,MnPrv,,PConc,Lvl,CollgCr,GasA,Gable,0.0
227000,8.0,1588,1588.0,0.0,3.0,10000.0,825.0,2006.0,NO-FENCE,0.0,PConc,Lvl,Somerst,GasA,Hip,0.0
140000,6.0,1095,588.0,0.0,1.0,10382.0,264.0,1958.0,NO-FENCE,0.0,CBlock,Lvl,NAmes,GasA,Hip,0.0
136500,5.0,1050,1050.0,0.0,1.0,10659.0,368.0,1961.0,NO-FENCE,0.0,CBlock,Lvl,NAmes,GasA,Hip,0.0
94750,4.0,960,960.0,0.0,1.0,10921.0,432.0,1965.0,NO-FENCE,0.0,CBlock,HLS,Edwards,GasA,Hip,0.0
91500,5.0,1456,810.0,454.0,1.0,7585.0,280.0,1948.0,NO-FENCE,0.0,CBlock,Lvl,Edwards,GasA,Gable,0.0
185750,6.0,1489,1489.0,0.0,2.0,9156.0,462.0,1968.0,NO-FENCE,0.0,CBlock,Lvl,NWAmes,GasA,Hip,0.0
311872,7.0,1726,1726.0,0.0,3.0,9416.0,786.0,2007.0,NO-FENCE,0.0,PConc,Lvl,Somerst,GasA,Hip,0.0
200000,7.0,2082,1362.0,720.0,2.0,11426.0,484.0,2003.0,NO-FENCE,0.0,PConc,Lvl,OldTown,GasA,Gable,0.0
180000,7.0,1339,1309.0,0.0,2.0,8049.0,484.0,1990.0,NO-FENCE,0.0,CBlock,Lvl,Timber,GasA,Hip,0.0
340000,8.0,2450,1284.0,1140.0,3.0,16545.0,1069.0,1998.0,NO-FENCE,0.0,PConc,Lvl,NoRidge,GasA,Gable,0.0
219210,7.0,1863,879.0,984.0,3.0,14054.0,660.0,2006.0,NO-FENCE,0.0,PConc,Lvl,Gilbert,GasA,Gable,0.0
133000,5.0,768,768.0,0.0,2.0,8445.0,396.0,1972.0,MnPrv,0.0,CBlock,Lvl,CollgCr,GasA,Gable,0.0
39300,1.0,334,0.0,0.0,0.0,5000.0,0.0,1946.0,NO-FENCE,0.0,Slab,Low,BrkSide,GasA,Gable,0.0
140000,6.0,1136,1136.0,0.0,1.0,9200.0,384.0,1965.0,NO-FENCE,0.0,CBlock,Lvl,NAmes,GasA,Gable,0.0
153500,6.0,1337,1237.0,0.0,2.0,4500.0,405.0,1998.0,NO-FENCE,0.0,PConc,Lvl,Mitchel,GasA,Hip,0.0
115000,5.0,912,912.0,0.0,1.0,7800.0,288.0,1964.0,NO-FENCE,0.0,CBlock,Lvl,NAmes,GasA,Gable,0.0
169500,5.0,1812,864.0,936.0,1.0,7590.0,264.0,1962.0,NO-FENCE,0.0,CBlock,Lvl,NAmes,GasA,Gable,0.0
179500,5.0,2192,720.0,720.0,1.0,8400.0,240.0,1939.0,NO-FENCE,0.0,PConc,Bnk,SWISU,GasA,Gable,0.0
81000,5.0,1184,658.0,526.0,0.0,8410.0,0.0,1910.0,NO-FENCE,0.0,PConc,Lvl,Edwards,GasA,Gambrel,0.0
122000,7.0,1889,925.0,,1.0,10120.0,308.0,1910.0,MnPrv,0.0,CBlock,Bnk,OldTown,GasA,Hip,0.0
150750,5.0,1327,1063.0,0.0,2.0,7388.0,624.0,1959.0,NO-FENCE,0.0,CBlock,Lvl,NAmes,GasA,Gable,0.0
175500,6.0,1422,1422.0,0.0,2.0,12090.0,576.0,1981.0,GdPrv,0.0,CBlock,Lvl,NWAmes,GasA,Gable,0.0
143000,5.0,1632,1632.0,0.0,2.0,25000.0,576.0,1967.0,NO-FENCE,0.0,CBlock,Low,Mitchel,GasA,Gable,0.0
213000,7.0,1630,1630.0,0.0,2.0,9750.0,451.0,2000.0,NO-FENCE,0.0,PConc,Lvl,CollgCr,GasA,Gable,0.0
85000,3.0,1526,1013.0,0.0,0.0,8470.0,0.0,1915.0,MnPrv,0.0,CBlock,Lvl,IDOTRR,GasA,Hip,0.0
90000,4.0,1040,0.0,0.0,2.0,7200.0,420.0,1949.0,NO-FENCE,0.0,Slab,Lvl,NAmes,Wall,Gable,0.0
128000,6.0,1647,806.0,806.0,1.0,6858.0,216.0,1915.0,NO-FENCE,0.0,PConc,Bnk,SWISU,GasA,Gable,0.0
135000,4.0,1981,1122.0,653.0,2.0,7804.0,576.0,1928.0,MnPrv,0.0,BrkTil,Lvl,SWISU,GasA,Gable,0.0
167000,6.0,1644,1416.0,0.0,2.0,9600.0,418.0,1953.0,NO-FENCE,0.0,CBlock,Lvl,NAmes,GasA,Hip,0.0
276000,8.0,2574,1482.0,1092.0,3.0,9588.0,868.0,2007.0,NO-FENCE,0.0,PConc,Lvl,CollgCr,GasA,Gable,0.0
180500,6.0,1824,764.0,764.0,2.0,13515.0,520.0,1919.0,GdPrv,0.0,PConc,Lvl,BrkSide,GasA,Gambrel,0.0
168500,6.0,1350,1248.0,0.0,2.0,9020.0,520.0,1964.0,GdPrv,0.0,CBlock,Lvl,NAmes,GasA,Gable,0.0
143750,6.0,958,958.0,0.0,2.0,4928.0,440.0,1976.0,NO-FENCE,0.0,CBlock,Lvl,NPkVill,GasA,Gable,0.0
207000,6.0,1848,833.0,795.0,2.0,13053.0,370.0,1923.0,NO-FENCE,0.0,BrkTil,Bnk,BrkSide,GasA,Gambrel,0.0
150000,4.0,1620,1281.0,0.0,2.0,9991.0,490.0,1976.0,GdWo,0.0,CBlock,Lvl,Sawyer,GasA,Gable,0.0
173000,6.0,1167,1158.0,0.0,2.0,9248.0,400.0,1992.0,NO-FENCE,0.0,PConc,Lvl,Gilbert,GasA,Gable,0.0
113000,6.0,1487,735.0,689.0,1.0,8741.0,220.0,1945.0,MnPrv,0.0,CBlock,Lvl,Edwards,GasA,Gable,0.0
100000,5.0,892,892.0,0.0,1.0,7150.0,288.0,1967.0,GdWo,0.0,CBlock,Lvl,NAmes,GasA,Gable,0.0
119000,5.0,804,788.0,0.0,1.0,7200.0,240.0,1940.0,MnPrv,0.0,CBlock,Lvl,OldTown,GasA,Gable,0.0
84500,5.0,1140,1140.0,0.0,0.0,17217.0,0.0,2006.0,NO-FENCE,0.0,PConc,Lvl,Mitchel,GasA,Gable,0.0
140000,6.0,1796,780.0,813.0,2.0,7056.0,483.0,1963.0,NO-FENCE,0.0,CBlock,Lvl,NAmes,GasA,Hip,0.0
195000,6.0,2030,848.0,912.0,2.0,12046.0,551.0,1976.0,NO-FENCE,0.0,CBlock,Lvl,NWAmes,GasA,Gable,0.0
310000,10.0,2007,1017.0,981.0,3.0,11003.0,812.0,2008.0,NO-FENCE,0.0,PConc,Lvl,Somerst,GasA,Gable,0.0
86000,5.0,691,691.0,0.0,1.0,5400.0,216.0,1920.0,NO-FENCE,0.0,BrkTil,Lvl,OldTown,GasA,Gable,0.0
210000,8.0,1590,768.0,804.0,2.0,9000.0,676.0,2008.0,NO-FENCE,0.0,PConc,Lvl,Somerst,GasA,Gable,0.0
136900,6.0,1855,994.0,639.0,1.0,9525.0,325.0,1954.0,NO-FENCE,0.0,CBlock,Lvl,Edwards,GasA,Gable,0.0
189000,7.0,1804,994.0,776.0,2.0,7500.0,442.0,1999.0,NO-FENCE,0.0,PConc,Lvl,Gilbert,GasA,Gable,0.0
224900,7.0,1768,884.0,884.0,2.0,8158.0,543.0,2003.0,NO-FENCE,0.0,PConc,Lvl,CollgCr,GasA,Gable,0.0
625000,10.0,3627,1930.0,1796.0,3.0,35760.0,807.0,1995.0,NO-FENCE,0.0,PConc,Lvl,NoRidge,GasA,Hip,0.0
180000,6.0,1298,1298.0,0.0,2.0,11200.0,403.0,1985.0,NO-FENCE,0.0,CBlock,Lvl,SawyerW,GasA,Gable,0.0
289000,7.0,1801,1501.0,0.0,2.0,15602.0,484.0,1959.0,GdWo,0.0,CBlock,Lvl,Crawfor,GasA,Gable,0.0
92000,5.0,630,630.0,0.0,0.0,1533.0,0.0,1970.0,NO-FENCE,0.0,CBlock,Lvl,MeadowV,GasA,Gable,0.0
110500,6.0,1103,1103.0,0.0,2.0,6000.0,440.0,1925.0,MnPrv,0.0,BrkTil,Lvl,OldTown,GasA,Gable,0.0
102776,4.0,1178,859.0,319.0,1.0,8712.0,384.0,1900.0,NO-FENCE,0.0,Stone,HLS,IDOTRR,GasA,Gable,0.0
109900,4.0,1196,1196.0,0.0,2.0,4800.0,440.0,1916.0,NO-FENCE,0.0,CBlock,Lvl,IDOTRR,GasA,Gable,0.0
250580,7.0,1372,1372.0,0.0,2.0,8640.0,529.0,2007.0,NO-FENCE,0.0,PConc,Lvl,Somerst,GasA,Gable,0.0
165000,6.0,1431,1099.0,0.0,1.0,9150.0,296.0,1962.0,NO-FENCE,0.0,CBlock,Lvl,NAmes,GasA,Gable,0.0
179600,7.0,1422,1422.0,0.0,2.0,8500.0,626.0,2004.0,NO-FENCE,0.0,PConc,Lvl,CollgCr,GasA,Gable,0.0
240000,6.0,1953,1580.0,874.0,2.0,53107.0,501.0,1992.0,NO-FENCE,0.0,PConc,Low,ClearCr,GasA,Gable,0.0
140000,4.0,1121,1121.0,0.0,2.0,8546.0,440.0,2003.0,NO-FENCE,0.0,PConc,Lvl,Edwards,GasA,Gable,0.0
317000,8.0,2473,1143.0,1330.0,3.0,9591.0,852.0,2004.0,NO-FENCE,0.0,PConc,Lvl,NridgHt,GasA,Gable,0.0
132000,5.0,1057,1057.0,0.0,2.0,7420.0,576.0,1962.0,NO-FENCE,0.0,CBlock,Lvl,Sawyer,GasA,Hip,0.0
165500,5.0,1110,1097.0,0.0,2.0,9101.0,602.0,1978.0,NO-FENCE,0.0,PConc,Lvl,Mitchel,GasA,Gable,0.0
290000,8.0,2270,1152.0,1106.0,3.0,11764.0,671.0,1999.0,NO-FENCE,0.0,PConc,Lvl,NoRidge,GasA,Gable,0.0
378500,9.0,2018,2002.0,0.0,3.0,13214.0,746.0,2008.0,NO-FENCE,0.0,PConc,HLS,Timber,GasA,Hip,0.0
158900,6.0,1386,672.0,714.0,2.0,11616.0,440.0,1978.0,GdPrv,0.0,CBlock,Lvl,Sawyer,GasA,Hip,0.0
252000,8.0,1953,1082.0,871.0,3.0,10574.0,1043.0,2005.0,NO-FENCE,0.0,PConc,Lvl,Somerst,GasA,Gable,0.0
180000,8.0,1337,1337.0,0.0,2.0,5395.0,462.0,1993.0,NO-FENCE,0.0,PConc,HLS,StoneBr,GasA,Gable,0.0
248000,8.0,2285,969.0,1288.0,3.0,11000.0,648.0,2000.0,NO-FENCE,0.0,PConc,Lvl,NoRidge,GasA,Gable,0.0
297000,8.0,1718,1705.0,0.0,3.0,10637.0,826.0,2007.0,NO-FENCE,0.0,PConc,Lvl,CollgCr,GasA,Hip,0.0
159950,5.0,1086,1024.0,0.0,2.0,13400.0,484.0,1966.0,GdWo,0.0,CBlock,Lvl,NAmes,GasA,Gable,0.0
174000,7.0,1555,1373.0,0.0,3.0,3684.0,660.0,2007.0,NO-FENCE,0.0,PConc,Lvl,Blmngtn,GasA,Hip,0.0
335000,7.0,1902,1902.0,0.0,2.0,17500.0,567.0,1959.0,NO-FENCE,0.0,PConc,Lvl,Crawfor,GasA,Gable,0.0
250000,7.0,2514,1216.0,1216.0,2.0,11170.0,693.0,1990.0,GdPrv,0.0,Wood,Lvl,Timber,GasA,Gable,0.0
153337,5.0,1224,1086.0,0.0,2.0,7018.0,528.0,1979.0,NO-FENCE,0.0,CBlock,Bnk,SawyerW,GasA,Gable,0.0
151000,6.0,1054,1054.0,0.0,2.0,9750.0,460.0,1969.0,NO-FENCE,0.0,CBlock,Lvl,NAmes,GasA,Gable,0.0
336000,8.0,2612,1225.0,1336.0,3.0,12203.0,676.0,1998.0,NO-FENCE,0.0,PConc,Lvl,NoRidge,GasA,Hip,0.0
125500,5.0,902,876.0,0.0,1.0,6173.0,288.0,1967.0,MnPrv,0.0,CBlock,Lvl,Sawyer,GasA,Gable,0.0
260000,7.0,2353,845.0,1200.0,2.0,13005.0,484.0,1980.0,GdPrv,0.0,CBlock,Lvl,NWAmes,GasA,Gable,0.0
161750,6.0,1392,689.0,703.0,1.0,10900.0,299.0,1977.0,MnPrv,0.0,CBlock,Lvl,CollgCr,GasA,Gable,0.0
148000,5.0,1155,1109.0,0.0,2.0,11782.0,576.0,1961.0,MnPrv,0.0,CBlock,Lvl,Sawyer,GasA,Gable,0.0
138000,5.0,1904,1208.0,768.0,1.0,7200.0,240.0,1950.0,GdPrv,0.0,CBlock,Lvl,NAmes,GasA,Gable,0.0
120000,6.0,1158,862.0,208.0,1.0,6000.0,208.0,1929.0,NO-FENCE,0.0,BrkTil,Lvl,BrkSide,GasA,Gable,0.0
128000,6.0,1362,611.0,611.0,2.0,6155.0,502.0,1920.0,NO-FENCE,0.0,BrkTil,Lvl,BrkSide,GasA,Gable,0.0
230000,7.0,2291,975.0,1286.0,2.0,8738.0,429.0,1999.0,NO-FENCE,0.0,PConc,Lvl,Gilbert,GasA,Gable,0.0
40000,4.0,1317,649.0,668.0,1.0,8500.0,250.0,1920.0,MnPrv,0.0,BrkTil,Lvl,IDOTRR,GasA,Gambrel,0.0
318000,8.0,1734,1734.0,0.0,3.0,12085.0,928.0,2007.0,NO-FENCE,0.0,PConc,Lvl,NridgHt,GasA,Hip,0.0
148000,6.0,1194,1194.0,0.0,1.0,8760.0,312.0,1959.0,NO-FENCE,0.0,CBlock,Lvl,NAmes,GasA,Hip,0.0
153900,5.0,1416,876.0,540.0,3.0,12665.0,720.0,1915.0,NO-FENCE,0.0,BrkTil,Lvl,OldTown,GasA,Gable,0.0
165000,5.0,1383,1383.0,0.0,1.0,13284.0,354.0,1954.0,GdPrv,0.0,PConc,Lvl,Sawyer,GasA,Gable,0.0
145000,5.0,2002,1001.0,1001.0,3.0,6270.0,871.0,1949.0,NO-FENCE,0.0,CBlock,HLS,Crawfor,GasA,Gable,0.0
225000,8.0,1496,1496.0,0.0,2.0,9158.0,474.0,2007.0,NO-FENCE,0.0,PConc,Lvl,Somerst,GasA,Gable,0.0
117000,5.0,1604,984.0,620.0,2.0,10998.0,660.0,1941.0,NO-FENCE,0.0,CBlock,Lvl,Edwards,GasA,Gable,0.0
73000,5.0,764,680.0,0.0,2.0,5232.0,504.0,1925.0,NO-FENCE,0.0,BrkTil,Bnk,OldTown,GasA,Gable,0.0
178000,6.0,1732,741.0,755.0,2.0,9206.0,476.0,1985.0,NO-FENCE,0.0,CBlock,Lvl,SawyerW,GasA,Gable,0.0
279500,7.0,1494,1494.0,0.0,3.0,10652.0,840.0,2006.0,NO-FENCE,0.0,PConc,Lvl,CollgCr,GasA,Gable,0.0
102000,6.0,986,960.0,0.0,1.0,6180.0,180.0,1926.0,NO-FENCE,0.0,BrkTil,Lvl,BrkSide,GasA,Gable,0.0
160200,7.0,1145,1145.0,0.0,2.0,3182.0,397.0,2005.0,NO-FENCE,0.0,PConc,Lvl,Blmngtn,GasA,Gable,0.0
128000,6.0,1484,742.0,742.0,0.0,6300.0,0.0,1914.0,NO-FENCE,0.0,CBlock,Lvl,OldTown,GasA,Gable,0.0
137500,6.0,1344,819.0,0.0,2.0,14375.0,525.0,1958.0,NO-FENCE,0.0,CBlock,Lvl,Timber,GasA,Gable,0.0
157500,5.0,1539,650.0,581.0,2.0,10440.0,686.0,1904.0,NO-FENCE,0.0,PConc,Lvl,OldTown,GasA,Gable,0.0
325000,9.0,2504,1122.0,1370.0,3.0,11198.0,656.0,2005.0,NO-FENCE,0.0,PConc,Lvl,StoneBr,GasA,Hip,0.0
79900,4.0,747,600.0,0.0,2.0,5825.0,528.0,1926.0,NO-FENCE,0.0,PConc,Lvl,BrkSide,GasA,Gable,0.0
274300,7.0,2097,1108.0,989.0,2.0,9750.0,583.0,1998.0,NO-FENCE,0.0,PConc,Lvl,CollgCr,GasA,Gable,0.0
184750,10.0,4676,3138.0,1538.0,3.0,40094.0,884.0,2007.0,NO-FENCE,0.0,PConc,Bnk,Edwards,GasA,Hip,0.0
134900,6.0,1176,698.0,390.0,2.0,6000.0,624.0,1937.0,NO-FENCE,0.0,BrkTil,Lvl,BrkSide,GasA,Gable,0.0
34900,4.0,720,720.0,0.0,0.0,7879.0,0.0,1920.0,GdWo,0.0,CBlock,Lvl,IDOTRR,GasA,Gable,0.0
235128,8.0,1580,1580.0,0.0,3.0,11932.0,830.0,2007.0,NO-FENCE,0.0,PConc,Lvl,Somerst,GasA,Gable,0.0
150000,4.0,1440,1440.0,0.0,0.0,7711.0,0.0,1977.0,NO-FENCE,0.0,PConc,Lvl,Edwards,GasA,Gable,0.0
173500,6.0,1476,738.0,738.0,2.0,8633.0,540.0,2005.0,NO-FENCE,0.0,PConc,Lvl,CollgCr,GasA,Gable,0.0
190000,7.0,1500,1500.0,0.0,2.0,8487.0,570.0,2004.0,NO-FENCE,0.0,PConc,Lvl,CollgCr,GasA,Gable,0.0
117000,5.0,1348,884.0,464.0,1.0,6000.0,216.0,1925.0,NO-FENCE,0.0,BrkTil,Lvl,BrkSide,GasA,Gable,0.0
146000,5.0,1200,,0.0,2.0,9230.0,884.0,1965.0,MnPrv,0.0,CBlock,Lvl,NAmes,GasA,Hip,0.0
159000,6.0,1394,1394.0,0.0,2.0,9500.0,514.0,1963.0,NO-FENCE,0.0,CBlock,Lvl,NAmes,GasA,Gable,0.0
173000,6.0,1632,800.0,832.0,2.0,9130.0,484.0,1966.0,NO-FENCE,0.0,CBlock,Lvl,NWAmes,GasA,Hip,0.0
125000,5.0,912,912.0,0.0,1.0,8521.0,336.0,1967.0,MnPrv,0.0,CBlock,Lvl,Sawyer,GasA,Gable,0.0
239000,6.0,2624,1370.0,1254.0,3.0,22420.0,864.0,1918.0,NO-FENCE,0.0,BrkTil,Lvl,Crawfor,GasW,Hip,0.0
143900,5.0,1696,1140.0,0.0,1.0,13673.0,349.0,1962.0,NO-FENCE,0.0,CBlock,Lvl,Sawyer,GasA,Gable,0.0
110000,5.0,1230,440.0,548.0,2.0,10440.0,440.0,1910.0,MnPrv,0.0,PConc,Lvl,OldTown,GasA,Gable,0.0
315000,8.0,2727,853.0,1178.0,2.0,10570.0,440.0,1932.0,NO-FENCE,0.0,CBlock,Bnk,Crawfor,GasA,Hip,0.0
172785,6.0,1456,728.0,728.0,2.0,15578.0,429.0,2006.0,NO-FENCE,0.0,PConc,Lvl,Gilbert,GasA,Gable,0.0
120500,4.0,864,864.0,0.0,2.0,6960.0,660.0,1970.0,NO-FENCE,0.0,CBlock,Lvl,NAmes,GasA,Gable,0.0
130000,6.0,1709,970.0,739.0,2.0,2522.0,380.0,2004.0,NO-FENCE,0.0,PConc,Lvl,Edwards,GasA,Gable,0.0
227000,8.0,1665,810.0,855.0,2.0,8400.0,528.0,2001.0,NO-FENCE,0.0,PConc,Lvl,NWAmes,GasA,Gable,0.0
260000,7.0,2646,1347.0,1274.0,3.0,9900.0,656.0,1993.0,NO-FENCE,0.0,PConc,Low,NoRidge,GasA,Gable,0.0
183000,7.0,1640,798.0,842.0,2.0,7226.0,595.0,2003.0,NO-FENCE,0.0,PConc,Lvl,CollgCr,GasA,Gable,0.0
95000,3.0,1699,978.0,685.0,2.0,10615.0,420.0,1900.0,NO-FENCE,0.0,CBlock,Bnk,OldTown,GasA,Gable,0.0
256000,4.0,1663,1364.0,0.0,2.0,53227.0,529.0,1954.0,NO-FENCE,0.0,CBlock,Low,ClearCr,GasA,Flat,0.0
125000,5.0,1728,1728.0,0.0,2.0,9100.0,504.0,1963.0,NO-FENCE,0.0,CBlock,Lvl,Sawyer,GasA,Gable,0.0
189000,6.0,1845,1055.0,790.0,2.0,11218.0,462.0,1992.0,GdPrv,0.0,PConc,Lvl,SawyerW,GasA,Gable,0.0
187000,6.0,1851,822.0,831.0,2.0,9760.0,440.0,1964.0,MnWw,0.0,CBlock,Lvl,NAmes,GasA,Hip,0.0
232600,8.0,1489,1489.0,0.0,2.0,11216.0,776.0,2006.0,NO-FENCE,0.0,PConc,Lvl,Somerst,GasA,Gable,0.0
127500,6.0,864,864.0,0.0,1.0,9100.0,300.0,1959.0,NO-FENCE,0.0,CBlock,Lvl,NAmes,GasA,Hip,0.0
147500,5.0,1256,1256.0,0.0,1.0,9937.0,276.0,1965.0,NO-FENCE,0.0,CBlock,Lvl,Edwards,GasA,Gable,0.0
138000,5.0,816,816.0,0.0,2.0,6600.0,816.0,1982.0,NO-FENCE,0.0,PConc,Lvl,Mitchel,GasA,Gable,0.0
201800,7.0,1820,864.0,918.0,2.0,13700.0,492.0,1965.0,GdPrv,0.0,CBlock,Lvl,NAmes,GasA,Gable,0.0
238000,7.0,2127,1104.0,1215.0,3.0,13125.0,833.0,1991.0,GdPrv,0.0,PConc,Lvl,SawyerW,GasA,Gable,0.0
126500,5.0,1065,1065.0,0.0,2.0,8892.0,461.0,1960.0,NO-FENCE,0.0,CBlock,Lvl,NAmes,GasA,Gable,0.0
125000,6.0,1200,1200.0,0.0,1.0,11340.0,312.0,1923.0,NO-FENCE,0.0,BrkTil,Lvl,OldTown,GasA,Gable,0.0
206000,7.0,1208,1187.0,0.0,2.0,6762.0,632.0,2006.0,NO-FENCE,0.0,PConc,Lvl,CollgCr,GasA,Gable,0.0
281213,8.0,2482,1094.0,1349.0,3.0,12665.0,642.0,2005.0,NO-FENCE,0.0,PConc,Lvl,Timber,GasA,Hip,0.0
260400,7.0,1720,1720.0,0.0,2.0,10593.0,527.0,1996.0,NO-FENCE,0.0,PConc,Lvl,NoRidge,GasA,Hip,0.0
87000,5.0,840,672.0,0.0,0.0,4388.0,0.0,1930.0,NO-FENCE,0.0,BrkTil,Bnk,OldTown,GasA,Gable,0.0
179200,6.0,1294,1278.0,0.0,2.0,7153.0,496.0,1991.0,GdWo,0.0,CBlock,Lvl,SawyerW,GasA,Gable,0.0
157000,5.0,1090,1090.0,0.0,2.0,7024.0,450.0,2005.0,NO-FENCE,0.0,PConc,Lvl,Edwards,GasA,Gable,0.0
258000,8.0,2263,1141.0,1098.0,2.0,12090.0,420.0,1998.0,NO-FENCE,0.0,PConc,Lvl,NoRidge,GasA,Hip,0.0
122000,5.0,969,969.0,0.0,2.0,10356.0,440.0,1975.0,MnPrv,0.0,CBlock,Lvl,CollgCr,GasA,Gable,0.0
81000,3.0,894,894.0,0.0,3.0,18000.0,1248.0,1935.0,NO-FENCE,0.0,CBlock,Low,IDOTRR,GasA,Gable,0.0
115000,5.0,1028,1008.0,0.0,2.0,8960.0,360.0,1927.0,NO-FENCE,0.0,CBlock,Lvl,OldTown,GasA,Gable,0.0
145000,6.0,1958,979.0,979.0,2.0,7136.0,492.0,1946.0,NO-FENCE,0.0,CBlock,HLS,Crawfor,GasA,Gable,0.0
147000,8.0,1795,1795.0,0.0,3.0,9986.0,895.0,2006.0,NO-FENCE,0.0,PConc,Lvl,Somerst,GasA,Gable,0.0
395192,9.0,1940,1930.0,0.0,3.0,10159.0,606.0,2009.0,NO-FENCE,0.0,PConc,Lvl,NridgHt,GasA,Hip,0.0
157000,5.0,1178,1176.0,0.0,2.0,10000.0,439.0,1973.0,MnPrv,0.0,CBlock,Lvl,NWAmes,GasA,Gable,0.0
140000,6.0,1482,672.0,672.0,1.0,12155.0,400.0,1925.0,NO-FENCE,0.0,BrkTil,Lvl,SWISU,GasA,Gable,0.0
227680,7.0,1428,1417.0,0.0,2.0,12274.0,554.0,2008.0,NO-FENCE,0.0,PConc,Lvl,Somerst,GasA,Gable,0.0
133500,5.0,864,864.0,0.0,1.0,15523.0,338.0,1972.0,NO-FENCE,0.0,CBlock,Lvl,CollgCr,GasA,Gable,0.0
95000,5.0,1111,616.0,495.0,1.0,9084.0,200.0,1941.0,NO-FENCE,0.0,CBlock,Lvl,Edwards,GasA,Gable,0.0
185000,6.0,1470,680.0,790.0,2.0,9765.0,420.0,1993.0,NO-FENCE,0.0,PConc,Lvl,Gilbert,GasA,Gable,0.0
160000,6.0,1116,1116.0,0.0,2.0,10000.0,440.0,1962.0,NO-FENCE,0.0,CBlock,Lvl,NAmes,GasA,Hip,0.0
120000,6.0,864,864.0,0.0,1.0,7332.0,288.0,1959.0,NO-FENCE,0.0,CBlock,Lvl,NAmes,GasA,Gable,0.0
153000,5.0,1297,1297.0,0.0,2.0,8532.0,498.0,1954.0,NO-FENCE,0.0,CBlock,Lvl,NAmes,GasA,Hip,0.0
147000,5.0,1113,1113.0,0.0,1.0,9600.0,264.0,1950.0,NO-FENCE,0.0,CBlock,Lvl,NAmes,GasA,Gable,0.0
204000,7.0,1501,1490.0,0.0,2.0,10335.0,577.0,1999.0,NO-FENCE,0.0,PConc,Lvl,CollgCr,GasA,Gable,0.0
215200,7.0,1547,756.0,783.0,2.0,8640.0,614.0,2009.0,NO-FENCE,0.0,PConc,Lvl,Somerst,GasA,Gable,0.0
254900,7.0,1947,991.0,956.0,2.0,12552.0,678.0,2004.0,GdWo,0.0,PConc,Lvl,Somerst,GasA,Gable,0.0
255500,8.0,1717,1709.0,0.0,3.0,11146.0,908.0,2006.0,NO-FENCE,0.0,PConc,Lvl,NridgHt,GasA,Gable,0.0
155000,6.0,1052,1010.0,0.0,2.0,8816.0,440.0,1971.0,MnPrv,0.0,CBlock,Lvl,ClearCr,GasA,Gable,0.0
269790,7.0,2013,1117.0,886.0,2.0,9920.0,455.0,1996.0,NO-FENCE,0.0,PConc,Lvl,NoRidge,GasA,Gable,0.0
159895,7.0,1266,1266.0,0.0,2.0,3182.0,388.0,2007.0,NO-FENCE,0.0,PConc,Lvl,Blmngtn,GasA,Gable,0.0
556581,9.0,2868,1992.0,876.0,3.0,16056.0,716.0,2005.0,NO-FENCE,0.0,PConc,Lvl,StoneBr,GasA,Hip,0.0
236000,7.0,2256,952.0,1276.0,2.0,8795.0,554.0,2000.0,NO-FENCE,0.0,PConc,Lvl,Gilbert,GasA,Gable,0.0
185500,7.0,1414,1414.0,0.0,2.0,8773.0,494.0,2004.0,NO-FENCE,0.0,PConc,Lvl,CollgCr,GasA,Gable,0.0
201000,6.0,1721,928.0,785.0,2.0,8462.0,471.0,1994.0,NO-FENCE,0.0,PConc,Lvl,SawyerW,GasA,Gable,0.0
179900,6.0,1552,713.0,741.0,2.0,11475.0,434.0,1975.0,MnPrv,0.0,CBlock,Lvl,NWAmes,GasA,Gable,0.0
68400,4.0,1128,698.0,430.0,2.0,7500.0,528.0,1920.0,NO-FENCE,0.0,CBlock,Lvl,IDOTRR,GasA,Gable,0.0
171000,6.0,1118,1096.0,0.0,1.0,9880.0,358.0,1977.0,GdPrv,576.0,CBlock,Lvl,Mitchel,GasA,Gable,3.0
150900,6.0,1728,1728.0,0.0,2.0,12640.0,574.0,1976.0,NO-FENCE,0.0,CBlock,Lvl,Mitchel,GasA,Gable,0.0
402000,8.0,2448,1629.0,762.0,3.0,46589.0,711.0,1994.0,NO-FENCE,0.0,PConc,Lvl,NoRidge,GasA,Hip,0.0
143000,5.0,1473,1437.0,0.0,1.0,25095.0,452.0,1968.0,NO-FENCE,0.0,CBlock,Low,ClearCr,GasA,Flat,0.0
187500,7.0,1717,1156.0,530.0,2.0,13758.0,400.0,1990.0,NO-FENCE,0.0,CBlock,Lvl,Timber,GasA,Gable,0.0
190000,7.0,1166,856.0,0.0,2.0,9587.0,400.0,2005.0,NO-FENCE,0.0,PConc,Lvl,Gilbert,GasA,Gable,0.0
202500,8.0,1370,1370.0,0.0,2.0,6442.0,484.0,2006.0,NO-FENCE,0.0,PConc,Lvl,NridgHt,GasA,Gable,0.0
197900,6.0,1724,1680.0,0.0,2.0,17871.0,480.0,1967.0,NO-FENCE,0.0,CBlock,Lvl,NWAmes,GasA,Gable,0.0
130000,7.0,1709,970.0,739.0,2.0,2522.0,380.0,2004.0,NO-FENCE,0.0,PConc,Lvl,Edwards,GasA,Gable,0.0
89500,6.0,987,483.0,504.0,1.0,1680.0,264.0,1971.0,NO-FENCE,0.0,CBlock,Lvl,BrDale,GasA,Gable,0.0
200100,7.0,1802,793.0,901.0,1.0,7588.0,216.0,1920.0,NO-FENCE,0.0,BrkTil,Lvl,Crawfor,GasA,Gable,0.0
239000,6.0,2345,952.0,1175.0,2.0,16560.0,360.0,1932.0,NO-FENCE,0.0,BrkTil,Lvl,Crawfor,GasA,Gable,0.0
154500,6.0,1068,1059.0,0.0,1.0,8414.0,264.0,1963.0,MnPrv,0.0,CBlock,Lvl,Sawyer,GasA,Hip,0.0
193000,6.0,1617,1604.0,0.0,2.0,8012.0,533.0,1993.0,NO-FENCE,0.0,PConc,Lvl,SawyerW,GasA,Gable,0.0
150000,6.0,1244,1244.0,0.0,1.0,11988.0,336.0,1957.0,NO-FENCE,0.0,CBlock,Lvl,NAmes,GasA,Gable,0.0
137500,4.0,1180,700.0,0.0,1.0,11600.0,252.0,1922.0,NO-FENCE,0.0,BrkTil,Lvl,Crawfor,GasA,Gable,0.0
147400,7.0,1223,600.0,623.0,2.0,2544.0,480.0,2005.0,NO-FENCE,0.0,PConc,Lvl,Somerst,GasA,Gable,0.0
207500,6.0,1686,1686.0,0.0,2.0,10240.0,612.0,1980.0,NO-FENCE,0.0,CBlock,Lvl,NWAmes,GasA,Gable,0.0
293077,8.0,1646,1638.0,0.0,3.0,9520.0,800.0,2007.0,NO-FENCE,0.0,PConc,HLS,Timber,GasA,Gable,0.0
131400,5.0,1144,864.0,0.0,1.0,10000.0,264.0,1961.0,GdWo,0.0,CBlock,Lvl,Sawyer,GasA,Hip,0.0
213500,7.0,1797,939.0,858.0,2.0,9245.0,639.0,2006.0,NO-FENCE,0.0,PConc,Lvl,CollgCr,GasA,Gable,0.0
101800,4.0,1224,0.0,0.0,2.0,9842.0,462.0,1962.0,NO-FENCE,0.0,Slab,Lvl,NAmes,GasA,Gable,0.0
235000,7.0,1865,992.0,873.0,3.0,10316.0,839.0,2000.0,NO-FENCE,0.0,PConc,Lvl,CollgCr,GasA,Gable,0.0
139000,5.0,1056,1056.0,0.0,1.0,8176.0,308.0,1958.0,NO-FENCE,0.0,CBlock,Lvl,NAmes,GasA,Gable,0.0
485000,9.0,3140,1926.0,1174.0,3.0,13518.0,820.0,2008.0,NO-FENCE,0.0,PConc,Lvl,NridgHt,GasA,Hip,0.0
151000,6.0,1212,506.0,0.0,2.0,8471.0,492.0,1977.0,GdWo,0.0,CBlock,Lvl,Sawyer,GasA,Gable,0.0
307000,8.0,1694,1686.0,0.0,2.0,10084.0,636.0,2004.0,NO-FENCE,0.0,PConc,Lvl,Somerst,GasA,Gable,0.0
185000,6.0,1511,802.0,709.0,2.0,11207.0,413.0,1997.0,NO-FENCE,0.0,PConc,HLS,Gilbert,GasA,Gable,0.0
109000,5.0,1057,1057.0,0.0,1.0,7922.0,246.0,1953.0,NO-FENCE,0.0,CBlock,Lvl,NAmes,GasA,Gable,0.0
122500,4.0,2290,777.0,1044.0,2.0,11340.0,560.0,1885.0,NO-FENCE,0.0,PConc,Lvl,OldTown,GasA,Gable,0.0
229000,7.0,2183,1204.0,806.0,3.0,13837.0,786.0,1988.0,NO-FENCE,0.0,PConc,Lvl,NWAmes,GasA,Gable,0.0
320000,7.0,3222,1673.0,1523.0,3.0,12376.0,594.0,1990.0,NO-FENCE,0.0,PConc,Lvl,SawyerW,GasA,Hip,0.0
191000,7.0,1716,880.0,807.0,2.0,8750.0,512.0,1996.0,NO-FENCE,0.0,PConc,Lvl,CollgCr,GasA,Gable,0.0
161500,6.0,1342,1372.0,0.0,2.0,9790.0,457.0,1967.0,NO-FENCE,0.0,CBlock,Lvl,NWAmes,GasA,Gable,0.0
191000,7.0,1504,1346.0,0.0,2.0,3182.0,437.0,2005.0,NO-FENCE,0.0,PConc,Lvl,Blmngtn,GasA,Gable,0.0
250000,8.0,1992,1053.0,939.0,2.0,9375.0,648.0,2003.0,NO-FENCE,0.0,PConc,Lvl,Somerst,GasA,Hip,0.0
160000,7.0,1252,600.0,628.0,2.0,2160.0,462.0,1999.0,NO-FENCE,0.0,PConc,Lvl,Somerst,GasA,Gable,0.0
132500,5.0,999,999.0,0.0,1.0,7758.0,264.0,1962.0,NO-FENCE,0.0,CBlock,Lvl,Sawyer,GasA,Gable,0.0
125500,4.0,1363,622.0,622.0,2.0,7740.0,528.0,1910.0,NO-FENCE,0.0,CBlock,Lvl,OldTown,GasA,Gable,0.0
174900,6.0,1165,1127.0,0.0,2.0,9020.0,490.0,1966.0,GdPrv,0.0,CBlock,Lvl,NAmes,GasA,Gable,0.0
285000,9.0,1668,1626.0,0.0,3.0,11248.0,702.0,2002.0,NO-FENCE,0.0,PConc,Lvl,CollgCr,GasA,Hip,0.0
325300,8.0,2376,1158.0,1218.0,3.0,14215.0,853.0,2005.0,NO-FENCE,0.0,PConc,Lvl,NridgHt,GasA,Gable,0.0
79000,5.0,1440,540.0,551.0,1.0,5000.0,352.0,1900.0,NO-FENCE,0.0,BrkTil,Lvl,OldTown,GasA,Gable,0.0
177000,6.0,1470,794.0,676.0,2.0,13869.0,388.0,1997.0,NO-FENCE,0.0,PConc,Lvl,Gilbert,GasA,Gable,0.0
220000,7.0,1541,1541.0,0.0,2.0,12182.0,532.0,2005.0,NO-FENCE,0.0,PConc,Lvl,NridgHt,GasA,Gable,0.0
118000,4.0,1440,1440.0,0.0,0.0,12108.0,0.0,1955.0,NO-FENCE,0.0,CBlock,Lvl,Edwards,GasA,Gable,0.0
187500,7.0,1146,868.0,0.0,2.0,9590.0,438.0,2003.0,NO-FENCE,0.0,PConc,Lvl,Timber,GasA,Gable,0.0
270000,8.0,1494,1494.0,0.0,2.0,9549.0,481.0,1995.0,NO-FENCE,0.0,PConc,Lvl,Veenker,GasA,Hip,0.0
350000,9.0,2224,1462.0,762.0,3.0,8834.0,738.0,2004.0,NO-FENCE,0.0,PConc,Lvl,NridgHt,GasA,Hip,0.0
154900,5.0,1343,731.0,523.0,1.0,7681.0,186.0,1921.0,NO-FENCE,0.0,BrkTil,Lvl,Crawfor,GasA,Gable,0.0
267000,8.0,2452,1028.0,1242.0,2.0,16226.0,683.0,1998.0,NO-FENCE,0.0,PConc,Lvl,CollgCr,GasA,Gable,0.0
165000,6.0,1977,816.0,850.0,2.0,9500.0,540.0,1964.0,GdPrv,0.0,CBlock,Lvl,NAmes,GasA,Gable,0.0
239000,7.0,1767,1064.0,703.0,2.0,5306.0,504.0,1987.0,NO-FENCE,0.0,PConc,Lvl,StoneBr,GasA,Gable,0.0
254000,8.0,1324,1324.0,0.0,2.0,6240.0,550.0,2006.0,NO-FENCE,0.0,PConc,Lvl,NridgHt,GasA,Hip,0.0
97500,6.0,1458,912.0,546.0,1.0,17503.0,330.0,1948.0,NO-FENCE,0.0,CBlock,Lvl,NAmes,GasA,Gable,0.0
176432,6.0,1314,1314.0,0.0,2.0,9317.0,440.0,2006.0,NO-FENCE,0.0,PConc,Lvl,CollgCr,GasA,Gable,0.0
179200,6.0,1575,1575.0,0.0,2.0,8012.0,529.0,1992.0,NO-FENCE,0.0,PConc,Lvl,SawyerW,GasA,Gable,0.0
315500,9.0,1620,1620.0,0.0,3.0,12898.0,912.0,2007.0,NO-FENCE,0.0,PConc,HLS,Timber,GasA,Hip,0.0
161500,4.0,1788,1104.0,684.0,1.0,11250.0,304.0,1957.0,NO-FENCE,0.0,CBlock,Lvl,ClearCr,GasA,Gable,0.0
129000,6.0,913,814.0,0.0,1.0,8400.0,240.0,1966.0,NO-FENCE,0.0,CBlock,Lvl,Sawyer,GasA,Gable,0.0
210000,6.0,2073,1542.0,0.0,2.0,13175.0,500.0,1978.0,MnPrv,,CBlock,Lvl,NWAmes,GasA,Gable,0.0
174000,8.0,1441,776.0,677.0,2.0,2645.0,492.0,1999.0,NO-FENCE,0.0,PConc,Lvl,Somerst,GasA,Gable,0.0
144000,7.0,1690,815.0,875.0,1.0,8850.0,225.0,1916.0,NO-FENCE,0.0,BrkTil,Bnk,OldTown,GasA,Gable,0.0
168000,5.0,1437,1188.0,0.0,2.0,14175.0,576.0,1956.0,NO-FENCE,0.0,CBlock,Bnk,Sawyer,GasA,Gable,0.0
262500,7.0,2156,1568.0,0.0,2.0,20781.0,508.0,1968.0,NO-FENCE,0.0,CBlock,Lvl,NWAmes,GasA,Hip,0.0
98000,5.0,864,864.0,0.0,0.0,5604.0,0.0,1925.0,NO-FENCE,0.0,CBlock,Lvl,Edwards,GasA,Gable,0.0
85000,5.0,1112,536.0,576.0,1.0,2592.0,336.0,1976.0,NO-FENCE,0.0,CBlock,Lvl,MeadowV,GasA,Gable,0.0
225000,7.0,2243,700.0,1121.0,3.0,13474.0,746.0,1990.0,NO-FENCE,0.0,CBlock,Lvl,SawyerW,GasA,Gable,0.0
107000,4.0,1328,686.0,518.0,1.0,9906.0,210.0,1925.0,NO-FENCE,0.0,CBlock,Lvl,OldTown,GasA,Gable,0.0
64500,4.0,968,656.0,0.0,1.0,10800.0,216.0,1927.0,NO-FENCE,0.0,BrkTil,Lvl,OldTown,GasA,Gable,0.0
153575,6.0,1396,698.0,698.0,1.0,8730.0,384.0,1915.0,NO-FENCE,0.0,BrkTil,Lvl,BrkSide,GasA,Gable,0.0
394432,9.0,1856,1856.0,0.0,3.0,11394.0,834.0,2010.0,NO-FENCE,0.0,PConc,Lvl,StoneBr,GasA,Hip,0.0
325624,8.0,2161,1582.0,551.0,3.0,10562.0,789.0,2007.0,NO-FENCE,0.0,PConc,Lvl,NridgHt,GasA,Gable,0.0
215000,6.0,1602,1602.0,0.0,2.0,16635.0,529.0,1977.0,NO-FENCE,0.0,CBlock,Lvl,NWAmes,GasA,Gable,0.0
112000,5.0,1302,630.0,672.0,1.0,1680.0,280.0,1971.0,NO-FENCE,0.0,CBlock,Lvl,BrDale,GasA,Gable,0.0
183200,6.0,1509,783.0,702.0,2.0,7861.0,393.0,2002.0,NO-FENCE,0.0,PConc,Lvl,Gilbert,GasA,Gable,0.0
144000,5.0,912,912.0,0.0,1.0,12968.0,352.0,1962.0,NO-FENCE,0.0,CBlock,Lvl,Sawyer,GasA,Hip,0.0
159000,6.0,1664,1004.0,660.0,2.0,5000.0,420.0,1947.0,NO-FENCE,0.0,CBlock,Lvl,BrkSide,GasA,Gable,0.0
136500,6.0,1694,1181.0,304.0,2.0,8400.0,576.0,1925.0,NO-FENCE,0.0,PConc,Bnk,SWISU,GasA,Gable,0.0
80000,4.0,747,747.0,0.0,1.0,4608.0,220.0,1945.0,NO-FENCE,0.0,CBlock,Lvl,OldTown,GasA,Gable,0.0
109900,4.0,1040,0.0,0.0,2.0,7200.0,420.0,1950.0,NO-FENCE,0.0,Slab,Lvl,NAmes,GasA,Gable,0.0
195000,7.0,1660,831.0,829.0,2.0,8935.0,493.0,2002.0,NO-FENCE,0.0,PConc,Lvl,CollgCr,GasA,Gable,0.0
127000,5.0,1691,1026.0,665.0,1.0,5000.0,308.0,1924.0,NO-FENCE,0.0,BrkTil,Lvl,SWISU,GasA,Gable,0.0
129000,5.0,864,864.0,0.0,2.0,7200.0,720.0,1950.0,NO-FENCE,0.0,CBlock,Lvl,NAmes,GasA,Gable,0.0
125000,6.0,752,744.0,0.0,1.0,7175.0,264.0,1984.0,MnPrv,0.0,CBlock,Lvl,SawyerW,GasA,Gable,0.0
231500,7.0,1792,963.0,829.0,2.0,12435.0,564.0,2001.0,NO-FENCE,0.0,PConc,Lvl,CollgCr,GasA,Gable,0.0
175500,7.0,1626,764.0,862.0,2.0,2628.0,474.0,2003.0,NO-FENCE,0.0,PConc,Lvl,NridgHt,GasA,Gable,0.0
265900,8.0,1484,1476.0,0.0,2.0,9037.0,472.0,2006.0,NO-FENCE,0.0,PConc,HLS,Timber,GasA,Hip,0.0
295000,7.0,3493,1470.0,1818.0,3.0,18386.0,870.0,1880.0,NO-FENCE,0.0,BrkTil,Lvl,OldTown,GasA,Gable,0.0
325000,9.0,1652,1652.0,0.0,2.0,13173.0,840.0,2006.0,NO-FENCE,0.0,PConc,Lvl,NridgHt,GasA,Hip,0.0
60000,5.0,1276,1276.0,0.0,1.0,9571.0,350.0,1958.0,NO-FENCE,0.0,CBlock,Lvl,Edwards,GasA,Gable,0.0
140000,6.0,1668,856.0,556.0,1.0,9600.0,271.0,1950.0,MnPrv,0.0,CBlock,Lvl,NAmes,GasA,Gable,0.0
135000,4.0,1192,720.0,472.0,0.0,10800.0,0.0,1949.0,NO-FENCE,0.0,CBlock,Lvl,NAmes,GasA,Gable,0.0
144000,5.0,884,840.0,0.0,2.0,9180.0,504.0,1983.0,MnPrv,0.0,CBlock,Lvl,SawyerW,,Gable,0.0
277000,7.0,2062,1157.0,882.0,2.0,14364.0,454.0,1988.0,NO-FENCE,0.0,CBlock,Low,SawyerW,GasA,Gable,0.0
107500,5.0,827,0.0,0.0,1.0,7200.0,392.0,1955.0,NO-FENCE,0.0,Slab,Lvl,NAmes,GasA,Gable,0.0
167500,7.0,2019,728.0,883.0,2.0,11414.0,532.0,1910.0,GdPrv,0.0,BrkTil,Lvl,BrkSide,GasA,Gable,0.0
115000,5.0,1304,264.0,688.0,1.0,2665.0,336.0,1976.0,NO-FENCE,0.0,PConc,Lvl,MeadowV,GasA,Gable,0.0
114504,6.0,1368,684.0,684.0,1.0,3600.0,216.0,1910.0,NO-FENCE,0.0,CBlock,Lvl,OldTown,GasA,Gable,0.0
107400,3.0,1605,840.0,765.0,1.0,5790.0,379.0,1915.0,NO-FENCE,0.0,CBlock,Lvl,OldTown,GasA,Gambrel,0.0
402861,10.0,2020,2006.0,0.0,3.0,12220.0,900.0,2009.0,NO-FENCE,0.0,CBlock,Lvl,NridgHt,GasA,Hip,0.0
164700,7.0,1250,625.0,625.0,2.0,4251.0,528.0,2006.0,NO-FENCE,0.0,PConc,Lvl,Somerst,GasA,Gable,0.0
262000,8.0,1624,1624.0,0.0,3.0,12461.0,757.0,1994.0,GdPrv,0.0,PConc,Lvl,NoRidge,GasA,Gable,0.0
129500,4.0,845,845.0,0.0,2.0,7599.0,360.0,1982.0,NO-FENCE,0.0,CBlock,Lvl,Mitchel,GasA,Gable,0.0
170000,5.0,1389,1389.0,0.0,2.0,10010.0,418.0,1974.0,NO-FENCE,0.0,CBlock,Lvl,Mitchel,GasA,Gable,0.0
100000,5.0,968,968.0,0.0,2.0,8520.0,480.0,1923.0,NO-FENCE,0.0,CBlock,Lvl,OldTown,GasA,Gable,0.0
75000,4.0,1092,546.0,,1.0,2001.0,286.0,1970.0,NO-FENCE,0.0,CBlock,Lvl,MeadowV,GasA,Gable,0.0
144000,6.0,848,848.0,0.0,2.0,4435.0,420.0,2003.0,NO-FENCE,0.0,PConc,Lvl,CollgCr,GasA,Gable,0.0
155000,5.0,1269,1269.0,0.0,1.0,7931.0,308.0,1960.0,NO-FENCE,0.0,CBlock,Lvl,NAmes,GasA,Gable,0.0
139000,5.0,1092,1092.0,0.0,1.0,11616.0,288.0,1962.0,NO-FENCE,0.0,CBlock,Lvl,Sawyer,GasA,Gable,0.0
235000,7.0,2263,795.0,795.0,2.0,16659.0,539.0,1977.0,NO-FENCE,0.0,CBlock,Lvl,NWAmes,GasA,,0.0
135750,4.0,952,952.0,0.0,1.0,8475.0,283.0,1956.0,NO-FENCE,0.0,CBlock,Lvl,NAmes,GasA,Gable,0.0
113000,4.0,1452,736.0,716.0,0.0,4456.0,0.0,1920.0,NO-FENCE,0.0,BrkTil,Lvl,OldTown,GasA,Gable,0.0
131500,5.0,1039,1039.0,0.0,2.0,11625.0,504.0,1965.0,NO-FENCE,0.0,PConc,Lvl,Sawyer,GasA,Hip,0.0
162000,6.0,1204,1204.0,0.0,2.0,4500.0,412.0,1998.0,NO-FENCE,0.0,PConc,Lvl,Mitchel,GasA,Hip,0.0
107000,6.0,1117,1029.0,0.0,2.0,7819.0,672.0,1976.0,MnPrv,0.0,CBlock,Lvl,Edwards,GasA,Gable,0.0
271900,7.0,2196,2158.0,0.0,3.0,14684.0,701.0,1990.0,NO-FENCE,0.0,CBlock,Lvl,SawyerW,GasA,Hip,0.0
149900,5.0,985,985.0,0.0,1.0,8385.0,328.0,1977.0,NO-FENCE,0.0,CBlock,Lvl,CollgCr,GasA,Gable,0.0
284000,8.0,1629,3206.0,0.0,3.0,10655.0,880.0,2003.0,NO-FENCE,0.0,PConc,Lvl,NridgHt,GasA,Gable,0.0
145000,7.0,1477,861.0,600.0,1.0,6292.0,216.0,1928.0,NO-FENCE,0.0,BrkTil,Lvl,SWISU,GasA,Gable,0.0
135000,5.0,980,980.0,0.0,2.0,7064.0,484.0,1977.0,NO-FENCE,0.0,CBlock,Lvl,Sawyer,GasA,Gable,0.0
268000,7.0,2295,1095.0,1129.0,2.0,13346.0,590.0,1992.0,NO-FENCE,0.0,PConc,Lvl,NoRidge,GasA,Gable,0.0
165000,6.0,1502,602.0,602.0,1.0,10592.0,180.0,1923.0,NO-FENCE,0.0,PConc,Lvl,Crawfor,GasA,Hip,0.0
274970,6.0,2201,697.0,626.0,2.0,19690.0,432.0,1966.0,GdPrv,738.0,CBlock,Lvl,Edwards,GasA,Flat,3.0
339750,8.0,2078,1034.0,1028.0,3.0,10800.0,836.0,2007.0,NO-FENCE,0.0,PConc,Lvl,Somerst,GasA,Gable,0.0
60000,2.0,800,264.0,0.0,0.0,6120.0,0.0,1936.0,NO-FENCE,0.0,BrkTil,Lvl,BrkSide,Grav,Gable,0.0
287090,8.0,1578,1573.0,0.0,3.0,9262.0,840.0,2008.0,NO-FENCE,0.0,PConc,Lvl,Somerst,GasA,Gable,0.0
394617,8.0,1932,1932.0,0.0,3.0,12444.0,774.0,2008.0,NO-FENCE,0.0,PConc,Lvl,NridgHt,GasA,Hip,0.0
127000,5.0,1507,1075.0,0.0,1.0,7910.0,404.0,1960.0,GdWo,0.0,CBlock,Lvl,NAmes,GasA,Hip,0.0
122000,5.0,900,882.0,0.0,1.0,9819.0,280.0,1967.0,MnPrv,0.0,CBlock,Lvl,Sawyer,GasA,Gable,0.0
337500,10.0,1718,1700.0,0.0,3.0,12456.0,786.0,2006.0,NO-FENCE,0.0,PConc,Lvl,NridgHt,GasA,Hip,0.0
124000,5.0,1750,636.0,661.0,1.0,9000.0,240.0,1880.0,MnPrv,0.0,BrkTil,Lvl,OldTown,GasA,Gable,0.0
315750,7.0,2398,1379.0,1015.0,3.0,11787.0,834.0,1996.0,NO-FENCE,0.0,PConc,Lvl,NoRidge,GasA,Gable,0.0
269500,8.0,1968,774.0,1194.0,3.0,12003.0,680.0,2009.0,NO-FENCE,0.0,PConc,Lvl,Timber,GasA,Gable,0.0
214000,7.0,1536,1536.0,0.0,2.0,9135.0,532.0,2002.0,NO-FENCE,0.0,PConc,Lvl,CollgCr,GasA,Gable,0.0
58500,3.0,864,864.0,0.0,1.0,8212.0,200.0,1914.0,NO-FENCE,0.0,BrkTil,Lvl,Edwards,GasA,Gable,0.0
430000,8.0,3228,3200.0,0.0,2.0,12692.0,546.0,1992.0,NO-FENCE,0.0,PConc,Lvl,NoRidge,GasA,Hip,0.0
239686,7.0,2149,1434.0,631.0,2.0,12822.0,670.0,2003.0,NO-FENCE,0.0,PConc,Lvl,Mitchel,GasA,Gable,0.0
265979,7.0,2640,1240.0,1320.0,4.0,11700.0,864.0,1880.0,NO-FENCE,0.0,Stone,Lvl,OldTown,GasW,Mansard,0.0
174000,7.0,1682,1304.0,0.0,2.0,10400.0,530.0,1970.0,MnPrv,0.0,PConc,Lvl,NWAmes,GasA,Hip,0.0
275500,8.0,2098,1030.0,1060.0,3.0,10240.0,878.0,2005.0,NO-FENCE,0.0,PConc,Lvl,NridgHt,GasA,Gable,0.0
62383,5.0,864,864.0,0.0,1.0,8281.0,360.0,1965.0,GdWo,0.0,CBlock,Lvl,Sawyer,GasA,Gable,0.0
172000,5.0,1968,784.0,800.0,2.0,11075.0,530.0,1969.0,MnPrv,0.0,CBlock,Lvl,Mitchel,GasA,Gable,0.0
152000,6.0,1097,1040.0,0.0,2.0,9672.0,480.0,1984.0,GdPrv,0.0,PConc,Lvl,SawyerW,GasA,Hip,0.0
110000,6.0,1196,684.0,512.0,2.0,12354.0,528.0,,GdPrv,0.0,BrkTil,Lvl,Edwards,GasA,Gable,0.0
172500,5.0,1920,1052.0,668.0,2.0,13650.0,451.0,1958.0,NO-FENCE,0.0,CBlock,Lvl,Sawyer,GasA,Gable,0.0
142600,5.0,1728,1728.0,0.0,2.0,13101.0,576.0,1965.0,NO-FENCE,0.0,CBlock,Lvl,NAmes,GasA,Gable,0.0
237000,8.0,2031,1128.0,903.0,2.0,9473.0,577.0,2002.0,NO-FENCE,0.0,PConc,Lvl,CollgCr,GasA,Gable,0.0
139000,6.0,1196,1196.0,0.0,1.0,9000.0,297.0,1956.0,NO-FENCE,0.0,CBlock,Lvl,NAmes,GasA,Gable,0.0
87000,5.0,803,720.0,0.0,2.0,5000.0,360.0,1941.0,NO-FENCE,0.0,CBlock,Lvl,IDOTRR,GasA,Gable,0.0
152000,5.0,1620,780.0,840.0,2.0,10793.0,462.0,1969.0,GdWo,0.0,CBlock,Lvl,NWAmes,GasA,Mansard,0.0
423000,8.0,2097,2077.0,0.0,3.0,20896.0,1134.0,2005.0,NO-FENCE,0.0,PConc,Lvl,Somerst,GasA,Gable,0.0
318061,9.0,1869,1869.0,0.0,2.0,7820.0,617.0,2007.0,NO-FENCE,0.0,PConc,Lvl,NridgHt,GasA,Hip,0.0
199900,7.0,1886,930.0,930.0,2.0,11214.0,431.0,1998.0,NO-FENCE,0.0,PConc,Lvl,Gilbert,GasA,Gable,0.0
35311,2.0,480,480.0,0.0,1.0,9000.0,308.0,1949.0,NO-FENCE,0.0,CBlock,Lvl,IDOTRR,GasA,Gable,0.0
90000,4.0,1296,0.0,0.0,2.0,10791.0,516.0,1967.0,NO-FENCE,0.0,Slab,Lvl,Sawyer,GasA,Gable,0.0
100000,4.0,816,816.0,0.0,1.0,8877.0,288.0,1938.0,NO-FENCE,0.0,CBlock,Lvl,Edwards,GasA,Gable,0.0
157000,,1601,1271.0,0.0,2.0,11880.0,478.0,1978.0,NO-FENCE,0.0,CBlock,Lvl,NWAmes,GasA,Gable,0.0
186500,6.0,1792,936.0,830.0,2.0,10261.0,451.0,2000.0,NO-FENCE,0.0,PConc,Lvl,Gilbert,GasA,Gable,0.0
310000,8.0,2520,1338.0,1168.0,3.0,14541.0,796.0,1993.0,NO-FENCE,0.0,PConc,Lvl,NoRidge,GasA,Gable,0.0
143000,5.0,1144,1144.0,0.0,1.0,8163.0,796.0,1959.0,NO-FENCE,0.0,CBlock,Lvl,NAmes,GasA,Gable,0.0
189000,5.0,2601,612.0,1611.0,2.0,9842.0,621.0,1921.0,NO-FENCE,0.0,BrkTil,Lvl,SWISU,GasA,Gable,0.0
140200,6.0,1577,972.0,605.0,1.0,6435.0,312.0,1939.0,NO-FENCE,0.0,BrkTil,Lvl,BrkSide,GasA,Gable,0.0
132500,5.0,970,970.0,0.0,2.0,8480.0,624.0,1963.0,NO-FENCE,0.0,CBlock,Lvl,Sawyer,GasA,Hip,0.0
375000,7.0,2036,2136.0,0.0,2.0,215245.0,513.0,1965.0,NO-FENCE,0.0,CBlock,Low,Timber,GasW,Hip,0.0
156000,6.0,1026,1026.0,0.0,2.0,7930.0,440.0,1969.0,NO-FENCE,0.0,CBlock,Lvl,NAmes,GasA,Gable,0.0
118000,5.0,698,698.0,0.0,0.0,9405.0,0.0,1947.0,NO-FENCE,0.0,CBlock,Lvl,Edwards,GasA,Hip,0.0
280000,7.0,1533,1533.0,0.0,2.0,70761.0,576.0,1975.0,NO-FENCE,0.0,CBlock,Low,ClearCr,GasA,Gable,0.0
128500,5.0,1382,720.0,0.0,2.0,12358.0,660.0,1941.0,NO-FENCE,0.0,CBlock,Lvl,OldTown,GasA,Gable,0.0
196000,7.0,1391,1391.0,0.0,2.0,4282.0,530.0,2004.0,NO-FENCE,0.0,PConc,Lvl,Somerst,GasA,Gable,0.0
142125,5.0,1078,1078.0,0.0,1.0,9717.0,240.0,1950.0,NO-FENCE,0.0,CBlock,Lvl,NAmes,GasA,Hip,0.0
220000,8.0,1296,1267.0,0.0,2.0,6853.0,471.0,2001.0,NO-FENCE,0.0,PConc,Lvl,Timber,GasA,Gable,0.0
157900,6.0,1442,1442.0,0.0,1.0,9750.0,301.0,1958.0,NO-FENCE,0.0,CBlock,Lvl,NAmes,GasA,Gable,0.0
130000,5.0,1964,940.0,940.0,0.0,8525.0,0.0,1911.0,NO-FENCE,,PConc,Bnk,SWISU,GasA,Gable,0.0
233170,7.0,1502,1502.0,0.0,2.0,9541.0,644.0,2009.0,NO-FENCE,0.0,PConc,Lvl,NridgHt,GasA,Gable,0.0
166000,6.0,1392,1392.0,0.0,2.0,11900.0,458.0,1957.0,NO-FENCE,0.0,CBlock,Lvl,NAmes,GasA,Gable,0.0
136500,4.0,1768,1768.0,0.0,0.0,10778.0,0.0,1968.0,NO-FENCE,0.0,CBlock,Lvl,Sawyer,GasA,Hip,0.0
190000,5.0,1582,1624.0,0.0,2.0,36500.0,390.0,1964.0,NO-FENCE,0.0,CBlock,Low,ClearCr,GasA,Gable,0.0
151500,6.0,958,958.0,0.0,1.0,12772.0,301.0,1960.0,NO-FENCE,0.0,CBlock,Lvl,NAmes,GasA,Hip,0.0
123000,5.0,894,894.0,0.0,2.0,7200.0,600.0,1972.0,NO-FENCE,0.0,CBlock,Low,CollgCr,GasA,Hip,0.0
165000,6.0,1224,1224.0,0.0,2.0,4500.0,402.0,1999.0,NO-FENCE,0.0,PConc,Lvl,Mitchel,GasA,Hip,0.0
426000,10.0,2332,1682.0,590.0,3.0,12474.0,846.0,2007.0,NO-FENCE,0.0,PConc,Lvl,NridgHt,GasA,Gable,0.0
192000,8.0,1269,1256.0,0.0,2.0,3182.0,430.0,2004.0,NO-FENCE,0.0,PConc,Lvl,Blmngtn,GasA,Gable,0.0
283463,8.0,1776,1732.0,0.0,3.0,15306.0,712.0,2006.0,NO-FENCE,0.0,PConc,HLS,Timber,GasA,Gable,0.0
163990,,1456,728.0,728.0,2.0,8461.0,390.0,2005.0,NO-FENCE,0.0,PConc,Lvl,CollgCr,GasA,Gable,0.0
159500,6.0,1194,655.0,0.0,2.0,8910.0,539.0,1959.0,NO-FENCE,0.0,CBlock,Lvl,NAmes,GasA,Hip,0.0
134500,5.0,1008,1008.0,0.0,1.0,8923.0,240.0,1953.0,NO-FENCE,0.0,CBlock,Lvl,NAmes,GasA,Gable,0.0
192500,7.0,1555,1373.0,0.0,2.0,3182.0,430.0,2005.0,NO-FENCE,0.0,PConc,Lvl,Blmngtn,GasA,Gable,0.0
138887,5.0,1784,747.0,892.0,1.0,13132.0,180.0,1914.0,NO-FENCE,0.0,BrkTil,Lvl,Crawfor,GasA,Gable,0.0
139400,7.0,1108,637.0,0.0,1.0,7449.0,280.0,1930.0,GdPrv,0.0,PConc,Bnk,IDOTRR,GasA,Gable,0.0
167500,5.0,1394,384.0,640.0,2.0,9735.0,400.0,2006.0,NO-FENCE,0.0,PConc,Lvl,Timber,GasA,Gable,0.0
196500,7.0,1714,980.0,734.0,2.0,10421.0,496.0,1988.0,MnPrv,0.0,CBlock,Lvl,NWAmes,GasA,Gable,0.0
106500,5.0,882,0.0,0.0,1.0,8339.0,294.0,1959.0,MnPrv,0.0,Slab,Lvl,NAmes,GasA,Gable,0.0
76500,3.0,1306,728.0,0.0,0.0,5350.0,0.0,1940.0,GdWo,0.0,,Lvl,BrkSide,GasA,Gable,0.0
120000,6.0,1217,626.0,591.0,1.0,10762.0,288.0,1980.0,NO-FENCE,0.0,CBlock,Lvl,SawyerW,GasA,Gable,0.0
126000,5.0,990,990.0,0.0,1.0,8775.0,299.0,1994.0,NO-FENCE,0.0,PConc,Lvl,CollgCr,GasA,Gable,0.0
309000,8.0,2452,1117.0,1320.0,3.0,13418.0,691.0,2004.0,NO-FENCE,0.0,PConc,Lvl,NridgHt,GasA,Gable,0.0
140000,6.0,848,848.0,,2.0,4435.0,420.0,2003.0,NO-FENCE,0.0,PConc,Lvl,CollgCr,GasA,Gable,0.0
103600,6.0,1369,672.0,672.0,1.0,6629.0,300.0,1925.0,NO-FENCE,0.0,BrkTil,Lvl,Edwards,GasA,Gambrel,0.0
208300,6.0,1218,1218.0,0.0,2.0,7862.0,676.0,2009.0,NO-FENCE,0.0,PConc,Lvl,Somerst,GasA,Gable,0.0
191000,6.0,2555,588.0,748.0,2.0,11526.0,672.0,1922.0,NO-FENCE,0.0,BrkTil,Bnk,Crawfor,GasA,Gable,0.0
197000,8.0,1247,1247.0,0.0,2.0,3316.0,550.0,2005.0,NO-FENCE,0.0,PConc,Lvl,Somerst,GasA,Gable,0.0
272000,6.0,2872,1330.0,1330.0,2.0,12227.0,619.0,1977.0,NO-FENCE,0.0,CBlock,Lvl,NWAmes,GasA,Gable,0.0
392500,8.0,1652,1600.0,0.0,2.0,5587.0,482.0,2008.0,NO-FENCE,0.0,PConc,HLS,Crawfor,GasA,Hip,0.0
190000,6.0,1844,1844.0,0.0,2.0,11751.0,546.0,1977.0,MnPrv,0.0,CBlock,Lvl,NWAmes,GasA,Hip,0.0
253000,7.0,1971,1113.0,858.0,2.0,9675.0,689.0,2005.0,NO-FENCE,0.0,PConc,Lvl,Somerst,GasA,Gable,0.0
179000,6.0,1800,982.0,793.0,2.0,8123.0,463.0,2000.0,NO-FENCE,0.0,PConc,Lvl,Gilbert,GasA,Gable,0.0
236000,7.0,1949,1050.0,,2.0,9938.0,574.0,1993.0,GdPrv,0.0,PConc,Lvl,SawyerW,GasA,Gable,0.0
75500,4.0,630,630.0,0.0,0.0,1491.0,0.0,1972.0,NO-FENCE,0.0,CBlock,Lvl,MeadowV,GasA,Gable,0.0
221000,7.0,1494,1494.0,0.0,2.0,12803.0,530.0,2002.0,NO-FENCE,0.0,PConc,Lvl,CollgCr,GasA,Gable,0.0
37900,3.0,968,600.0,368.0,0.0,5925.0,0.0,1910.0,GdWo,0.0,BrkTil,Lvl,OldTown,Grav,Gable,0.0
203000,7.0,1274,1274.0,0.0,2.0,8814.0,508.0,2005.0,NO-FENCE,0.0,PConc,Lvl,CollgCr,GasA,Gable,0.0
153000,6.0,1520,1156.0,0.0,1.0,9600.0,364.0,1955.0,NO-FENCE,0.0,CBlock,Lvl,NAmes,GasA,Gable,0.0
143500,6.0,1285,660.0,0.0,2.0,8197.0,528.0,1977.0,MnPrv,0.0,CBlock,Lvl,Sawyer,GasA,Gable,0.0
180000,7.0,1509,783.0,702.0,2.0,7875.0,393.0,2003.0,NO-FENCE,0.0,PConc,Lvl,Gilbert,GasA,Gable,0.0
197900,7.0,1935,793.0,793.0,2.0,12384.0,550.0,1976.0,NO-FENCE,0.0,CBlock,Lvl,NWAmes,GasA,Gable,0.0
118500,6.0,816,816.0,0.0,0.0,11841.0,0.0,1990.0,NO-FENCE,0.0,CBlock,Lvl,Edwards,GasA,Gable,0.0
184900,7.0,1200,1176.0,0.0,2.0,10083.0,555.0,2003.0,NO-FENCE,0.0,PConc,Lvl,SawyerW,GasA,Gable,0.0
135000,4.0,1470,941.0,473.0,1.0,8172.0,548.0,1954.0,NO-FENCE,0.0,PConc,Lvl,Edwards,GasA,Gable,0.0
215000,6.0,1656,1080.0,0.0,2.0,31770.0,528.0,1960.0,NO-FENCE,0.0,CBlock,Lvl,NAmes,GasA,Hip,0.0
109500,5.0,792,768.0,0.0,1.0,9022.0,240.0,1924.0,NO-FENCE,0.0,BrkTil,Lvl,OldTown,GasA,Gable,0.0
318000,8.0,1694,1694.0,0.0,3.0,12030.0,818.0,2007.0,NO-FENCE,0.0,PConc,Lvl,NridgHt,GasA,Hip,0.0
312500,8.0,1800,1800.0,0.0,3.0,14331.0,765.0,2002.0,NO-FENCE,0.0,PConc,Lvl,Timber,GasA,Hip,0.0
90000,5.0,2337,662.0,915.0,2.0,13600.0,560.0,1900.0,NO-FENCE,0.0,BrkTil,Lvl,OldTown,GasA,Gable,0.0
143000,6.0,1846,1040.0,678.0,1.0,10496.0,315.0,1949.0,GdWo,0.0,CBlock,Lvl,NAmes,GasA,Gable,0.0
147000,6.0,1026,940.0,0.0,2.0,10970.0,576.0,1978.0,MnPrv,0.0,CBlock,Low,CollgCr,GasA,Gable,0.0
109900,5.0,904,876.0,0.0,1.0,7162.0,408.0,1966.0,MnPrv,0.0,PConc,Lvl,Sawyer,GasA,Gable,0.0
160000,5.0,1126,1126.0,0.0,2.0,17400.0,484.0,1977.0,NO-FENCE,0.0,CBlock,Low,Mitchel,GasA,Gable,0.0
354000,8.0,2468,1136.0,1332.0,3.0,12099.0,872.0,2004.0,NO-FENCE,0.0,PConc,Lvl,NridgHt,GasA,Gable,0.0
180000,6.0,988,938.0,0.0,2.0,21453.0,540.0,1969.0,NO-FENCE,0.0,CBlock,Low,ClearCr,GasA,Flat,0.0
138500,5.0,1052,1052.0,0.0,1.0,8400.0,288.0,1968.0,GdWo,0.0,CBlock,Lvl,NAmes,GasA,Hip,0.0
79000,6.0,1096,572.0,524.0,0.0,9600.0,0.0,1924.0,NO-FENCE,0.0,BrkTil,Lvl,Edwards,Grav,Gable,0.0
142500,6.0,1141,1141.0,0.0,2.0,13072.0,484.0,2005.0,NO-FENCE,0.0,PConc,Lvl,SawyerW,GasA,Gable,0.0
165150,6.0,1790,732.0,778.0,2.0,10400.0,484.0,1972.0,NO-FENCE,0.0,CBlock,Lvl,NWAmes,GasA,Gable,0.0
230000,8.0,1852,1004.0,848.0,3.0,9066.0,660.0,1999.0,GdPrv,0.0,PConc,Lvl,CollgCr,GasA,Gable,0.0
84500,6.0,754,520.0,0.0,0.0,6780.0,0.0,1935.0,NO-FENCE,0.0,CBlock,Lvl,IDOTRR,GasA,Gable,0.0
98000,5.0,1344,624.0,720.0,3.0,4571.0,513.0,1916.0,NO-FENCE,0.0,BrkTil,Lvl,OldTown,GasA,Gable,0.0
180000,7.0,2207,1947.0,0.0,2.0,19900.0,576.0,1970.0,NO-FENCE,0.0,CBlock,Lvl,NAmes,GasA,Gable,0.0
240000,6.0,2358,907.0,1051.0,2.0,45600.0,360.0,1908.0,NO-FENCE,0.0,BrkTil,Bnk,ClearCr,GasA,Gable,0.0
299800,8.0,2715,1142.0,1540.0,2.0,8963.0,831.0,1976.0,NO-FENCE,0.0,CBlock,Lvl,NWAmes,GasA,Hip,0.0
185850,7.0,1364,1364.0,0.0,2.0,7052.0,484.0,2005.0,NO-FENCE,0.0,PConc,Lvl,NridgHt,GasA,Gable,0.0
176000,7.0,1253,1237.0,0.0,2.0,7875.0,402.0,1995.0,NO-FENCE,0.0,PConc,Lvl,Gilbert,GasA,Gable,0.0
143000,6.0,1328,1328.0,0.0,2.0,9790.0,528.0,1963.0,NO-FENCE,0.0,CBlock,Lvl,NWAmes,GasA,Hip,0.0
139900,5.0,1422,978.0,0.0,1.0,12342.0,286.0,1960.0,GdWo,0.0,CBlock,Lvl,NAmes,GasA,Hip,0.0
205000,7.0,1986,768.0,800.0,2.0,13600.0,486.0,1965.0,NO-FENCE,0.0,CBlock,Lvl,NAmes,GasA,Gable,0.0
121000,6.0,952,952.0,0.0,1.0,8854.0,192.0,1916.0,NO-FENCE,0.0,BrkTil,Lvl,BrkSide,Grav,Gable,0.0
290000,8.0,1660,1660.0,0.0,2.0,10182.0,500.0,2006.0,NO-FENCE,0.0,PConc,Lvl,Somerst,GasA,Hip,0.0
501837,9.0,2234,2216.0,0.0,3.0,17423.0,1166.0,2008.0,NO-FENCE,0.0,PConc,Lvl,StoneBr,GasA,Hip,0.0
91000,6.0,790,768.0,0.0,1.0,6292.0,160.0,1930.0,NO-FENCE,0.0,BrkTil,Bnk,SWISU,GasA,Gable,0.0
181134,7.0,1340,1340.0,0.0,2.0,8899.0,396.0,2007.0,NO-FENCE,0.0,PConc,Lvl,Gilbert,GasA,Gable,0.0
205000,6.0,1610,1610.0,0.0,2.0,10603.0,480.0,1977.0,NO-FENCE,0.0,PConc,Lvl,NWAmes,GasA,Gable,0.0
190000,5.0,2620,1361.0,1259.0,2.0,18890.0,600.0,1977.0,NO-FENCE,0.0,CBlock,Lvl,Sawyer,GasA,Shed,0.0
167240,7.0,1248,1248.0,0.0,2.0,3010.0,438.0,2005.0,NO-FENCE,0.0,PConc,Lvl,Blmngtn,GasA,Gable,0.0
142000,6.0,912,912.0,0.0,1.0,6768.0,288.0,1961.0,GdPrv,0.0,CBlock,Lvl,Sawyer,GasA,Hip,0.0
192000,6.0,1638,943.0,695.0,2.0,9042.0,472.0,1998.0,NO-FENCE,0.0,PConc,Lvl,Gilbert,GasA,Gable,0.0
168000,4.0,1622,1249.0,0.0,4.0,32463.0,1356.0,1961.0,NO-FENCE,0.0,CBlock,Low,Mitchel,GasA,Gable,0.0
259500,6.0,2320,1028.0,884.0,1.0,7259.0,180.0,1945.0,MnPrv,0.0,CBlock,Lvl,Crawfor,GasA,Gambrel,0.0
139950,5.0,1144,1144.0,0.0,2.0,7875.0,456.0,1961.0,GdWo,0.0,CBlock,Lvl,NAmes,GasA,Gable,0.0
159434,5.0,1520,793.0,672.0,1.0,4500.0,281.0,1932.0,NO-FENCE,0.0,BrkTil,Bnk,SWISU,GasA,Gable,0.0
167000,6.0,1516,1516.0,0.0,2.0,10004.0,472.0,1964.0,NO-FENCE,0.0,CBlock,Lvl,NAmes,GasA,Gable,0.0
204900,7.0,1498,1498.0,0.0,2.0,8990.0,675.0,2006.0,NO-FENCE,0.0,PConc,Lvl,CollgCr,GasA,Gable,0.0
215000,6.0,1961,804.0,1157.0,2.0,12209.0,560.0,2001.0,NO-FENCE,0.0,PConc,Lvl,Mitchel,GasA,Gable,0.0
155835,7.0,1456,728.0,728.0,2.0,11103.0,440.0,2006.0,NO-FENCE,0.0,PConc,Lvl,CollgCr,GasA,Gable,0.0
244400,7.0,2403,1032.0,1196.0,1.0,24090.0,349.0,1940.0,NO-FENCE,0.0,CBlock,Lvl,ClearCr,GasA,Gable,0.0
360000,9.0,1944,1896.0,0.0,3.0,12378.0,708.0,2003.0,NO-FENCE,0.0,PConc,Lvl,NridgHt,GasA,Gable,0.0
202500,7.0,1368,1368.0,0.0,2.0,6955.0,474.0,2005.0,NO-FENCE,0.0,PConc,Lvl,NridgHt,GasA,Gable,0.0
193000,7.0,1790,873.0,908.0,2.0,9179.0,588.0,1999.0,NO-FENCE,0.0,PConc,Lvl,CollgCr,GasA,Gable,0.0
446261,9.0,2713,1452.0,1237.0,3.0,14948.0,858.0,2008.0,NO-FENCE,0.0,PConc,Lvl,NridgHt,GasA,Hip,0.0
135000,5.0,1271,720.0,551.0,1.0,21286.0,312.0,1948.0,NO-FENCE,0.0,CBlock,Lvl,Sawyer,GasA,Gable,0.0
241500,7.0,1872,1845.0,0.0,2.0,10400.0,604.0,1988.0,NO-FENCE,0.0,CBlock,Lvl,NWAmes,GasA,Gable,0.0
207500,7.0,2090,1190.0,900.0,2.0,5062.0,577.0,1984.0,NO-FENCE,0.0,CBlock,Lvl,StoneBr,GasA,Gable,0.0
211000,6.0,1796,794.0,914.0,2.0,9531.0,546.0,1998.0,MnPrv,0.0,PConc,Lvl,CollgCr,GasA,Gable,0.0
176485,7.0,1302,1302.0,0.0,2.0,8993.0,436.0,2007.0,NO-FENCE,0.0,PConc,Lvl,Gilbert,GasA,Gable,0.0
278000,8.0,2524,2524.0,0.0,2.0,9600.0,542.0,1981.0,MnPrv,0.0,PConc,Lvl,NWAmes,GasA,Hip,0.0
105000,4.0,1374,840.0,534.0,1.0,5400.0,338.0,1920.0,NO-FENCE,0.0,PConc,Lvl,OldTown,GasA,Gable,0.0
173000,7.0,1626,764.0,862.0,2.0,2268.0,474.0,2003.0,NO-FENCE,0.0,PConc,Lvl,NridgHt,GasA,Gable,0.0
109000,5.0,1034,735.0,299.0,1.0,10134.0,240.0,1940.0,NO-FENCE,0.0,CBlock,Lvl,OldTown,GasA,Gable,0.0
274000,8.0,1518,1518.0,0.0,2.0,12677.0,588.0,2003.0,NO-FENCE,0.0,PConc,Lvl,NridgHt,GasA,Hip,0.0
169500,7.0,1818,1040.0,592.0,1.0,7758.0,240.0,1931.0,NO-FENCE,0.0,PConc,Lvl,IDOTRR,GasA,Gable,0.0
224900,7.0,1661,1649.0,0.0,2.0,12137.0,598.0,1998.0,NO-FENCE,0.0,PConc,Lvl,CollgCr,GasA,Gable,0.0
220000,6.0,1991,854.0,895.0,2.0,11275.0,432.0,1932.0,NO-FENCE,0.0,CBlock,HLS,Crawfor,GasA,Gable,0.0
143000,7.0,1482,650.0,650.0,2.0,9000.0,324.0,1920.0,NO-FENCE,0.0,PConc,Lvl,OldTown,GasA,Hip,0.0
275000,8.0,1742,1742.0,0.0,2.0,6563.0,564.0,1985.0,NO-FENCE,0.0,PConc,Low,StoneBr,GasA,Gable,0.0
116000,5.0,1250,686.0,564.0,1.0,8248.0,280.0,1918.0,NO-FENCE,0.0,BrkTil,Lvl,Edwards,GasW,Gable,0.0
114500,6.0,1176,816.0,0.0,2.0,6240.0,528.0,1934.0,MnPrv,0.0,PConc,Lvl,BrkSide,GasA,Gable,0.0
220000,8.0,1915,908.0,988.0,2.0,10041.0,506.0,1992.0,NO-FENCE,0.0,PConc,Lvl,SawyerW,GasA,Gable,0.0
140000,6.0,1595,940.0,403.0,1.0,8400.0,240.0,1940.0,NO-FENCE,0.0,CBlock,Bnk,SWISU,GasA,Gable,0.0
165500,6.0,1661,992.0,0.0,1.0,9600.0,377.0,1955.0,MnPrv,0.0,CBlock,Lvl,NAmes,GasA,Hip,0.0
263435,8.0,1935,832.0,1103.0,2.0,8004.0,552.0,2009.0,NO-FENCE,0.0,PConc,Lvl,Somerst,GasA,Gable,0.0
230000,8.0,1795,1777.0,0.0,2.0,9742.0,534.0,2002.0,NO-FENCE,0.0,PConc,Lvl,CollgCr,GasA,Hip,0.0
219500,7.0,1928,847.0,1081.0,2.0,8200.0,434.0,2003.0,NO-FENCE,0.0,PConc,Lvl,CollgCr,GasA,Gable,0.0
158000,5.0,1159,1051.0,0.0,1.0,11553.0,336.0,1968.0,NO-FENCE,0.0,CBlock,Lvl,Sawyer,GasA,Hip,0.0
146000,6.0,1456,855.0,601.0,2.0,2280.0,440.0,1978.0,NO-FENCE,0.0,CBlock,Lvl,NPkVill,GasA,Gable,0.0
311500,7.0,1954,798.0,817.0,2.0,15660.0,431.0,1939.0,NO-FENCE,0.0,CBlock,Lvl,Crawfor,GasA,Gable,0.0
369900,8.0,2028,1868.0,0.0,3.0,11443.0,880.0,2005.0,NO-FENCE,0.0,PConc,Lvl,Timber,GasA,Hip,0.0
287000,8.0,2898,1565.0,0.0,2.0,15498.0,665.0,1976.0,NO-FENCE,0.0,CBlock,Lvl,Timber,GasA,Hip,0.0
216000,7.0,1674,814.0,860.0,2.0,7500.0,663.0,2000.0,NO-FENCE,0.0,PConc,Lvl,Somerst,GasA,Gable,0.0
93500,5.0,974,974.0,0.0,0.0,10712.0,0.0,1991.0,MnPrv,0.0,PConc,Lvl,Mitchel,GasA,Gable,0.0
255000,8.0,1989,1065.0,898.0,2.0,11367.0,586.0,2002.0,NO-FENCE,0.0,PConc,Lvl,CollgCr,GasA,Gable,0.0
228000,7.0,2097,1080.0,1017.0,3.0,11228.0,678.0,1993.0,NO-FENCE,0.0,PConc,Lvl,SawyerW,GasA,Gable,0.0
180500,7.0,1442,1424.0,0.0,2.0,11851.0,500.0,1990.0,NO-FENCE,0.0,PConc,Lvl,Gilbert,GasA,Gable,0.0
120000,5.0,1130,1120.0,0.0,2.0,10800.0,720.0,1920.0,NO-FENCE,0.0,BrkTil,Lvl,OldTown,GasA,Hip,0.0
184000,7.0,1820,1026.0,687.0,1.0,9120.0,240.0,1925.0,GdPrv,0.0,PConc,Lvl,BrkSide,GasA,Gable,0.0
158000,6.0,2119,689.0,741.0,2.0,10448.0,583.0,1972.0,GdPrv,0.0,CBlock,Lvl,NWAmes,GasA,Gable,0.0
361919,8.0,2576,1234.0,1312.0,3.0,12438.0,666.0,2006.0,NO-FENCE,0.0,PConc,Lvl,StoneBr,GasA,Hip,0.0
94000,5.0,1020,780.0,240.0,0.0,6342.0,0.0,1875.0,NO-FENCE,0.0,CBlock,Lvl,Sawyer,GasA,Gable,0.0
87000,4.0,1774,1095.0,679.0,3.0,9600.0,779.0,1900.0,NO-FENCE,0.0,BrkTil,Lvl,OldTown,GasW,Gable,0.0
61000,1.0,904,683.0,0.0,0.0,10020.0,0.0,1922.0,NO-FENCE,0.0,BrkTil,Low,Edwards,GasA,Gable,0.0
165000,7.0,1382,673.0,709.0,2.0,2651.0,490.0,2000.0,NO-FENCE,0.0,PConc,Lvl,Somerst,GasA,Gable,0.0
475000,10.0,3608,1107.0,1518.0,3.0,22950.0,840.0,1892.0,GdPrv,0.0,BrkTil,Lvl,OldTown,GasA,Gable,0.0
117500,6.0,2210,1008.0,1032.0,1.0,9900.0,205.0,1880.0,NO-FENCE,0.0,BrkTil,Lvl,OldTown,GasW,Gable,0.0
168000,6.0,1572,806.0,766.0,2.0,10364.0,373.0,1995.0,NO-FENCE,0.0,PConc,Lvl,Gilbert,GasA,Gable,0.0
302000,7.0,1824,1643.0,0.0,2.0,115149.0,739.0,1971.0,NO-FENCE,0.0,CBlock,Low,ClearCr,GasA,Gable,0.0
142000,5.0,1056,1056.0,0.0,1.0,8450.0,304.0,1968.0,NO-FENCE,0.0,CBlock,Lvl,NAmes,GasA,Gable,0.0
104900,5.0,1221,784.0,272.0,1.0,9738.0,392.0,1924.0,NO-FENCE,0.0,BrkTil,Lvl,Edwards,GasA,Gable,0.0
163000,6.0,1362,1362.0,0.0,2.0,10197.0,504.0,1961.0,NO-FENCE,0.0,CBlock,Lvl,NAmes,GasA,Gable,0.0
141000,6.0,848,848.0,0.0,2.0,4426.0,420.0,2004.0,NO-FENCE,0.0,PConc,Lvl,CollgCr,GasA,Gable,0.0
189000,7.0,1434,1454.0,0.0,2.0,8529.0,527.0,2001.0,,0.0,PConc,Lvl,SawyerW,GasA,Gable,0.0
195400,7.0,1208,1208.0,0.0,2.0,6762.0,628.0,2007.0,NO-FENCE,0.0,PConc,Lvl,CollgCr,GasA,Gable,0.0
170000,5.0,1466,796.0,370.0,2.0,10800.0,566.0,1936.0,NO-FENCE,0.0,CBlock,Lvl,OldTown,GasA,Gable,0.0
301500,8.0,1987,1986.0,0.0,2.0,14303.0,691.0,1994.0,NO-FENCE,0.0,PConc,Lvl,NoRidge,GasA,Hip,0.0
341000,7.0,2418,1311.0,1093.0,3.0,10542.0,,1993.0,NO-FENCE,0.0,PConc,Lvl,NoRidge,,Hip,0.0
207500,7.0,1314,1314.0,0.0,2.0,5063.0,626.0,2007.0,NO-FENCE,0.0,PConc,Lvl,NridgHt,GasA,Gable,0.0
137500,7.0,1709,970.0,739.0,2.0,2522.0,380.0,2004.0,NO-FENCE,0.0,PConc,Lvl,Edwards,GasA,Gable,0.0
91500,6.0,1218,672.0,546.0,0.0,1680.0,0.0,1971.0,NO-FENCE,0.0,CBlock,Lvl,BrDale,GasA,Gable,0.0
200000,6.0,3395,1440.0,1440.0,0.0,10896.0,0.0,1914.0,NO-FENCE,0.0,CBlock,Bnk,SWISU,GasA,Hip,0.0
179000,5.0,1200,1200.0,0.0,0.0,10800.0,0.0,1987.0,NO-FENCE,0.0,CBlock,Lvl,Edwards,GasA,Gable,0.0
120000,5.0,912,912.0,0.0,1.0,7535.0,297.0,1958.0,MnWw,0.0,CBlock,Lvl,NAmes,GasA,Gable,0.0
755000,10.0,4316,2444.0,1872.0,3.0,21535.0,832.0,1994.0,NO-FENCE,0.0,PConc,Lvl,NoRidge,GasA,Gable,0.0
208500,7.0,1710,856.0,854.0,2.0,8450.0,548.0,2003.0,NO-FENCE,0.0,PConc,Lvl,CollgCr,GasA,Gable,0.0
285000,8.0,2374,1181.0,1140.0,3.0,11999.0,656.0,2003.0,NO-FENCE,0.0,PConc,Lvl,NridgHt,GasA,Hip,0.0
174500,7.0,1564,704.0,704.0,1.0,12000.0,234.0,1941.0,NO-FENCE,0.0,CBlock,Bnk,Crawfor,GasA,Gable,0.0
149900,5.0,1466,1466.0,0.0,2.0,17755.0,528.0,1959.0,NO-FENCE,0.0,CBlock,Lvl,Edwards,GasA,Gable,0.0
145250,6.0,1383,1383.0,0.0,1.0,11600.0,292.0,1960.0,NO-FENCE,0.0,CBlock,Lvl,NAmes,GasA,Hip,0.0
118964,5.0,1535,0.0,0.0,2.0,7018.0,410.0,1979.0,NO-FENCE,0.0,Slab,Bnk,SawyerW,GasA,Gable,0.0
156000,5.0,990,990.0,0.0,2.0,13568.0,576.0,1995.0,NO-FENCE,0.0,PConc,Lvl,CollgCr,GasA,Gable,0.0
164000,7.0,1646,918.0,728.0,1.0,7128.0,240.0,1941.0,MnPrv,0.0,CBlock,Lvl,Crawfor,GasA,Gable,0.0
137000,6.0,1928,1020.0,1020.0,1.0,9142.0,440.0,1910.0,NO-FENCE,0.0,Stone,Lvl,OldTown,GasA,Gable,0.0
197000,7.0,1725,539.0,685.0,2.0,11584.0,550.0,1979.0,NO-FENCE,0.0,CBlock,Lvl,NWAmes,GasA,Hip,0.0
285000,8.0,2872,1683.0,743.0,2.0,10678.0,541.0,1992.0,NO-FENCE,0.0,PConc,Lvl,NoRidge,GasA,Hip,0.0
206900,6.0,2112,952.0,1020.0,2.0,11075.0,576.0,1969.0,NO-FENCE,0.0,CBlock,Lvl,NAmes,GasA,Gable,0.0
128000,4.0,1324,672.0,567.0,1.0,6000.0,240.0,1936.0,NO-FENCE,0.0,BrkTil,Lvl,BrkSide,GasA,Gable,0.0
144152,7.0,1200,600.0,600.0,2.0,3180.0,480.0,2005.0,NO-FENCE,0.0,PConc,Lvl,Somerst,GasA,Gable,0.0
147000,5.0,1344,672.0,672.0,1.0,10690.0,468.0,1920.0,NO-FENCE,0.0,CBlock,Lvl,IDOTRR,GasA,Hip,0.0
180000,7.0,1668,840.0,828.0,2.0,11317.0,500.0,2003.0,NO-FENCE,0.0,PConc,Lvl,CollgCr,GasA,Gable,0.0
93500,3.0,1040,0.0,0.0,2.0,8544.0,400.0,1950.0,NO-FENCE,0.0,CBlock,Lvl,NAmes,GasA,Gable,0.0
134800,5.0,900,900.0,0.0,2.0,7200.0,576.0,1951.0,NO-FENCE,0.0,CBlock,Lvl,NAmes,GasA,Gable,0.0
153500,5.0,1559,1559.0,0.0,2.0,8100.0,812.0,1948.0,GdWo,0.0,BrkTil,Lvl,OldTown,GasA,Gable,0.0
111000,4.0,948,864.0,0.0,1.0,10215.0,248.0,1954.0,NO-FENCE,0.0,PConc,Bnk,Edwards,GasA,Hip,0.0
143000,6.0,923,923.0,0.0,1.0,8012.0,264.0,1980.0,NO-FENCE,0.0,CBlock,Lvl,SawyerW,GasA,Gable,0.0
212900,7.0,1552,1552.0,0.0,3.0,10084.0,782.0,2005.0,NO-FENCE,0.0,PConc,Lvl,CollgCr,GasA,Gable,0.0
140000,7.0,1717,756.0,756.0,3.0,9550.0,642.0,1915.0,NO-FENCE,0.0,BrkTil,Lvl,Crawfor,GasA,Gable,0.0
180000,5.0,1721,1461.0,0.0,2.0,10335.0,440.0,1968.0,MnPrv,0.0,CBlock,Lvl,Sawyer,GasA,Gable,0.0
100000,6.0,987,483.0,504.0,1.0,1680.0,264.0,1973.0,NO-FENCE,0.0,CBlock,Lvl,BrDale,GasA,Gable,0.0
177500,6.0,1200,1200.0,0.0,2.0,11249.0,521.0,1995.0,NO-FENCE,0.0,PConc,Lvl,CollgCr,GasA,Gable,0.0
131000,5.0,1716,768.0,568.0,1.0,11409.0,281.0,1949.0,NO-FENCE,0.0,CBlock,Lvl,Edwards,GasA,Gable,0.0
138500,5.0,894,894.0,0.0,1.0,8450.0,336.0,1965.0,MnPrv,0.0,CBlock,Lvl,Sawyer,GasA,Gable,0.0
115000,5.0,1771,0.0,0.0,2.0,21750.0,336.0,1960.0,GdPrv,0.0,Slab,Lvl,Mitchel,GasA,Hip,0.0
170000,7.0,1173,1053.0,0.0,2.0,10625.0,528.0,1974.0,MnPrv,0.0,CBlock,Lvl,NWAmes,GasA,Gable,0.0
162000,5.0,1287,1063.0,0.0,2.0,9830.0,576.0,1959.0,NO-FENCE,0.0,CBlock,Lvl,NAmes,GasA,Gable,0.0
148000,4.0,1382,1051.0,0.0,2.0,11235.0,459.0,1963.0,NO-FENCE,0.0,CBlock,Lvl,Sawyer,GasA,Gable,0.0
290000,7.0,2520,1203.0,1306.0,3.0,9950.0,721.0,1995.0,NO-FENCE,0.0,PConc,Lvl,NoRidge,GasA,Gable,0.0
155000,6.0,1215,1215.0,0.0,1.0,12400.0,297.0,1958.0,NO-FENCE,0.0,CBlock,Lvl,NAmes,GasA,Hip,0.0
290000,8.0,2526,1165.0,1323.0,3.0,10120.0,844.0,1994.0,NO-FENCE,0.0,PConc,Lvl,NoRidge,GasA,Hip,0.0
151000,7.0,1200,600.0,600.0,2.0,3182.0,480.0,2004.0,NO-FENCE,0.0,PConc,Lvl,Somerst,GasA,Gable,0.0
188000,5.0,1728,1728.0,0.0,2.0,9297.0,560.0,1976.0,NO-FENCE,0.0,CBlock,Lvl,Mitchel,GasA,Gable,0.0
140000,7.0,1710,576.0,808.0,2.0,10300.0,480.0,1921.0,GdPrv,0.0,BrkTil,Bnk,OldTown,GasA,Gable,0.0
348000,8.0,2392,1396.0,985.0,3.0,9452.0,870.0,1997.0,NO-FENCE,0.0,PConc,Lvl,NoRidge,GasA,Gable,0.0
194500,7.0,1744,996.0,730.0,2.0,9453.0,457.0,1993.0,NO-FENCE,0.0,PConc,Lvl,SawyerW,GasA,Gable,0.0
205950,7.0,1665,813.0,843.0,2.0,8125.0,562.0,2007.0,NO-FENCE,0.0,PConc,Lvl,Somerst,GasA,Gable,0.0
383970,7.0,2696,1264.0,1414.0,3.0,9965.0,792.0,2007.0,NO-FENCE,0.0,PConc,Lvl,CollgCr,GasA,Gable,0.0
120500,4.0,864,864.0,0.0,2.0,9000.0,528.0,1971.0,GdWo,0.0,PConc,Lvl,NAmes,GasA,Gable,0.0
113000,4.0,672,672.0,0.0,1.0,9340.0,234.0,1941.0,NO-FENCE,0.0,CBlock,Lvl,Edwards,GasA,Hip,0.0
164500,5.0,1320,1164.0,0.0,2.0,11777.0,564.0,1966.0,NO-FENCE,0.0,CBlock,Lvl,Sawyer,GasA,Gable,0.0
128000,6.0,958,1078.0,0.0,2.0,4928.0,440.0,1976.0,NO-FENCE,0.0,CBlock,Lvl,NPkVill,GasA,Gable,0.0
240000,7.0,1710,1710.0,0.0,2.0,12118.0,550.0,2004.0,NO-FENCE,0.0,PConc,Lvl,Mitchel,GasA,Hip,0.0
179900,5.0,1265,1219.0,0.0,2.0,9350.0,502.0,1965.0,MnPrv,0.0,PConc,Lvl,NAmes,GasA,Gable,0.0
215000,8.0,1456,1273.0,0.0,2.0,3196.0,400.0,2003.0,NO-FENCE,0.0,PConc,Lvl,Blmngtn,GasA,Gable,0.0
141500,5.0,1539,927.0,472.0,2.0,6120.0,576.0,1936.0,MnPrv,0.0,BrkTil,Lvl,BrkSide,GasA,Gable,0.0
171000,7.0,1959,1907.0,0.0,3.0,11070.0,766.0,1988.0,NO-FENCE,0.0,CBlock,Lvl,Mitchel,GasA,Gable,0.0
102000,5.0,1522,1008.0,0.0,0.0,6000.0,0.0,1926.0,NO-FENCE,0.0,BrkTil,Lvl,SWISU,GasA,Gable,0.0
93000,5.0,1124,0.0,0.0,0.0,8335.0,0.0,1954.0,NO-FENCE,0.0,Slab,Lvl,Edwards,GasA,Gable,0.0
200000,7.0,2090,1107.0,983.0,2.0,10382.0,484.0,1973.0,NO-FENCE,0.0,CBlock,Lvl,NWAmes,GasA,Gable,0.0
140000,5.0,1214,1214.0,0.0,2.0,9170.0,461.0,1965.0,GdPrv,0.0,CBlock,Lvl,Edwards,GasA,Hip,0.0
170000,5.0,1779,1763.0,0.0,2.0,17920.0,454.0,1955.0,NO-FENCE,0.0,CBlock,Lvl,Sawyer,GasA,Hip,0.0
270000,8.0,1629,1616.0,0.0,3.0,14536.0,808.0,2002.0,NO-FENCE,0.0,PConc,Lvl,Timber,GasA,Hip,0.0
209500,8.0,1554,1554.0,0.0,2.0,4590.0,627.0,2006.0,NO-FENCE,0.0,PConc,Lvl,NridgHt,GasA,Gable,0.0
222000,7.0,2236,964.0,1243.0,2.0,13006.0,642.0,1997.0,NO-FENCE,0.0,PConc,Lvl,Gilbert,GasA,Gable,0.0
55000,4.0,796,796.0,0.0,0.0,3636.0,0.0,1922.0,MnPrv,0.0,BrkTil,Lvl,IDOTRR,GasA,Gable,0.0
