temperatura,tempo,concentrazione
29.073032374575178,27.73053411165021,43.88240308756949
27.81158638616061,31.154209176154737,44.2950509979255
30.52142467982178,38.837085323344134,46.672865759826124
29.21312386878455,28.309858994358038,44.54402994960845
31.38762679568795,21.468743695276665,43.61679816680685
33.645330597994764,32.306248270476424,49.06613724331002
27.832761197524913,23.319627681578293,41.635688275560064
32.4268290255373,28.47225152640324,44.57308048178354
28.574266542931824,22.72361022460669,41.88113071998257
25.328364967100317,28.8638131851726,41.71098289158175
31.82014270319381,28.32668790355116,44.33680263104233
28.656778519621408,31.7650661208798,43.31987183703245
31.23268825865368,25.236093069766092,44.46481616507531
30.81457808766791,25.061113690281392,42.100285074372316
30.872289255314932,29.613715024482513,42.96543316069839
31.33232398610339,31.78856857165888,46.20587817055303
32.7046242373658,23.0505636510804,43.500930473765116
32.11839302762196,32.638252252640484,46.59899696148251
27.24703679067804,22.912313932878444,39.46001861890669
25.14520324984416,30.350245158401187,42.56466606275173
32.13635989948234,36.682511893623165,46.09351954760591
33.38510043066456,20.610628194194412,44.56210507857772
33.805100276454645,26.295028620444306,44.856710827260336
30.430869136144317,29.62154314148633,42.68672478452663
29.724465924052296,40.35066672882428,46.82526246390786
27.960257787533383,27.13875873742795,41.58014940836731
30.139128909760345,25.701207189691736,41.94645224651897
29.29513979601972,22.07138817068402,41.64444715005757
30.401035854249802,32.51888245610147,46.12846807019309
29.433743862609823,27.6927596067587,42.5976005346375
29.18596306726389,33.93290980041804,44.21144819616322
27.03260083987789,26.842058582977945,40.25034204153343
26.327092429956288,32.198226371337014,43.0121417565725
29.752868545263997,33.709422157157114,45.43539049266863
29.641034594356,27.821355590509953,43.36106927899497
27.02662424959467,25.976492064683796,43.20772317147495
32.03884280386533,29.908137473007667,45.58468341368693
29.98314386285645,31.814633195628847,42.877754685899085
27.341950101753902,25.579148686605173,41.00282971014615
30.271794739830987,30.4970928136923,42.20759811736885
30.96916095457326,26.822783683873855,42.61898214023881
33.18424543166823,32.15970476304939,46.23998520871518
28.40049415099852,28.065944332020962,44.013053602340634
31.482331789110276,22.518226542201162,42.17375738425103
27.9051953400251,36.320450952976785,45.13264246580465
31.777227001611866,31.014957490786177,45.66364430166426
29.236709933891934,24.754862725937578,42.84389719048658
31.022039174073324,28.043414999385366,44.29311780264601
30.575849615753082,34.61349356827975,46.316211608348304
29.95837970396899,34.56091595717291,44.64155609256749
31.462739901691478,26.789153539352224,42.745229290313425
27.70648594514963,36.708985541268376,43.21229165432413
29.877727294224936,30.455052884759766,44.96913644930165
31.858902422390756,26.681326121013875,41.70717358430481
30.342502399463225,34.75552404224585,45.14246535087338
29.15783930081172,13.219103153655817,38.43137381025766
29.938189810998836,30.895738676084953,44.87803819011294
31.732143254161855,26.083925147208074,43.388875748842054
31.747449425895052,19.810863898290478,41.68565661845144
26.265826328880333,27.364758457259466,41.89733959289228
29.20915244881634,29.270459700487667,42.02633507019376
30.56137725388192,35.50588632671737,46.039459549255675
30.566137829574906,31.12398434056678,44.81635351619224
33.34520659960357,24.019773288769684,42.40487841550103
28.85942974760209,29.112681292347077,43.28840939280654
27.87968711433349,34.9538302113401,43.54465103284079
27.71460253396559,33.62024501030964,43.0128487324597
29.091478601336895,37.82797026186594,46.95655689309125
29.99483090316777,32.045824063477575,43.02321093669652
27.10659243017645,33.148662064983945,43.33535639019869
30.50240508099532,19.985982298827018,41.562218837439985
29.74708048680658,28.60940850526491,45.134165888446795
29.987506312161827,28.604664957650396,43.92614372815769
30.0289101603034,22.75466827057201,41.131267036187445
32.65241772268777,39.11467824479739,50.05312451338984
32.22954120285404,32.76746358309928,46.311822479219444
25.997333366777646,26.593690818415595,39.50262725411211
34.23596962291411,36.593308359095275,48.18439886598717
33.11703950189985,32.861436426655246,45.6439079770282
30.995767398323526,26.054888061975348,42.50530901990913
29.049182310657116,32.25234022759666,44.68364819451927
29.09015646798119,23.865933883913684,42.84568385783703
32.36858714017338,24.691030793886945,42.70172240409255
29.74347149854308,30.873179722758696,43.115267649089205
32.89090055365718,26.64625322680011,46.09129685847164
31.282303971415562,23.16745959696611,43.90839717137989
26.982587935418255,26.705945631851822,41.737135608622
27.918384262151086,26.10033095514303,39.41311537861198
35.0689557224455,31.325640387201922,48.00507832542309
27.25861297881398,32.08029055385409,42.30425107118808
28.389464964446418,28.59163761186576,42.51196239212688
31.722997645358063,29.00585368138608,43.8857748487213
30.339653745162195,40.008589856605106,48.39512232715994
30.929597414956245,33.080615949327495,45.1947219649412
31.74567088023118,24.682807374777894,45.43567092698581
30.046058716142845,20.486471697605708,40.781332777645574
30.16660673419368,23.210468455753286,42.4584164768159
32.50172797269293,34.39706004245648,45.66928855317619
31.689603772930088,24.774009231204495,43.666708799516734
30.28572039603602,30.96312056756591,43.992600918002516
26.578356285885647,38.59815165789327,42.8699150454437
33.06969975171842,32.781718527340146,45.98310999612681
30.023457524597454,38.34936940602567,46.77692430713289
29.001322130764496,26.900805327074995,42.73025644292072
33.61158724888296,28.652329670774765,43.72715402361863
32.14499833696549,28.113872921887413,45.02438480861682
31.27733246644847,27.918424666429342,45.54685806907931
28.42110176626328,31.120312414790916,44.04076226820623
30.679728370092256,29.76846134726196,44.86717705358599
30.137621111643345,26.881517621586024,44.05944712579844
29.76969963535165,22.941455930317087,42.59233780547194
27.347131772652137,31.797887132598433,42.24533553923369
32.7516305137039,34.0462108957425,48.96949738633786
26.65247733503347,29.51659657382913,42.84724674439824
26.862175879565655,31.320266899813415,43.04896949422285
31.691328098468986,28.52169067888834,45.71277837642003
27.81343020009647,26.993367655649887,41.73920424502061
30.294053298846286,34.86768402804083,44.12699663867823
29.218494554452672,32.0622494001962,46.212287706545936
27.78251140047351,35.24228358034583,44.00963962803858
26.12119014822672,30.417765341479885,41.85129858206029
28.49019611554607,20.483513965985452,41.34477445026925
29.404027195643177,28.535511458992186,43.40793161876298
31.288191856892425,25.722670258033954,43.45468434886518
32.17619897737164,26.464203353486297,42.06742829978745
30.757802771669898,27.585942509736842,43.29474934716134
34.20619644459723,27.516577021343938,44.41812547270899
27.029427077339275,24.87815784587986,41.28377969444664
32.30248230569575,23.886774832568364,42.88607571252834
29.53925059397124,31.394097132218295,43.46915836483706
33.07092924863301,34.738032423758405,46.5879051229286
31.888944018199563,26.730995626749195,43.076526293104905
30.145895538071244,21.899881142308736,41.05439494083626
31.679207676286016,28.549853656280888,44.269099022765566
28.33531718820698,38.62263921205522,46.443811995150874
32.17374820294575,30.256504418067873,45.565445299015366
27.87546481793273,25.674405128985484,41.10293153694027
27.161179459075157,35.01130127350334,41.71775597668856
31.985740916222113,29.914928861736218,44.608566679589465
27.130713808048156,31.3318021270896,42.52222974085097
28.828521089125445,25.88103408339395,42.60455626751731
29.69038050233896,29.56315983400929,44.65851324798139
29.191954451323067,31.814039752219003,44.37807649719601
33.06017930204108,28.506059920897044,44.23923231651403
29.514383590588775,32.06029524348715,44.938578650968026
29.549257930532264,29.89209511676288,43.30670834794018
30.21410447057997,18.1537006413132,39.16376197328154
32.70750821653407,25.544985473605028,43.50653605749032
30.34878577847534,25.833606075006358,43.94162503658309
32.03615755127718,29.175033889554932,44.44531489970663
28.582262221358818,27.09851066321353,43.165289444098704
30.80316817097972,29.671126710396692,45.364395530039126
33.86318894720146,29.59481604625287,44.778451286779266
30.447498419413026,25.828461083009046,43.26072383814945
29.426153627243867,26.68461060979189,44.24235919602514
30.01094098368734,30.939883860987216,42.7354939663236
29.67678154334895,20.075303338686552,41.811653183326406
32.098387864457884,27.233425334775013,45.39041650763818
30.792461101162168,35.94925996188864,45.98894399850392
30.471052552140108,30.28604628041684,45.66175318316558
30.3953910083611,26.963374174790236,43.43182522591831
29.667209803941414,36.25674362812486,45.24397642026451
29.95589380229684,28.729954896454174,42.208023270175374
29.823312896381516,30.915489897171316,43.80056566894787
29.26271522369728,25.57068049420324,43.01250156466359
32.068834335657,25.22975881484356,44.333646840964335
28.823362113432008,26.13012300168952,43.53119222506251
29.590351990521423,27.871235611073555,42.663305712305416
29.23209072245042,27.529969783756343,42.31428208594092
30.751100130903286,36.03640654393759,47.27762300501018
31.35778813551272,27.732367612878104,43.564463549881395
32.666493541770826,34.67082441206697,45.731594360086106
25.49821255183594,33.59549395520143,42.652206965189166
29.226349161784213,23.80237946895029,42.011536181530595
30.154265575973355,24.629173711151196,42.03771023352184
28.12129618874913,31.830357049119435,44.4153938795348
28.954286356384955,31.408166483610287,44.80907879204992
32.204101912765815,29.814531288969494,44.12647039554072
29.810120189681445,34.201156071759314,43.23708755536724
31.74513975757959,24.265213328578653,41.885818194028495
28.59246303826935,34.311191673368235,44.89877248231465
31.070486587888723,27.34616753802947,43.66432665594627
30.172147984757498,38.15609566669357,46.05957468099674
32.63891050170876,26.18663322709419,45.70944661405999
27.146541275331412,31.29624840670891,42.817472684211864
32.04629086937109,26.275867757686804,44.0655663090448
31.548854331837585,27.43523597550045,43.00751224993627
34.565179939711555,28.093794922707737,45.60801083255412
31.8408363152794,34.53186853604818,46.959164110612804
30.036686338068364,28.322668888020036,43.18928336394383
28.298968180689585,35.38310476638897,44.78061040772655
33.68334471111082,31.13423204973733,46.44935043652918
28.96967542229346,28.96842549642816,43.28734575853709
31.38278909014189,29.756866683331094,44.03394757452135
30.873812780253044,29.175448242367537,44.44286756712893
26.551420289699383,33.424871161212295,43.223477154110746
25.814338629039554,28.022881192351697,42.31739176616126
30.36061278962633,24.763432384538234,42.66918818598382
27.640557081212542,27.553965185689876,43.47042703417108
29.818075023336238,31.661129336249427,44.564125510208555
30.66916641132229,27.535899680172705,43.4300641939381
29.62948981319082,24.76136788573195,43.02484987772069
28.623946518187076,33.777032299439696,43.60555852972359
28.25311387022916,34.44681717359127,44.11692227026467
27.88014241461785,33.03520281918871,44.65231130220175
29.872983716733877,27.143369635634727,42.72342031620782
32.70008135647687,30.620168616767963,46.03082902317374
26.40018956875433,23.668704418731735,41.00888068456734
30.753991179062382,26.58977265975827,42.69982255963462
28.328111573551205,26.675528695357126,43.03594519951301
31.408409698684444,27.416416082050517,42.16108115417439
32.77484451772746,27.175608832670473,44.177368752681225
32.12595128118265,39.597366812760676,48.82563932742081
27.437781909381457,28.791074847651707,42.41382679572144
30.18766457012623,19.85472587487442,40.40732595508539
31.40109029023204,35.84701061659328,47.70894713221572
31.240910347769233,27.114003752922724,42.54896502909713
28.373617475251375,24.036665383110584,41.248717362727675
32.048267795505275,23.280872176766284,43.17438846514102
36.396159613303595,26.00440468694117,46.25533511968028
32.55634717340872,28.18819000291946,45.071881131785716
29.425649938107814,26.488670953603318,43.411168480456894
29.791244108615697,33.077352637328595,43.73009770825455
31.018590588007882,23.480861656202816,39.48389963265923
30.649890957916362,22.950841229135182,41.25850059342787
30.639116319245513,27.01554034781669,42.10444371799523
30.703076454986963,23.651938288240544,41.742040810762504
28.949982027065122,27.798442595620106,41.44651860755509
29.16460873959793,27.918400009784868,43.86910027795884
30.011870095752418,33.960232751358426,43.695214744539285
29.95662390047793,35.85037891776648,47.52444875237214
27.683936880493455,32.356605165531015,42.92475017634223
28.87164127810084,23.866231261545945,40.73511390296646
33.59415199190692,28.03336053044064,44.46805335178583
27.706805192884232,18.741327411717403,38.81642533442278
32.37655111647694,29.89541346696982,45.07866897535569
29.23850307822841,25.201021784124954,41.243848960222024
32.41353862301038,28.872829358284136,42.24330775496753
27.83510545001096,35.86677763747026,44.66737106814159
29.16550682376607,30.3765848931441,44.66018616177932
28.40268947889802,38.80833620586912,46.011554637331926
30.077138678702667,29.450302430550895,44.916381330716845
28.750705011449213,28.51875220526025,43.20040133978239
28.495869660136986,27.544904770806017,43.72526736125644
32.51000352281822,29.102644949380043,45.32134120857894
28.36396349550223,26.364021119904375,41.400347889301564
30.56945464236311,29.210378267362575,43.17728971623245
30.3046986306759,31.165649472864978,43.879476803533784
30.29812113929504,26.087475215936973,43.18657503159974
28.96396349641793,28.542003819405135,40.711681667667
28.063195072320767,27.31653754349976,41.83009528557457
30.829603461640627,31.67617670598325,44.59223847401855
28.00676838949029,31.582241647588404,43.27769213131176
31.264268988502167,32.593084938611,45.94787189502844
28.74856817713484,27.298109097217317,43.37615026216157
32.4797940219817,27.793466644744612,44.856513957251984
31.136912498485422,28.51407335249731,43.93252103775148
30.87195613980442,32.504227351665165,43.80940686751617
30.337486960845553,30.076250830442266,44.19001854278766
31.59251791311598,33.06247412519147,43.615869928759516
30.212969408041356,34.00970804148133,43.991178918642696
31.73239275351315,29.720472217638523,44.66518612930055
30.03564788148887,26.686076008149506,42.28219856310297
30.095100588565565,26.313566787640237,42.54755019694526
30.209323706832564,28.124832377701296,40.986507509020804
29.87648492753697,32.79332810435047,44.909297853531314
27.48158332175928,30.566677542747396,42.16955228042098
30.74426344221129,20.185246573438125,41.53030648987874
26.97706120867904,33.658747507279756,42.974037390661394
29.552707259661616,20.22451762330817,42.34883022313298
31.66094362870739,23.32608657598169,42.018131655758225
29.25149853187267,27.48099787493576,43.11269923928016
29.955369493469192,29.87125839288956,43.60144627699182
30.12534453408001,24.578337853708597,40.486168481777426
32.428885902748895,29.690892791517268,45.77387653228212
26.50793595175618,29.757014683762012,42.02804259285347
23.360930343080906,27.306465956577608,41.169609469661154
28.610440530926592,39.20149871308698,44.113104238038495
27.894583090501396,33.33142816597151,45.05959286352331
28.34693824947868,28.053841468987336,43.775397005882894
30.47451136754437,31.566932375622034,46.70353411952508
30.791632430649,33.97305512741758,44.49382957387793
27.113895313668905,33.37459810097754,42.956054070609575
30.091561104872977,34.313939277761406,45.79697888339689
27.075048995993043,34.32598537271781,43.90947299308203
30.530829288263586,37.43199140158803,47.20464733534996
29.198669271701185,32.70964450851836,44.94623087866742
30.203789440315777,22.890192246510647,43.23370058990419
29.08290243636211,37.52416439955555,47.149725767564775
29.10751753579785,32.69613486972112,42.44779985564345
30.938863306444393,27.374735364085055,44.58033673147077
27.37742610746122,29.69374776110904,43.01079143606743
30.830959007429854,34.13757268762444,46.66604782613481
31.999891705663817,33.985425101482306,45.988593627845155
31.384900131288106,28.06275230251929,44.53867112332558
31.31892553889432,33.273169649000955,45.52064066719458
30.094205955267714,27.306711981452736,43.85819968080478
29.792138685905986,27.645764997864724,44.70323071459995
29.23955390661678,27.673784284422073,42.69122503810477
26.92870279987138,31.320993598568617,44.33347270220613
31.795739062315736,28.643137279961962,44.14198687934222
27.605953681930835,29.089731126981487,44.14301537878002
29.810156019427666,24.841734642686358,43.92208526928812
31.029413046470268,34.26118859403006,44.95659775984297
28.676982678628924,26.59508605544636,42.105959872666176
30.015458044801505,21.701884336965477,42.51574589785325
27.611719960800936,35.33631255173245,46.66326132862889
27.280443243607316,20.196774431670953,40.745392576592614
28.855840683583015,31.99297618287861,44.64173301935221
27.564066156178335,31.652193222767377,44.075407767326894
32.29313130425765,29.520325085296005,46.24537241002754
31.11757079669944,37.61890719945012,45.48407005310055
28.578311958938087,31.43329571634333,44.589282161454705
31.46371467622507,29.631432646247966,45.042195322985094
29.351925778676236,25.093996716190713,42.874253053580794
31.860354976245883,27.282916618239277,46.27993503849264
32.66877366053877,28.2597961039235,43.80840744795664
26.943977555922018,34.59129696967322,44.47567278397228
32.4081322225383,23.5066520074772,43.40675364701029
30.126601625103234,28.18696371780513,43.39920094221726
30.92504945193224,24.745560967143874,43.013807910157134
26.563049659508632,28.4228511910352,44.03008048717307
26.882378743358135,28.725587567096056,42.379545244728256
30.866075901537634,24.437448760828936,42.67373821173759
31.67390258138033,23.952112689643677,41.10779271832745
26.439785718579113,35.27462203804161,43.895837723800675
32.42605810497202,26.84804804804284,44.609145682644616
27.898281515797837,28.992952838444747,42.11503629035322
27.70527856028975,29.475828211424137,43.186314611151744
31.259901112176486,31.021935187737267,45.68124955102935
29.131804000831572,33.58770352366656,42.79452214782177
31.215219706090263,30.4001559959855,44.832049391172774
30.021131233006834,34.19751384161409,46.378619200601094
31.118109036641485,22.838442096483035,39.84951470614365
33.14071147781893,20.234803212267032,40.74992708906329
29.758918989133125,31.291569045875537,44.81899532859029
31.5804609864361,28.229807058632826,43.15987852317718
30.271673003313182,33.4721792848824,45.938501124319586
28.35466407852326,33.27006107236231,44.83311700686832
27.957396624469585,24.61300848599027,41.247088599729985
31.41552744809878,27.2064808497897,46.75188135156975
31.754810945524543,27.866569658708006,44.35335192309515
31.262026641101865,34.24542492863917,45.80624407480087
28.626067068782174,24.362808512223218,41.24242669494975
31.597642519977345,30.24403622919767,45.6396356453551
28.82165310506374,28.936924625329574,41.78887253867687
26.40137573950005,30.920076282265857,41.503294796969605
27.306910140557303,23.18216208588546,40.31476920773719
32.80063937838934,22.14320560677682,42.66268934698886
29.304649136993042,29.818334218302248,43.00420418448432
31.2491811685386,30.675935166666243,45.41839615021725
28.265830922461948,22.379790763972924,40.681465593564184
31.633683025677374,26.886590814104114,43.22901400439309
33.50999176305484,38.91426094899728,48.62268304575478
29.70321595948397,26.231088711236577,42.75527143016981
30.369732415078882,32.12719225954072,45.176072718806196
27.490454108501616,21.658721121609375,40.89916788068911
29.011424845689113,28.889875677008742,44.26316340953655
29.2797528148192,26.386519051665214,43.04868846499537
29.010308491580506,31.395750813755516,44.6519413555224
32.45864772231895,28.189580428097653,43.722330196094106
32.72978154732665,19.754932881514303,43.71179770841741
29.182215913509275,28.721372370223303,42.93552748849079
28.465957862131386,25.7354795112458,42.05055280904823
28.84864038149699,33.69954304583529,45.362670204194785
33.5145773634249,32.80486679640153,46.222113404418295
30.422821769409644,41.577891674044,47.906321543452734
29.39031212875136,27.298558765184307,43.82336837643566
30.598266254021887,34.46933485942594,46.83730381848645
30.727529954280936,18.734482847319107,42.18741863245349
26.169101050163942,29.582377379230433,43.31009440288138
28.60870504669144,22.266155738986505,40.94823793880641
30.457600768067415,20.37732963038979,41.64903910555775
31.67029281061036,23.47529618648843,43.75878972676044
29.58006090635633,37.2651419885166,47.71555293041487
30.233361806335093,28.08484695035891,42.12683913317341
27.317507261335436,29.830852729097366,42.627281348079386
30.743319960094702,20.472897170820012,40.966319314421554
28.773066338955953,22.5650425962332,43.173288887031816
29.87784099605103,20.657662270140708,41.7148692238235
30.99798060967249,26.560102104241782,43.14555293198618
30.35139750880009,28.895534508436327,44.49212939354864
33.63009307304307,25.26763034705078,44.44487552911931
32.435182978893785,25.776775419177046,44.16754686728659
34.063856768233464,26.894925089358168,44.32697310918996
33.39966239052856,25.16736688900533,45.107919680114186
31.285529103829777,33.65434989543416,45.62307859981637
30.051462511780596,27.20389013854857,43.188854374106825
29.343189579150675,17.196403991174968,39.13662367922838
30.115398221980115,35.643631280958154,45.41291327215622
27.887052933420396,31.814207208183443,42.78642541760935
28.467095861119255,25.122923773849564,41.974711652241325
26.098257723808658,32.3482211565677,42.718898654838746
29.877199373692502,28.990981860938902,43.145362623324566
30.157171681841014,31.68287763333186,43.242206568039144
33.33619878692259,33.38952439257921,48.05888197312667
30.799512546592403,32.585434942268606,45.401733367493435
32.62924348526261,26.223635942741684,44.02642635267984
32.47014076956641,27.32443229779236,45.80217388026512
28.220879633471608,23.335292582867606,40.327255029960774
31.20419198773333,21.59641796316744,41.44488172279989
30.12426326483071,29.072150371798802,42.64850198964371
30.870963573436864,32.030914045701174,46.78004376900822
32.24551756787863,29.81233314018982,44.07197399594883
27.592177737320938,25.90272119472319,42.37874762852655
30.878334949092984,28.75783237588308,42.96162354972662
27.044795105281935,37.70585875042272,43.17415914777135
33.95166353280951,33.79398747648873,48.95095419044192
30.971756395341057,28.93630112789632,44.607942146882415
26.700137084997444,27.124092095436318,41.633504543590696
31.496228715245763,21.944110631695175,41.48706208154611
29.868572580841846,28.0852444717619,41.97927827305039
29.36268583458929,29.161112667081238,42.17251916697818
27.79694877466546,31.75528485707726,43.97573218566075
30.915446037071977,32.53165216869549,44.44380942661767
29.177389648163523,24.2552415783068,39.76957739156001
30.596860360294574,29.986442722428233,45.02201287017543
30.903326618815832,24.97409189117489,42.662122349563695
31.587258179851688,32.33904355309532,46.28332083606064
29.693547390346794,37.05682394015696,47.25123497217083
33.65098992310536,28.184247193913123,46.303676363142856
29.9236225999717,27.43688882003622,41.9247188905874
28.779677684526117,33.61429600388922,44.26928901301772
28.832051578932305,24.97724051029513,42.24933141272797
29.968662006666353,28.929762173658712,43.721811400063196
30.27638039520573,24.118381075356076,41.91148771464716
27.94945856075887,23.51913411388911,40.746143701027556
31.394436841093977,21.06465707828205,41.79940808507519
32.638671472843086,29.98837861062159,44.266357313418546
28.38730564959077,31.29529042514283,43.50467304314991
34.225643092474385,29.644874450368413,45.87870514394422
32.94201294094177,24.53528663887999,43.43459429495381
29.726603873290575,22.606068207218392,42.44544295439452
28.287730970756204,30.614854585594514,42.80920644154241
27.421891256692675,23.348240105340704,41.173231143514315
28.902130892096714,31.58603430661478,44.627012870744686
30.535283569604857,36.68467428966927,47.6786022933976
30.219802953837714,31.22864970816769,44.106547565857774
26.58697645675699,25.704012830017984,40.66043560712211
30.23011485605102,30.648148130884195,46.609188837579204
28.359419011691347,26.445491940072397,43.188828738240026
29.442733404842993,26.736418535226427,42.458574701094555
27.29406036031342,27.580569463648263,41.101716154092344
30.046125646585484,23.552403760893583,41.49105680969042
29.154230683265762,30.502588796292777,42.519034544419796
27.95748461392606,19.717381498191394,40.01748067815368
30.01935434891142,21.9954797740137,42.1998161255623
30.741149141878072,25.65114623437472,42.64893317534699
32.90419764761046,33.27551700238036,45.53422914541275
28.730834697304577,25.760148445455247,41.372240030223026
29.927858064589326,33.3055953689627,42.850173926906194
33.66378888592477,25.730578291177636,44.75458066262416
31.65001176184573,26.75248250760569,45.86220445555663
30.113067896358714,32.22103413798945,44.2687990133257
29.700300940408745,27.29304466575411,41.00280804840059
30.337223079522754,36.07145726064772,45.650700749954815
34.167744215369076,29.05567569736486,45.60965054812943
26.66985326901308,25.69839216780676,41.72635506328797
29.60774416151904,20.463605177137552,41.96269062960435
30.12920833674058,23.12781385433346,40.37556617602354
31.640960706421332,32.85189244761053,45.234934571427075
30.466070867364035,38.28569392507278,49.57879863208482
30.677900636083564,31.214029061825023,41.89830699747052
28.95410334106128,28.464266279715503,42.402991108336835
27.849645094414694,27.858273993396363,41.8057356485045
28.739263462650694,34.356417991101935,47.44899133998643
25.91802798439868,28.804434350495853,40.42370535532714
31.134360306003266,21.39401798398803,42.45403029891888
29.696314291444697,33.55280907910392,45.18237588714783
31.347336008752848,25.18904249696095,44.00093475724994
34.01805513793378,23.106272413058022,44.181723225738615
30.87993170975421,24.30121734815734,44.2899935350306
28.807281317048133,25.13152550162105,42.915891466768336
26.95180375233576,28.295403018048063,41.16767851888719
29.85303241982176,23.035938976693064,43.5453026885764
33.69842574846168,29.89752198301407,45.47459999978406
25.586791480346086,31.630175636637148,41.252194990102566
29.903587987045015,23.038754715688377,41.85304220554998
30.493024223262356,31.847548713779737,45.81478358654269
29.868700668352048,29.463228781569413,42.982183552647506
29.672642006303715,31.399387808748475,44.56808104692301
29.902248864863108,32.81575428233786,46.2249162324297
31.499618106514976,21.76651002614556,42.44481806814694
32.15322775265758,23.98827236997282,44.20550176802895
30.988091430928336,29.240226982696793,45.46226783740823
31.710821422938633,29.887630158509555,43.43755754057135
27.680255413430647,30.660463307777402,43.15275322487713
31.52377673212903,31.66796473093671,44.66038731054747
30.796364488584917,25.198395796849233,43.22270716739552
31.42174353958129,24.82957871026875,43.97090067117738
28.13450674695903,27.75044421666127,42.5662488048722
32.7579246310731,25.00776401115685,44.2960801604209
31.156047328779856,32.342077569166996,45.29602126437088
31.121526298539663,34.37593995751506,46.90873748232235
30.447516638503025,24.34951256161282,43.62990726501751
30.31546640394553,36.246387154956615,44.51343247098237
28.01651977886949,32.946069341848045,44.71672841194925
25.323489054350567,39.17122054134343,45.771492894882165
29.581382383654137,25.54519156927449,41.51087129676148
31.321657338917717,20.17799098619872,42.899432211085426
29.837191015797362,29.049509372666424,43.33271977315767
29.214858378786694,35.59819597410014,43.58247631470563
27.79992718542219,24.550109011871612,41.130451896821945
27.59653265696373,29.787761198074698,43.24118578338535
29.67759870583743,26.81317561756752,43.161713977169306
32.34066783505166,26.39336037929456,43.973229386880746
29.154834042796423,34.900948888878524,44.09623442187439
31.887906205136165,25.140063098964788,43.16093113103791
28.453289267469362,32.37446961847907,43.94204428584398
26.471820902097893,32.972599244744096,42.43651176553554
27.939177553560654,30.55435224500161,45.11226816483484
29.647177592343862,22.749829376495537,40.822791900227756
28.345002626256157,27.862443404780322,42.225505456342454
30.580139065271343,36.37928884524742,45.25184591148003
30.745165361820806,30.084760521151743,45.814410699313314
30.495817692719744,21.72871853948605,40.01567989053162
30.70404262883029,27.778301616842533,44.04440539943024
30.468264625496673,33.93888752564811,46.06023891085837
28.379910704259448,26.173924452606123,42.14938226407327
28.98441765952981,24.841667150702893,40.66877045142384
29.658012433625263,29.909945787872093,44.40190498181189
29.333038671875528,31.428364926650477,43.5640701124747
29.421290631359664,26.04533730960653,41.755612686991896
29.54449138107982,27.774317723425856,44.06657487518337
26.140803943610063,30.63984250225389,42.00816194328323
28.875788084433506,33.047294910171,42.85104608381982
28.248050186724345,28.708859304664426,41.982656640438755
29.854847229079184,33.524223692657515,44.034786138727824
28.512790042930696,29.945288270398287,42.95390231602269
31.99976289060805,32.04442522692226,47.030149088617804
25.85894964069754,29.207873558394112,43.17607762724426
30.4120279738477,25.816860745794283,43.66740773720566
28.066118565199325,28.484378673021716,44.35772012491132
28.340175561277324,32.17861834486726,43.85591944245183
30.45091361125005,27.59120333436123,44.55820123113867
32.61150272323618,25.37334297905486,44.99336161400288
26.06039615516304,30.3481931872315,42.69845402104825
30.14524554092936,24.806852911260247,44.29130141418112
30.28149516216375,26.021124246900868,40.95727652940579
30.50979248941719,32.32151577497374,44.58840117632341
30.56685252751409,27.21676639462569,44.44773769708302
28.058317124337883,25.48929713281756,41.192068585085686
28.949672518349512,25.696763208546123,42.67508577669271
31.19393902973094,30.126631778185196,43.26816475255732
30.475566675308897,29.051546139087822,44.763374507881785
33.043360643145334,33.42793683680239,47.62602287195649
27.68514296329061,32.53031015016503,42.641331173118004
28.249662947888247,27.24652552903411,41.40559546714447
31.118561626590438,29.623562368649885,44.395484362222646
34.56680763911148,29.105736075103465,47.25016254985936
26.961555068993693,32.75365253849597,41.2485877669357
23.98556089342049,27.895119413776452,40.272284468006596
31.16296849910291,31.93741014768755,43.91458628117976
30.731223865441564,28.045286283998777,46.102912736272444
29.485401408085828,29.01198352247317,45.06010956167167
31.761329784001944,27.888168558338613,44.60752108985936
31.70047829057889,27.976688736882387,43.25633205804871
30.068339372532826,34.03253663057728,46.56995724941707
32.88977840752196,29.090042540635906,44.912855297971376
30.75961370170809,31.386033406985383,44.59435357742111
34.556317581057634,21.831203767944466,44.458592759434445
29.391331405267245,28.967117694030495,43.255177156085374
34.6997438279873,31.246816852329818,46.69526560195397
24.99276615360352,35.16690525201429,44.05226952694731
31.103792720074903,33.33078652119521,44.76549814917099
26.13936640808259,25.895152158977044,39.90521905504344
31.122794349325776,28.30077293663232,43.439326375287784
33.837387662559465,28.913318570794317,46.3327831759441
32.35048084682926,26.89568046494035,46.33706269161739
26.754381986223585,29.967251829633963,40.66689463681249
29.710441800811008,36.03556848912783,44.79049748556315
32.42045969762608,25.392743092304126,43.71961033623606
27.991203828129983,28.881389874625302,40.555312505315946
31.021203460931037,25.55140703490134,43.509883095122284
31.412434882868332,33.186080921669685,45.93369212574433
30.060630100981346,30.887787793838758,42.17845289340534
26.51983130770386,26.41374269293213,41.31361444410375
33.25965572813028,36.85102809608484,46.622749466724095
29.355663654456166,19.602326815978856,41.9178959505762
32.84471269052857,26.199152699738793,43.555165807297556
26.70211722455622,27.809887048996845,42.124925286173074
29.74283921211013,27.70998945815819,44.11559510307177
28.70075627887018,24.463181241417388,41.12122534145418
30.681158881019265,27.120170533855624,43.481507689521976
29.954593577324147,27.732509415147128,42.96399660826165
31.636564825435762,24.56390084261166,43.02447188454291
29.525774043688575,21.606923504843138,43.30393662603715
28.69740770822862,28.010161571471695,43.20991473673775
27.832186427169354,32.63623790003256,44.19832540995132
32.19831751405766,20.65828173765087,41.4785398261134
29.823275200306323,28.59105076873685,42.981907822169745
30.294684702007547,29.58465005860977,45.75472535153836
32.74648478794333,32.44388937321637,44.519244302838885
32.81826137934074,26.931902661897634,45.58528353100596
29.802294382776825,26.756502849958746,43.91155309604717
27.270485555713368,40.10327580959105,44.67991412649013
32.65017912692177,26.185627570290983,44.34453597292491
32.906532831653024,27.25954112590191,45.29208777430501
31.668006167957216,25.424306791136164,42.97662040179412
30.670642266371512,29.214086472369512,44.4299097959286
29.299040056023752,17.721064048677064,39.93412474469443
29.87543720744824,26.012461759199358,41.470641115420364
27.95515079789174,25.252309520164566,41.43387131551378
30.15695875960679,20.40901745362165,42.44645020662859
29.310492027775236,35.06958190373027,45.364481473799046
30.444212452999928,27.094264188330445,43.95740360574518
30.201535843497815,17.05126569700561,38.654114151041604
25.04664190943073,24.61162704839151,39.62211357655906
32.31218431892841,31.15558983023127,46.163564222626114
29.740981278379607,28.19351444501239,44.55463335680303
27.119201339441975,25.543925063324206,41.224840636309175
30.70144335204258,28.93999814586987,45.0442546760788
29.412848224716257,29.15292202501721,43.01538753113129
30.7076693995144,24.31001664351608,43.29141802409294
30.337336534337087,28.893018459245702,44.46322599410619
28.219592149758146,32.6662880880296,43.12885976282771
28.074188426507142,29.75469490230827,41.47531112400311
28.653107916493884,33.61338012763078,43.964397578534864
28.45245145577423,17.87256690759505,39.10219011295704
34.45917144116154,27.72351161913391,45.78910983112612
26.662730051873048,23.75106921538389,39.968745070911154
29.932634580170337,28.686649225693117,42.98908692707573
29.54022212194663,27.494537624034386,43.227610423604524
34.836764721596765,32.21489550244871,49.73160279001527
28.454732100750714,29.822109138826136,42.74783216819367
30.380037278649603,32.641308773439505,45.01471990918639
29.693232235321698,24.485295107924564,43.58512627945166
28.05937430578436,22.59537681480307,42.428959494009526
28.18114933577608,25.18152592671434,41.75296167868384
29.604028370703592,31.04868180823333,42.145060894907324
29.797434221901263,33.80234442886744,43.82866196827034
28.424336889637154,25.19143980274514,41.491603835002365
26.839829440809485,22.770102372700542,38.82730630275883
29.974784971470402,27.59542211592556,42.59411998533199
27.445683278341434,29.2306078873011,42.50223556350972
29.9581656103821,21.198889078760203,40.09843595551659
27.405766234214695,37.50671534081668,43.94153070855919
30.73620659289011,34.61013150177211,45.841814937169374
29.76886112768159,29.054883121813354,45.09019728597487
27.560083793894986,30.011914272888482,43.223704627803386
30.932079737461038,23.221353498572853,41.20036954104787
30.203782200336395,35.24630643630549,44.17784688543958
31.6504822932923,28.91475221958125,43.79199972519657
31.087217451610748,29.657196605703437,42.94441550357466
30.581870302633686,27.575367783071062,43.26879102909629
30.727285297569974,38.17392695979644,47.40448537947146
32.90827841345198,27.429580010936238,44.10003250103988
33.667040132070575,28.225899270224637,44.394785476273
27.899518457479694,28.709425368535268,41.945854994421644
28.803635006027122,22.455853610844812,42.85693946893299
26.832873242720716,37.276212067204156,45.07042851751013
27.488519485382174,27.499949528993298,41.874230426483386
29.80403355591297,29.286407267568816,43.22991898726088
31.05168930444694,30.44932045171749,44.28688045475814
34.36347878505927,29.167867616914606,46.36150701022917
29.903076760240676,32.698022160731405,45.2796173236192
30.81308977448054,35.795075181189844,45.96485044371236
29.973261825878453,25.195626710322262,42.720944820543046
28.369204347211895,32.37240638605592,43.46762687691624
28.247529005916643,28.237369327239374,43.65806233103904
32.594700150548775,22.571875286883284,43.80070022999425
27.712640713193167,26.055792523461527,41.95637339260876
24.13143658165927,34.872575170680015,42.4064652991295
31.534553399210917,23.155403217267974,42.605910394710186
31.959838925416644,23.689579655422783,42.42714886997331
29.084668735104458,28.110779862101765,42.19559262627403
32.322415113473916,22.891683189304025,43.226576407082156
29.03279263996542,25.433383927820483,43.9348754334581
29.243416005377146,24.121562269601906,41.629411601146884
30.117662909095067,34.671156961918854,46.95791425709686
30.49093367533052,25.378849713098315,43.55732786757916
28.943449399658004,37.98785087928535,47.45537196273892
30.48488605009749,27.679405007529752,43.582811006884384
32.339287763555575,26.659672312613523,43.336271903140386
31.00053676379107,24.076298668190407,43.31507542408651
27.762415870617904,33.89378448914099,44.85885555053287
31.253788718265884,25.19100322918378,42.80347255671855
29.332050634065823,22.798637604115953,41.02706250159712
32.137190089496016,22.232035953685298,43.667740199628284
28.657231079103976,35.19965173626524,43.63553178508142
30.00286986122912,30.734001191835393,43.58672781859514
32.46421887129445,34.6864644741042,46.372465741990005
26.114201156269512,25.530872626897292,41.72036741509479
29.528372963006255,30.465495460116447,44.65213225055916
29.68369515261585,34.990358886952315,46.01816754181524
29.87545801531261,32.71661036849602,42.69336154127982
33.36807548486083,27.02668301312842,44.77793227286395
30.85627734168897,24.040049885404514,43.92530746029843
26.721479274506862,30.84380404595049,42.73230419391227
29.45753303014468,25.51715319170452,42.05205511447922
30.705093941377342,32.64678895321882,45.242588433196104
31.223410558190828,25.1930330360537,43.76751671291902
28.098403391270633,23.103281519359506,41.628956697215
29.133092506774354,25.120429981503566,40.73524857477237
33.02864632115184,34.18771172847006,48.148672582988446
29.62774136681227,31.679338371660133,45.80364434088756
33.0751622384357,32.81576227464035,48.36193766762511
32.34598790677507,31.495822007955258,47.31666450961545
30.6143699138582,28.179897714989917,42.94463914152636
30.668260274575943,28.916367696451047,45.68096900451161
30.79026111073988,21.630985200040293,42.06643482538103
31.0654134231111,30.684108692923047,43.305404051916746
32.5543888140425,23.152353495519918,42.83361401107893
31.097945069840538,27.776575375887326,44.02800885114491
31.652941209516662,38.30335559749418,48.24168982733792
32.84532899215551,32.61324603895606,46.5565073007174
25.970068474633457,31.692843619399472,44.057854783892225
29.514357303470316,24.43792833843918,42.489534614689525
31.209753277642694,30.49627106647597,43.962920716988684
30.492204081961038,32.128396009136985,43.46071259075618
32.848072761119944,30.7715899231182,44.787202470352
31.01027639515335,39.59808368051162,48.77422811024715
32.66103709631087,32.36425644005548,46.30973408697701
33.16255075578438,30.792942412930543,47.78291379086752
29.679571040695652,29.87841259099418,45.18438495482353
30.310317547250964,35.003924782883104,44.91465534787467
30.272826295471123,27.608954465257536,42.41559343784444
31.344602339290102,35.052207588950395,44.99325387425426
28.044139751511942,26.395742808296248,43.41373428526876
29.25933720025248,29.582947092157454,43.321684282150066
28.880736144187217,23.719353563364137,41.6535705953822
28.0803596663062,32.26283820656739,43.581240900292165
27.12393118008537,22.77171615435015,40.76043466620282
31.96336664958727,29.068538716591597,46.398930459498374
26.49047073287073,30.914240723270883,42.4139465463053
31.077731043836007,32.94409249124771,44.966765082143574
31.106247583603587,21.93279183925203,40.742405336338905
26.195985429807056,25.43228657405614,42.42793345306734
26.722933783940512,31.34957903465881,44.61613317065736
32.08141481194587,37.13317632745354,47.682026622965815
30.37883155669317,30.948933115828737,45.001222807637745
33.31696098734672,27.76998498234982,45.649583086392326
28.999484255726767,17.357006919111875,40.83129019241291
27.006165068465126,34.32714484096425,45.29879297986925
29.534339003871086,25.852575997647868,42.312258494279206
28.90713033493661,28.21436032116666,42.5060122026541
31.73986417009315,27.61933000051759,44.58887503710064
31.004795487109785,21.45912056501659,41.48761571174073
31.066137909964937,27.388337489875482,43.69201030122896
31.84986239454404,21.8484595961409,43.94198439457259
27.09660204089104,37.044457496572385,45.31148374724033
26.319427904333914,31.755465045824714,42.83073100877519
29.45310989958213,28.504714592072805,42.753233941881284
31.724319832156205,29.197062807291356,46.00445540229986
27.99496240529929,23.897762990911627,39.61106389275045
30.04212021269932,33.386711255337374,44.137554384465695
28.640127861938815,40.12549412367621,45.16835335449442
32.34818400969737,19.131948833985366,41.90753800667922
29.320362806539382,22.02258551630983,41.4089747108057
28.06589097337795,28.916215450053116,43.30822313667255
29.313427424320498,29.25942860698831,44.08249363238035
30.954398884352347,32.58557055951276,43.41986413119543
30.170377780558937,25.1848262828567,42.36116818919482
30.016055948987795,26.495682741763254,43.70199345225995
29.191885552850295,23.783698891887674,41.816947058161894
30.398921302712264,29.595785579858063,44.34182703175512
29.73606537335968,23.74035466462868,42.96637777835448
28.66232722835426,23.043566754679873,40.15793044027768
29.812207591853788,30.670285707245267,44.68307558260898
33.082281679089014,26.596857355127728,46.166079399770425
30.22087201421672,31.24790556660845,43.37391780536551
30.15864962884485,31.391846576825273,44.42356584691842
28.940215259288337,31.649337169466442,44.949472954070345
30.77791408206282,33.414290928627125,44.58827086900913
26.439000337810715,27.549731357843914,41.18820412145751
29.529544445551966,25.730595977542176,42.129735040144645
31.905509063800878,28.74883529314453,44.93497452497589
32.889601264449624,32.76104148264484,46.70517723569327
33.4579232528129,24.748172197786857,44.842969808338225
30.14153365680228,29.81091171476131,44.13817541994451
29.8856231525285,31.697927691746557,44.6720877797488
26.696127547025466,26.421420858476395,41.614815639763314
31.19261400270109,25.050064038104246,44.0421309153276
31.9324827649625,22.652830792793168,42.49193435792412
30.66346976116872,27.67415140063808,42.09559045346581
30.784302198160688,25.809237675847648,41.131630143449236
29.969954907189713,34.704921890336074,43.96387043912961
30.67900865275721,32.19200728899208,44.93351277867062
30.70360316145274,28.893406874937046,43.962057282535476
30.00753754896538,31.374835118452573,43.83718648930621
29.00434654218802,30.81887889145507,44.45789826620283
26.64977457190238,27.578035613104838,42.139219041471954
30.961998595304173,22.559717576114483,42.2304047642704
32.30973180842115,24.026198397178668,44.75937937516628
30.03042072842481,29.70084355923366,42.66562229483098
28.577976256586613,25.749493606989127,42.49124287945761
25.934525829298053,26.650473161301573,41.57405390048936
30.061426454395356,34.14463951852241,45.10904305747056
30.338119989133283,27.991707239764303,43.21053158224893
27.977050785521264,30.56550912907942,43.73638612545161
31.523234979065915,24.49577557287169,42.16315325097101
32.15144072733807,32.69247339179089,46.0054914593332
28.192914443484945,31.145032763843766,44.66597132226676
27.921069244226203,27.86765667196222,42.63062180428802
30.608588046653953,24.690264475209073,43.47477221193693
27.620646523928148,27.502237681297963,41.15952560003994
29.41264018614822,30.73274652269434,45.05371306293573
29.80697917768536,23.850515527451126,42.81446462894403
26.877773028163553,27.516742939384727,42.46166806752941
31.959111319547493,32.711743407137426,45.319035732664666
28.1248427967801,31.579492681792303,43.353139470576366
29.776196928175267,32.49223924691305,44.26114602875686
28.311281151272613,28.415829434562596,42.39157889553349
28.58563013329156,28.822771982077146,43.62667839922922
27.398406149357747,21.189867453631003,39.96648466511065
29.90252860955958,27.845589885185138,42.676749270544036
30.38358473661367,29.198610383622526,44.206181569716726
31.334053537789295,27.930575293600768,42.51121782604743
30.73762320363702,26.776423968620186,43.56191566546029
29.47481021729872,29.973735166791627,44.03364031081644
28.820878011632573,18.071528573867944,39.45229493799562
31.232990067665867,28.833206916008734,43.18508176513123
25.496208746530368,31.465154496059302,43.52672193940064
31.305152057818358,29.22074900016449,44.64974507695622
27.965764970694153,25.847116057262927,43.20255429243964
33.50491908564327,29.762334735168995,46.18462652690643
33.0881581371711,21.187895369329674,42.39954799684829
30.278925714437232,33.37765340885936,47.38297428385716
30.604641391704426,33.110324633928066,45.2103316806588
31.914837397760294,29.647933856226597,45.843643912235144
30.224701016395684,25.545122308090118,44.07583889349078
34.97889959148944,32.5909762668668,49.638800988047535
26.87655085328719,34.90972966963194,43.704463995904014
29.102440369712163,27.693250919587783,43.450844865176634
33.75296945273209,25.85718769386746,43.534834657559095
29.156064420371028,26.19810775497502,43.09109809507249
33.20216428512862,30.37237370363271,43.79986932586854
29.157432923909145,28.211431406334444,41.92677380752311
32.35146572283039,26.239535834594463,44.24115244616563
32.53063937730228,27.89984072944925,45.02021881242845
31.962904056425426,28.209680380845004,44.88851230522961
31.082563411230762,29.71486000265973,44.01574471618069
26.625785902436203,34.76391695852293,44.17529371081933
30.009653760510627,40.50120698008674,45.754576321454834
32.02400494672314,37.97359680234721,47.64694352976686
31.272058899537154,35.48183344695246,45.75623348238681
30.435300851834548,26.994929806456927,43.05946398457474
32.606794057950204,33.0987099255792,45.7608287470305
29.952879083735137,33.719126055193655,44.177458026930466
32.593238607028475,39.77920526384125,48.50323468339368
31.868437584071184,26.14731448635031,45.33730997530003
29.258490149308155,31.729345915670837,45.704623764465396
30.210354348626666,30.641391796823484,42.99888776259001
28.032449070799057,36.14167195716471,43.88281511260034
30.14718655731314,37.7225222545876,45.72013670336707
31.217586545057117,28.55243835552098,43.90373689256092
28.40823689034162,31.681896560229365,42.9674779010599
29.406215276740173,29.50726819289937,43.511411686610565
24.802976642543534,24.03652209677963,39.84419210868649
28.68697747037947,34.25282963839055,44.02627503207249
30.734789840004606,24.565761369897405,43.17978911604396
30.055143359380825,31.537368424540347,44.31047976366074
31.516154043890488,19.163131118682713,41.086198748139054
27.732344378618194,27.171536161924475,43.09033353938146
29.28274529834376,29.118826985370518,44.084974556027284
32.531485037643805,34.97302476094844,46.26264970470091
28.364171767637703,25.65887558419841,39.918692624960435
28.50751367851518,26.662603290859604,42.368393753516834
32.61928379729363,21.504644433670638,42.97321555828902
29.043373021572542,25.111455508672307,42.14738204877653
31.546224855893687,37.677421792044946,47.68863097355503
29.41139877604431,31.956781990561744,44.70742809956619
31.013575865605418,31.363914564462654,44.825927783760676
30.73530837612047,30.049264736597458,43.823474424690346
33.999243793727516,32.256670615795066,45.88063988318005
30.372391618405985,32.35591386554665,45.747180752034645
24.92446058360981,28.170325594773693,41.0309247954938
30.026009893513212,39.19682058262619,45.619596071647166
30.61487271187569,33.65511273166604,45.328064543506336
29.09603011553525,28.223590478203324,43.21733269882607
32.483245029976956,17.256641304972185,42.27655327072446
33.901495404025084,35.89355954528733,48.061343131859
29.64301664394434,25.186814276317005,41.71222252931195
29.295699016901633,31.132705382520747,44.21649170639507
28.393817410312444,24.026975395156327,42.00768183432743
29.78856856463096,30.007117875798,43.299988734810015
30.679580888206686,28.414073043947834,43.16390437411377
27.890162262996427,27.078752764604065,42.078358546707946
31.118044461041496,23.37606083264171,43.7185054440322
31.754475119146957,23.23999393950414,42.8578515110103
31.24799158864201,26.19451072892442,42.92730658832159
29.568754757695743,33.14522144941989,44.88138520914986
29.49115516358397,21.974142907922097,41.370386280863585
29.873914770756553,29.779761384440373,44.087239020444905
32.0416323016201,38.53801967963219,46.98237002638259
30.43432887688914,32.61315503820654,44.81679511322234
27.128485267350158,28.878707590540596,42.73944921531754
32.46045117078628,28.571420021955287,46.004321587315786
29.36316390617272,29.919289479553825,44.523800360474674
32.690318991928834,28.59008437636264,44.25314484966558
33.37652412625958,37.29170275271745,48.19113633947952
26.266721616395586,30.078182144196454,41.290864227247155
32.79413781633309,25.81977389179339,44.28575751498716
27.471548593659218,27.949117216835454,40.432033791282
33.92527854857573,23.73376721986807,43.165571967444755
29.069934597812647,19.18657664616166,39.97675846273776
26.9351468590501,22.34992662333444,39.77222950613936
26.36374283270779,36.179681956270386,44.74334158823822
31.019987014177566,25.244097504687858,42.08255304546029
28.538570243300548,24.6279350135061,42.41972761810972
36.337604035845004,34.83988495469126,50.5092751706589
30.479254018676997,33.47083226822616,45.172735101603834
30.747614547154203,33.61789461035322,44.47674663616718
32.298966402651594,30.647423632523864,44.823432006303825
33.51941714079718,20.990299798690625,44.41959528155869
29.987789999870824,34.142948123787065,45.619109389646475
31.177667741881837,34.84817674645714,45.77254481052069
29.347594090913145,22.21404183513191,41.86830828212785
32.72469005449039,28.930691708144128,46.452645512283
29.362015138933586,28.39960534696249,42.255310488306726
29.962425294710243,33.629900932412525,45.40600709140178
26.942462073101314,24.10940102880567,41.46912767970467
27.36576214397863,31.945343954385848,41.64925114274842
31.49708043549195,36.29749409795884,47.37698048614882
29.114161253693528,22.84703132687708,41.541106652091884
28.51341416535888,31.990655399191194,43.7719885451868
30.892898771876208,23.7467667243554,43.34502277020213
29.494519279789014,18.833590570981634,40.845231060482256
31.663596856290802,31.348859854253043,45.71105247140231
30.67759124394229,27.948474474298717,44.10571445060309
32.88774434619058,33.19488864128007,47.074834170634105
31.858285146068734,28.744577434939764,44.58211949882917
29.887213265852928,31.21512203052002,43.975222144256115
27.675236474178487,33.485910323421564,43.26705078141738
28.390644191104045,27.550621946729454,42.49162393761956
30.05786706017782,32.8494068682068,45.787411905362504
31.309690511718227,28.50786887076335,44.39510199175166
27.668654985047507,22.73385879572951,39.779629473603954
34.1237261258919,30.314918030803877,45.741114578140596
29.615307698168845,29.112243431694978,43.0620865329345
29.952479245104765,22.222615044557493,41.273814016502875
30.791708615432402,30.93842910146258,45.158543596354676
29.89649743769893,26.945641587279454,42.519927785660215
33.88699482810546,27.6157617325255,47.405628408562706
30.224706134512317,25.12326144898511,43.0984187329363
28.722522796751303,29.31521750711252,42.37149393850624
31.6064464438519,33.61058999701153,45.040817861472014
28.183557055891068,25.587766767157873,40.34813323500749
28.68053840468304,31.357967012004597,43.04047649784027
29.725403424976772,33.99319126916379,43.71660362763538
32.23672181812593,25.749431962286568,44.355863935651215
30.156329618059385,36.23116876131965,46.65066547302564
28.587599961261233,27.201494442471965,43.71899420413617
27.987692040241797,27.786565925589084,42.68541377567526
32.338066247401464,29.70345878255652,44.61521327799239
33.427705227300585,28.015539737715518,43.41096326197394
32.327863715043456,22.049677618035695,42.14694571102555
28.42884165616626,27.667769715419826,43.18891876444044
27.21156783426311,35.733310057918764,43.670210417690306
25.991610520985404,30.897471219613177,43.776415468309345
29.72043589322514,33.48286858798923,44.90576297898314
28.319952296542226,34.141147981320756,43.14797652529641
32.01216438913735,28.739875918574597,46.2714356755638
31.85081005449419,34.23938577838446,45.68052070084621
31.020721097992528,25.973127668194458,44.94252870067073
31.933355863288313,31.558257850694414,46.106362246817206
32.669219323460645,28.262335497604532,45.11064755275839
27.520787762402264,33.93312504336439,43.7075336835224
28.196911664813463,33.54354267449262,45.14952903325319
29.236551952068663,32.78882967277001,43.70703697811024
31.473904149336352,22.250200111809242,41.655110397370294
28.134297405971797,32.51060146128659,44.77096662442783
30.26410134042488,28.88680489498264,43.474472006118056
32.13990796357055,35.36269368716779,47.304137111624506
30.75727413384933,30.936569812178387,45.894276537765904
30.716283819516637,30.385970639136428,45.00381608548886
29.279882749401885,24.155184260585205,43.649864400163764
25.51391965824875,32.35288011482907,41.40277628371136
26.776773637263503,33.00911132779289,43.11097202760586
30.55182280584479,25.55730345825508,41.169907957915775
32.156922082488464,26.198765379207114,43.409883071487336
29.720274783857732,31.16823237632014,43.31164005544606
30.609388307320295,21.669619511815057,42.63884918014343
28.7127764850221,28.04912780030976,42.24225975584607
29.187542986641375,25.946105417412056,42.591778970447166
28.31029911849283,40.431306869162,46.17752749073212
30.13021846450014,23.109157194906054,41.1277114934026
29.988692786209043,27.369939607889997,44.221077549745054
29.215021011832953,27.365232186181675,42.10147838618323
29.67374719322084,31.9916436493431,44.55235548246667
27.88449417584415,38.234875142413756,44.78257924044593
26.42427845007684,28.050450956602685,41.03397453361028
28.30735305102249,32.0530217754744,44.54362214126285
30.49629913137507,30.927777886039486,45.025502412229294
30.597554722136056,24.86222798869572,42.27614427655805
27.883433588371066,31.469461231441535,45.107194796339186
28.806367909203647,26.817638164009438,42.6182910535063
31.105988746142714,33.682970428817,46.45684708553097
28.105216042818,27.956283289843682,43.077112382579685
28.34172468907202,27.674347612970525,42.74807764659416
29.990134705732633,24.111436274884237,43.40481079047208
26.308958258893654,32.824058003549425,43.379617615162346
28.71144985689413,30.160888315261246,44.331228130268414
30.52392305793257,29.020059986117467,43.81004144770746
31.112756979653746,36.482062156646855,45.82814641749271
30.218538358533323,28.08108853259755,45.07923576567727
31.92114832804883,26.87624845604175,44.278957772466136
29.787609511790617,28.921083778192997,41.981976639631846
29.58808274290224,21.244125295395175,42.70174284913766
31.225494457242018,29.141294352234922,43.49677511585839
27.228644488214318,32.28460451604795,45.23902438419644
29.45101097814363,21.259485366425107,38.9799352733574
31.674725016228557,31.674280034202766,46.50178636667066
32.18697548577803,27.649296061107446,46.07499169223885
32.15652319361429,28.285234806451594,44.95904865513271
29.800016466580463,31.417164465068844,44.59215344793721
31.492923947844464,20.60177699990128,41.92865044951908
30.792362503945473,33.95462146178457,44.942484916992996
27.548218394976253,29.78173621846591,41.45732065004797
35.975358780478,28.896524724737667,49.02783783330713
31.809490056374102,27.510983866663242,44.63805498826909
29.62207787393937,38.28452620063265,44.86270350829567
29.6792146587783,37.09484218809176,45.99802552980949
30.56974172795977,36.369666214303095,44.120592785734374
33.74893263613892,26.438806548434588,44.1821588753669
30.559135809798775,26.970828247372282,42.05474864553602
35.42742683326704,29.495274331306284,46.37008545615555
29.290228799479536,32.47300156295975,44.53525861002381
31.933331478403563,28.817949267893887,42.87910738930045
30.730713359254796,41.13645461571666,48.23004518208865
31.09625459322152,24.1659757836995,42.33875167546152
29.162576072972914,25.94973427905431,42.40184682737252
29.847510166432667,28.04934561768811,43.873615289323105
33.72364142014598,24.26376235137451,44.07844395662931
32.75595832475851,25.803419574385646,45.11058182930451
32.87777151292349,22.9037111344405,43.51376429952975
30.638089771768477,28.858983232622524,44.58278829823238
26.248474306322926,26.81999255542994,42.21463204685056
33.832626779005736,36.37532311722403,47.4667755140848
30.135346719883554,25.332245374400237,41.825426884958446
31.789683170088093,27.182292619990648,43.49394490531779
27.958565115038375,29.50408833599422,43.65781430503502
31.52979197053257,28.007694847759012,43.10377682301614
30.010120752905422,21.899975305600506,40.4758735155234
35.0365307527144,25.422511125527045,46.519623366164325
26.51258978505979,28.531590243924427,41.953993819822614
27.08554919631335,31.769107181366742,41.60751227553766
29.43766399841554,28.58266749062656,42.20746393524064
30.772994491689698,25.7767153022826,43.25621444971723
28.219528185519785,29.823492056540346,43.13293758207109
29.84262172443156,25.84517923157356,41.987297498464784
29.863027199069617,23.603850198078522,42.65539792038436
32.88430746002002,38.45898613353691,47.767353318177335
28.566505420567474,29.391311530991445,41.92424139517854
27.20319584381272,29.060410828298085,40.786449345086915
33.04013339091183,22.082420895136547,42.228545116615855
25.99094577534835,27.170535306718126,41.8346721091477
31.14916273214273,33.19260306407559,45.46645150978077
29.592152800569334,36.18705903565765,45.924366606560795
32.10042904387535,22.82634766539001,43.70163494042226
32.101659218429035,29.916480940916767,44.44757178522143
31.565387266466214,22.624629115824668,44.069920969298025
32.39283718983885,27.06918648056637,43.258437166963546
30.87557605873367,31.26029593277819,43.7830918688815
33.19091338048055,30.742139812769476,46.474135934063334
27.36347367690055,38.63292769105929,44.84000437682236
30.539697054488812,28.583349719002857,44.438419824599585
29.777375167576686,32.87196374594335,44.84204988445459
34.000646249480525,29.48350757525958,46.089202948241464
29.11970727701519,33.026540070743394,46.51534171861127
27.680827698078147,22.19194855901477,39.87349472924508
29.941111736169933,23.845906156719852,43.05441678612738
30.688873820236093,23.326982116125393,41.29210506570986
28.120681677534105,33.34538576162532,45.667177702382084
29.64567441326655,27.571319889417452,43.388956469920664
29.88793490863136,29.787470450793357,43.94477680762645
28.24402131560259,24.359679315335114,43.33222298484482
29.505855753375425,24.916949668847764,42.3869916581911
29.83670579142475,39.10213521870734,45.703183370461296
32.49724209802466,29.155933067907153,45.171547321240894
29.33554734757892,24.819457244701425,42.60304233755446
31.155719134133303,29.979420495450185,45.65689590302603
32.38407966871749,32.684858808516765,46.715521046116976
29.277554829180822,29.102674078385096,45.069575268879895
29.280539653814,35.24916811103659,45.900414161336634
32.383917512310106,31.016698839939423,44.46346965840517
31.551557841598676,28.896115115862013,44.463795653860316
32.79712171391937,36.93707952609071,47.44655974681318
33.631536961662434,24.02015035910231,44.936878173974215
29.241273181478633,35.51690450457311,44.3694402126163
29.876150421403263,21.27563656683436,41.34439541686089
32.1971382040436,24.48363498311432,42.82161329968602
32.20152559154967,28.83841155604663,45.4135468967187
29.494447845977298,27.880404264602735,43.928004519424306
32.85850380900524,28.830727566898496,45.165548907332415
31.12475811792445,28.92617953544159,45.84750285750252
31.687455683332484,31.793244272346186,45.850438419831036
28.09616491882324,32.196917065305385,43.79116518089894
28.174176721432545,26.47361718148074,41.95375427057412
31.520651544553502,26.119914342346675,44.505083907165066
29.03090567730923,29.395110981973247,43.792191763981094
31.56105814952289,33.61877248788682,45.48825286316098
26.65160981271653,32.338218344224934,42.98296362794302
28.057730243688408,25.0147480461446,41.50124968532527
28.463887462272833,25.68551582740662,40.565512462182234
29.442052206761183,27.796718157090925,42.34730537569493
32.37147282411246,26.794710284392508,44.11645590488364
29.115986623629507,23.789081866321695,41.65384721203885
30.756600482750486,25.476835758100354,43.25863006330986
28.63675837205639,32.88355214188369,44.39014025409104
27.167034568459293,31.080831835147055,43.69504958809727
31.115423358552434,35.96956993723006,46.31286242050229
30.650283630282033,21.915421559017723,42.29427989195742
30.858335748962944,26.636659772228885,43.426386932406594
31.166435157745756,39.811068316271204,49.15606770959189
28.723196083856806,27.613752330996142,41.423132541186256
30.77779506505498,24.89235329122308,43.24474651280102
33.12793274616547,31.84559733643341,47.06297511129349
31.635893058360427,30.49765535583526,43.443892565685736
33.21359531152206,18.27363473297826,40.89091256362311
27.916031334145835,28.61529130475387,42.07487822825338
25.245210631613425,35.94622564913977,43.08812489857793
31.52871535090727,33.80147789014413,46.383499496241946
29.955598488100307,27.909857106653277,43.40692040240005
28.356491831276077,28.370611528421424,43.735982938297205
29.3851450988325,20.933958953893374,41.791734276199136
30.29832071873261,24.75815166651427,43.09248023830084
31.50634600807139,40.38560748383393,46.62838940477533
31.476498917293956,25.677026150489784,42.26863365427928
29.220283610138264,30.670713110527686,45.34526141777038
29.030949638189593,26.31233063858371,43.21486339825293
28.862068439636623,31.94121720026309,43.088627578775345
27.74441374936097,33.515868739340746,42.99950124648044
30.001019124389735,30.024691145278087,43.38982187518584
29.056013597074788,29.190263009761637,44.3415036642328
31.96537781156482,29.35708041711126,42.87462035933803
28.40037984632217,25.91592102735943,41.8253249335641
29.982995346811038,26.258071068436706,40.32566674008911
30.437041242625703,33.64456626693645,43.89956696351321
30.00661146764906,31.456469004084674,46.17452929150505
34.33727056055516,26.304062046023684,45.49326717845013
28.52404443112091,28.16754825749371,42.62888727013465
29.64536432496455,35.190001951576505,44.113257982583754
29.426834260114646,31.115560039955458,43.12948501447492
34.99892696920193,29.401885944895458,47.109587061585124
27.415821704827174,26.51204045900687,41.055473701636686
28.86301246129247,32.75393288238743,45.09205199850694
26.66851116424447,31.032814306010078,43.074782492833336
30.255535134542995,34.692122055630016,46.287508041032
34.013286267965164,25.09455823870524,45.07097690434354
30.18692416550747,31.740989390605684,44.170158110510826
33.69196240270583,26.453717572101926,45.832665824973844
31.03778865992288,27.463095335861016,46.119828420861786
28.12249488550386,26.693719266298924,42.06652230162086
29.018171241479443,25.8369401166812,41.8064064405187
27.628007341098815,20.09438914778284,38.90941567624609
28.410228192672896,24.845175019817866,41.653099271760276
30.8576715368663,21.365671989800976,40.990659801169656
31.281879637966387,25.861913727446094,42.2418201895445
31.186664069567765,30.18036568184397,44.82400236116387
25.64339302838244,26.49595862022429,39.452160581838434
29.711072790655773,27.692990792957836,41.92476821055814
30.02553826532554,27.49986557601097,43.15982579238841
34.57622324301521,32.397929552260216,48.219296600652605
29.076496776260367,33.88670666751516,44.67412429439213
31.39528032952125,28.400286946229976,44.47762193951853
30.007373806365564,29.51476203285741,43.36280938635516
35.045347379724646,27.159895504247725,45.29217008132862
30.27106975023189,30.320482739008344,44.464883437486606
27.73553780726988,24.560232819060097,40.41101781128511
29.30001783750403,28.68013508554541,43.15266996976778
29.413275856462327,21.144603421300697,41.61076283738644
27.06805029710752,24.693491862316172,41.59463944565386
25.52306341314747,24.07806701770905,39.00716002263228
31.564976461004676,26.3742493054398,43.601666130280115
31.142631204612783,28.139228644424122,44.614728396275574
30.913575007693705,23.236355094718455,44.473109670688466
30.28530628029571,27.981028705795055,43.31873774935722
29.21915751365651,27.44410530057411,42.55616864434894
24.12367226896506,26.088060498009384,41.165309763745846
31.6713393022132,31.80987292939497,45.44130354322077
28.251266313468346,27.060067845193615,41.47203970869825
31.576038100564713,28.146735063801263,45.48471138761292
29.4163038360463,24.43324655709331,41.335664486070435
30.353550490392387,30.815642467469026,43.82729471992734
32.443451553541074,34.25337906434804,48.112808093122666
31.647055244676167,23.774350612437544,43.588004788929304
29.84469929364917,26.42217280689772,43.08081195815777
32.32128324110371,25.37075759671326,42.3666089237273
30.825458679555762,28.177001425125653,42.28076923391984
29.057452031954035,25.252331548977516,41.77482117394966
29.255563783249826,31.920208089808366,43.23145336708927
31.092444657462917,28.533250237516107,43.29848599202987
28.364995098599536,22.509735862154315,41.57393771855851
29.192077902134198,34.480600341667575,46.40777597689684
27.999020644599955,24.61838847262587,43.178033582793155
28.979300488904553,33.32386234857253,43.78462976382844
30.93307896657372,27.282569032617683,42.11496492298837
28.20950597035808,27.879008340582487,42.80549943347512
31.643552592282287,30.87118670589101,46.25394193315077
28.611266798335535,26.17280743662031,42.61784211230438
26.417148065939493,20.006727446380477,40.54104005145677
25.94237244333815,27.22008217777032,40.141665574930954
28.617095593188303,19.95773943690723,40.882626680307
34.136928492282344,23.71667809759728,43.29842109132427
30.64026526857983,33.651611513307245,43.20948034327316
33.98323572897628,24.4668138271668,42.96152771283614
29.063693664793487,26.947929476764294,42.95404057520441
31.806979383937815,23.07378143656739,42.35442541292644
33.945542204766774,26.76934159518688,45.98887736973343
28.21987370397062,26.273796919395345,41.625143064872994
33.66611667457375,28.521075312939438,46.594724453508725
30.297085844088297,28.04899904863064,43.686357543412335
27.26013627225918,28.10284191949992,41.453471790242844
29.845444005112526,38.108258809262594,46.117059897567486
29.047376327287452,20.39049681409262,40.78264192199932
31.211584020982496,26.21170101321443,44.76108189690019
29.4086670242316,26.66399198643472,43.81419508857151
30.371790632529017,31.05590902039505,42.22150530212065
26.383204914193747,28.777330398285883,42.121915755828624
32.928203168648295,30.87249524964983,46.024512056561655
30.601199579670023,29.230466728334306,43.61400932608757
31.05032203099475,25.770666156935512,42.38324048794748
28.893234065750786,35.401527416907115,44.729408918446595
29.267773522207353,25.6115445165618,42.78825734225542
34.456590705766544,28.5069719514231,45.26215977291486
29.156785434311217,29.340215491264296,42.412328479896445
28.834475342873983,32.3434531798069,45.1661555294365
27.85640928314778,31.39538201280539,42.99913621943138
28.711976407351532,33.468415019332085,43.0211710658583
32.97459573949773,31.301818952207014,45.923717678523936
29.656820261354003,23.169517765138245,42.59138305671726
30.674121479032497,28.437394599278065,43.70747630185405
29.845943763017374,26.6687995136435,41.532045795185795
25.99640846024229,26.151634698528813,39.24097399007857
29.01738886915182,34.05658072785383,44.688565920356965
28.797405599559454,35.72231351601554,44.885343189506806
29.510981519435838,32.591951991105375,43.10122988467228
30.02838846426343,26.40015310442378,43.49889657365377
31.49120912053077,27.21923518688297,44.38805949069943
38.46753880638071,27.445666174029892,47.75046604604244
29.90398602044701,24.885155043675454,43.35045849038275
32.88348798959071,26.13628723432335,44.186947923307464
30.589702044166724,32.21033577091788,46.99954377050459
29.27215282543657,29.385769024368788,44.13769177364511
28.28920637818826,27.300917697840564,41.62253614987163
31.92064332100963,38.15185446564776,47.11418787561868
29.278923675695747,40.901641986217555,46.64025247149947
31.365979934602123,27.09085125384053,43.97180296268292
32.21366833570741,20.75038584077347,42.751798075499494
30.334804607962212,33.397262747262786,45.07967272403179
30.061135546534672,30.124593171337672,42.39065605076814
28.171256987789505,25.48104877774715,40.74844810628241
26.666932704251163,33.92809705415384,43.40361600674959
31.04455384295727,28.74585144984906,44.11991116225081
27.491417184366618,29.34751446996092,43.056402269918344
29.501208072726605,25.199050469433317,40.95933340573708
32.99292532756212,22.529442859412818,42.402644967800455
32.27173257003872,28.460337474491922,44.172065841884965
29.87667170663475,26.528345257509454,44.102662767683086
27.830451137326392,36.26880258339058,43.75399997356554
31.737458192274012,28.1106612190887,44.59335872805957
31.588784572666142,30.620383760921392,44.92288266539473
30.261270582071337,27.581883972703913,41.91662320788403
30.343644054316076,26.314203781115314,42.68802895495535
29.79101635168145,26.101101166768874,42.87037602834781
28.67428502895836,33.845480403263394,45.029195279154024
35.278164066016224,27.602600953948933,46.016834072273134
31.781350117178924,26.474636178388373,44.77982783604624
32.23831105285645,31.934562404216326,46.50012458827459
27.327783627472105,27.751061785383712,41.62098465653199
28.13234765876533,25.315185022356548,40.403869218407394
31.416667818620393,34.90273468277943,45.902744592120015
27.345870833357633,30.37525027850004,42.8588740883371
30.61771102109967,23.20061560967166,40.61166437917449
29.349977738256406,26.825048442901664,42.59552182933827
31.69646220883508,32.81551508288183,45.335268942443506
32.60022345187821,24.086230116641524,44.073971995465726
27.641203876369747,30.957734904471494,43.82721626539998
31.317285396914468,27.64704424795601,43.201966258941574
34.25047380669647,26.355024751407747,44.789600456291
29.038525689525542,38.24710184013106,45.406989013157904
33.60661601805179,31.772458897145178,48.268877273893374
28.17563934557926,28.079317220942503,42.34171382174043
29.55832732817584,28.09400742109301,43.619549760128045
25.574671974923316,27.468591882927893,40.41598262611766
26.907341444294786,33.684060366396054,43.90706203090597
32.49263532966998,27.526027885416504,43.3907453955489
30.950568295023196,25.004765606772715,44.222170253468576
28.29287637569243,29.15283353553427,42.18086527583912
29.152958777712765,27.742492778949565,43.0482581465893
33.73059481773499,30.130942228247303,47.53677630072536
32.236187914689935,22.639185810665502,43.374739703582215
31.205250722075164,27.313496928760543,42.90663397518129
29.922854176859452,24.803227989247524,41.54804047574136
34.902413097657856,27.29071490904804,46.345633622421765
32.65733726043888,24.005749606869696,43.205246820236276
25.151940249077064,30.252812770699506,39.79827563474574
28.907618816674614,30.120379296547128,43.84781775439229
30.34551658099358,22.634642048461984,42.726530772990344
28.910567337936897,27.003323049156755,44.04807145212651
32.70736000440247,29.121615994399896,44.94593738248044
32.842560630395695,26.328029752798148,45.02065322767499
27.40266362101978,28.129653640937924,43.11930632288292
27.805659602249246,30.837852819467543,43.701971679016125
25.426598890366787,23.341825499045967,38.9967601996798
29.06638788305631,27.589621119504013,41.86996316303481
29.832983382192207,24.481007834794926,42.070428715741706
29.384195581242757,19.351085064291237,41.044416493384794
26.28658568660809,28.624387173350833,41.90810052237661
28.641770709279857,33.57954130139899,43.233986289126655
35.24754375471405,27.979557572141093,46.13607889836587
32.0670633030162,27.546574363551787,45.134800999050874
29.20499378102741,33.962887897217065,45.918147675082956
33.33768395428949,31.9959112977651,47.3748873128166
27.43358018267399,30.12551723387184,43.81065916591554
28.19890400794643,22.300735019888634,42.75895052124091
31.158373525019744,33.43813869494243,44.74193526272926
30.29574557745115,22.865083214834975,41.9974509154246
28.955924224760757,27.950024379616647,43.40548926728453
29.690140084263366,27.00178784163222,44.49857780693855
33.115703898386165,31.18450060208816,47.60145411331302
31.33104310168288,28.776259462601207,42.90795019879246
25.065194449174214,25.667852670042734,40.679836091366006
32.599319832483005,32.61958254661424,46.65912528674886
33.62450793250427,26.458741052935498,44.741363645006004
30.305954755837337,33.2836002378816,46.567374392505336
30.110782258788113,26.866871075097592,43.50905380370946
28.37874439160539,29.201605979405905,43.24972773383949
31.54287196169325,35.773044642699276,46.204493507953565
26.242654868489755,28.80300412177177,41.868142923830206
32.01959504790513,37.129016037949725,46.47688662220715
28.022532323250758,33.26862311688624,43.65136508498288
28.491378124776315,31.936292603714918,43.153637451695154
32.815835481019796,29.14431236568947,44.53898189128315
29.696770119201396,26.820228185681287,41.88758728729448
27.256352906088086,21.411957261332116,39.66952532912187
24.735448912923694,34.813622677028874,44.760150971296646
30.732731415321673,35.46727252901843,47.74195326302452
29.442972275060576,36.1644718151769,45.525016334666105
28.965047646864743,29.5085482898806,42.62731721573501
29.247449362118054,35.78873021553331,45.35386265098523
30.942164748713193,25.25794186186416,42.886212714459795
30.547450818101442,28.897044474211654,43.19802496430904
30.517424410293565,30.20555717678393,43.16863222647569
28.761028465789714,33.024300319897094,42.5153140538052
30.19868294233678,26.92522439904671,43.6580996291509
30.1382947829577,25.649942745656237,43.21972593861987
29.405009141034427,30.371413618597906,45.71164028407791
32.40595648939722,21.594278956543235,42.551941863600916
28.117844727754807,27.50823515721527,43.8682167942321
30.46197352390362,25.784005419624915,41.53593365302126
29.643268014427115,34.16444107680749,45.18893318361593
28.626965207816344,28.56562800259238,44.03265655329577
28.65787470166193,23.93633750895225,42.311933928889594
27.94003003003699,26.786522583989424,43.492866881673635
34.3649944969317,22.162192159189637,43.379094816342096
28.2794599345766,25.56398564970694,41.22285370486505
29.19423389101639,31.321663306055807,43.04248528635477
27.152759424411634,25.220191726338058,41.875705831359
28.536224512576158,27.951269638345412,42.23120718846174
29.489308190442124,29.1136138604908,44.29266073902155
26.43321505706865,27.96466370437716,41.45396087843787
27.822649069039134,29.478997367716048,41.70338193960688
30.128681953012794,29.233287680755545,45.20880133492225
30.37576209547855,28.890342075035935,46.11461151133999
25.292801460653955,37.21521108691166,42.84456433809933
28.53991772711922,36.90896085112441,46.57836594953219
29.766559327994745,23.078743508414057,42.9136764341465
28.570630385922005,32.22798583258861,42.21935762743155
29.143532817015448,27.05857255875816,43.97356089917877
29.14157873219771,31.106554524638074,43.0050787246116
30.92246912920995,33.192455978604706,45.26210550107014
29.487562573134586,26.24704962428032,43.214678578323245
30.68315444218902,31.290214643700978,45.415417995286305
27.97487474205633,27.144888487116106,43.272598724365935
29.892204060703843,28.72972212053664,43.44095693252308
27.546588801218434,29.11427403758627,43.868375367966095
28.490733341444727,28.181548392157,42.88721915968891
32.239231594882554,28.779975340744922,44.79239148539038
29.981248676524746,23.848125619734223,42.853752682972484
33.84333820143119,40.999170377710975,49.56136426941772
27.643360838805407,32.211317461764814,43.89885351212112
29.123544249138153,25.873478252417602,41.70695828944718
31.03340911326679,18.51191779359941,41.97873792233228
26.425084743443357,26.406942850456744,41.70759492882941
29.514662692398293,27.840317420323686,45.400412109304746
28.91213793681733,26.989893148468653,43.52830451466082
30.76164057804976,26.290241930354618,42.16250873219009
33.38012508262804,32.85943058180122,47.57399011662265
29.613950378134994,28.297052729127294,43.45878128119776
31.20490542732381,27.20275236486589,43.40783889888608
27.484398489268287,37.70543489624923,46.52277595635657
29.563887787956563,25.117673829117848,39.85265348256862
33.20619077599141,28.74209422323715,43.941374378517125
28.40976133222986,30.473071045283888,42.45386391319345
30.026433360817844,30.579740400119434,44.25339686327695
28.449894113758226,30.645467704724528,43.144657949788616
30.029828912741355,27.228630215115025,42.96432064103366
31.167361964680104,24.685089535876,43.90165019990913
29.853109781852,34.88418116965762,45.21904826886622
32.559873086350535,39.45811977893231,48.135965423052184
31.79442127985343,24.775742211136908,41.473457448871336
37.704088438902744,36.46088488315532,49.712984363736844
30.42057563975255,30.685455408386236,45.295385893038734
27.0554872704328,22.99737663722608,40.95565524737527
30.050320580757926,30.864605221973164,45.2214757749981
29.91924513883946,21.599822000302872,40.340894661730914
27.736900781034745,28.472212969784344,42.14889713806145
29.214799041714084,28.543508087123648,42.00250026652385
30.57126406146666,32.08588417573154,45.11948171606178
30.508529821706272,23.526257396951664,42.54298272875913
29.843208322095737,29.882253088600468,43.49359056227744
28.7731669736237,25.877748613830768,41.37902581694297
29.972138967960976,30.42664429809193,43.59721492086146
30.47020636298521,25.405190206025036,43.29526519500601
31.614116764933648,28.80079848063459,44.58419591684281
30.61593376032691,24.36061124841944,43.035016756145325
26.302805953154696,31.848468804133233,41.25408107644246
31.874852056887406,19.885211918755306,42.258898203116644
30.209616615286087,33.6357534852097,45.33981768204922
30.921195089247504,25.630482210793456,43.925569757603846
29.464716582090052,36.34498531812098,45.34675803921825
30.882806753010286,28.368161743548388,44.42705145836749
26.398008777515145,26.117987429758053,40.60961322317153
31.284042468074134,23.589169682461975,42.61741422357149
34.47268736768657,29.56936501284242,46.125952005841796
35.180102666121,27.620543494472287,46.60742686071389
31.090306000130283,27.80783990108307,42.92748999445068
30.014967111197677,24.263463187059358,42.65678698502544
26.27313649802079,27.810982486030124,41.010513598782325
32.61850866272418,31.273582362228815,47.661680128845404
29.12872001374685,30.093140008376874,43.71978218850851
29.150298200982004,29.388867397850465,44.19825868926816
32.247991068379505,25.120899234227398,42.44399304046501
28.113596556033553,30.710711326916428,42.43515029694852
33.152468205640346,26.241709239179986,45.81404724353954
29.87532974794497,32.206084020840215,44.24606883615859
32.99854614247375,20.41410079981641,42.66153471360126
30.286258682585355,30.35297540225134,43.54603755666534
33.66381705945818,22.642696241729663,44.9430747301246
28.968305629030986,31.807050592277964,44.80925524024207
27.885340588859414,26.925804668196037,42.380086721915276
26.693579845318936,23.714895973291803,37.88241232562331
29.397107873977074,36.918480821973105,45.45929874086407
30.42222073685959,27.398038576912413,42.13858037733652
32.03136012450964,30.68217500409252,45.35976012768843
27.43336206031207,33.78156462004716,42.09339074181949
31.272722141585202,33.57877232552005,44.643767336418776
33.23918142919884,28.96882757146312,46.68467350235696
29.642324951697088,31.652185613262972,44.84004962238866
30.33312095693412,30.129782384765228,44.503179194430246
31.50422784206583,24.28792989952686,44.46560013449111
28.888083184441854,35.87247980682087,44.9436120995591
32.1445175930717,33.59127428596537,46.796287328391145
31.706164289597726,31.626747300225354,45.92760506607752
28.15923434093522,30.36421382234385,43.432990417380275
31.972012199476495,15.17636581777034,41.244990647218245
32.51537683320888,23.75823908602677,42.760369443940135
31.258973126215256,33.65475375511521,45.90625664028723
29.32788642488373,36.15193189572703,45.55717150960272
32.74522725991384,27.49222556899439,44.451184317960134
29.831857313126235,32.119389018630265,44.791615381426986
29.033455351895817,32.18151493032124,43.107046546695464
30.59250309235391,23.988832154481596,42.89518840926871
31.587875032171084,24.650385065902892,43.31856238454098
29.527549517703182,20.955922322615848,41.89206480780293
32.14064422616609,24.28866409363626,40.7710249530742
29.05114975043368,31.6310480539609,44.43814834057362
28.775666231846962,25.5366595376642,40.25533038408094
28.07313197901779,25.28154667234367,40.69703566225808
26.86431570069445,34.746380324942066,44.83265096532224
28.824631137191314,37.473739994854974,44.52209276968242
30.443703673989972,30.05646090387263,44.05630345003351
32.16287509150096,37.85774945053192,47.59545219960991
30.33186712031308,37.2617775742086,46.44579391136371
31.88229619438182,25.348945014884407,43.226367452225034
29.849732526817508,30.804939719442093,45.775212524645426
30.928790123862207,32.67683355187656,45.72198703435275
30.506412636247106,27.20352033193211,42.24973907695526
29.30495497386765,29.17334739337792,42.665243666029504
32.04240048190606,23.94350655264395,42.17909711112284
27.755814029246725,17.90312113735347,38.5856501175321
27.839973464797723,28.618752979849543,41.50899092028604
31.009232314970607,31.38511390062922,44.6391354323173
33.993321734035575,27.17524381851758,44.91336743549054
30.070465764625773,31.624120819574618,44.706975812467554
28.90512889795483,27.523310059973014,40.773933247723654
29.193327767430294,34.25687795459184,44.4139937591437
29.37282904157599,27.72854299512222,41.084693254074594
30.961161595552163,28.67364283227285,43.613690634377136
31.193700259726462,32.89706272283494,45.401221605966676
29.068314142645377,25.677826238634488,41.913255726634546
26.99419776359337,27.680618709864365,41.89291047891964
28.983580033101106,21.94140632150126,42.157814904465
34.29940084914721,34.45456162798679,47.01988008985862
27.103611728036256,23.758372337465865,40.61645818657977
27.975875335229958,29.19426022903526,41.82259734042953
30.109065248633765,22.893819202093855,41.45567543237195
28.85302605151897,29.69927275619431,42.4422515996858
32.7961752417552,33.57102459961281,46.558547108113274
33.10729622972526,20.046599685842267,42.96080683867281
31.43067227236797,25.620416781817266,42.18456137517727
32.240341054847526,36.07022120105849,45.795387536069946
32.69688167756671,25.627465924714624,41.916868535232716
26.879920661737113,35.51396516356571,42.93598337788308
27.203435927083795,29.422271228450356,43.78511092990074
30.971352016487515,27.714030812389613,43.93292310103972
28.691968517095443,31.08150329529829,42.61059609790697
29.144518529507994,30.24553536911624,42.423231291165024
32.19950170652306,29.663377418068315,44.67644596065327
27.579127312685678,35.096803135224434,45.48538353369189
32.76902567192952,29.26087629826677,45.83546555189923
28.632315839680835,30.670495859493155,42.95117635613051
28.245405100921342,30.733466354491796,43.08934821943413
33.582794203739034,25.34186989075759,43.88333506809686
31.108823277591956,39.48404044682184,47.80352962174538
30.515599429372084,25.549295485399433,42.25886006469128
33.1540309969623,23.611441128124337,44.688672260838
30.942313369232156,30.234154163499284,44.961417159838476
32.045225519330025,22.792516677619687,42.346072139111975
31.611523916020627,34.56496125118503,45.569811222398236
28.4388397452671,34.40249865843089,44.599401990951336
28.018848754991456,35.31453453694533,44.83178035126525
29.71965097782721,26.102455047336516,42.67830856041954
29.578798200411864,29.66125463385611,43.99136644726419
26.991636463056665,33.78175470779705,44.009235428111324
31.922765577547068,26.068241283420317,44.72610200862232
30.282878975114752,32.771881954066345,46.53610712026724
30.49080377000265,40.54733144737062,47.78486831009395
28.587816488973097,22.161102230966485,41.04886606070997
29.82617940783875,30.494385635540674,44.304028926031506
31.44941858254104,22.132531518255266,43.253051186098716
31.202513289945557,28.134109614666343,43.12771266444816
29.95997965037269,22.174597833145608,40.624406871899396
28.369588062307276,30.860531919209713,42.786389742627996
31.089862140314832,25.90786597058645,42.87529282631408
29.64538818039129,21.82046351717129,39.454884854051826
29.034196984585048,29.92295373952695,42.11245732245476
31.95734736031524,29.80237134868551,45.15887257162285
32.812532358623045,30.806295716678846,45.71549082524326
29.620266057559906,22.21422778398866,42.6646965735477
27.91404402156803,25.760248386551797,41.250279564726604
31.16138727689883,31.288154218593455,45.00727802561694
29.23954134962877,26.75680155667137,42.91886484778005
27.20270653292057,30.28434039594304,40.98455083701625
30.338769407656656,26.893073278420296,44.02743533464937
28.566309860029293,27.678795381669186,42.34582508093032
30.06711328642096,15.086900780367948,39.795467334385
34.51556571664846,26.56035970239516,46.52799485032639
31.529620456344894,23.303843461573194,43.8254695746088
33.83564061576191,27.779399712910223,45.9011353014533
30.097192829455672,22.605228147697932,42.53127753353801
26.59537380713315,32.72690225015052,42.64184725214771
27.060828603987158,25.76950316485499,40.93263801575625
28.531073136591804,29.140327077394893,43.15819956113515
28.572459500132055,33.015635835738436,43.81972253746976
30.302485081388983,29.613924740901037,44.419223290173655
28.855692528762578,23.37907507834168,42.54790537913499
27.587636220880572,29.042767076054496,40.77851554014159
30.13134826596069,25.289381999826304,43.512664015193664
32.477855541138126,28.3080152048073,45.50719183545234
31.25822931684463,30.916922285362475,45.47673018842066
30.72749007316393,23.487834162802542,43.767391293135994
28.995786513450046,34.031982098804164,44.2226491317655
28.784799060174645,31.209640287201694,44.84569044520154
31.605316120771153,28.03109154865212,45.90633519713499
26.450282159749538,30.284170967031194,43.62461360134113
31.527946295037978,27.128680888534603,45.2775553946836
29.448273748543645,40.09132697952148,46.463410871015626
31.917518453463398,29.27970108456281,43.427171770477614
27.352093156394673,32.179580456958405,43.284410155750926
27.162675683304816,31.19318284264716,41.53143743014616
31.999820687031367,24.80908643654022,43.30338197636902
26.330516759455055,24.691696396491686,38.77658672608573
28.528669914703066,29.23732196984078,43.42503910163748
29.262953544185578,23.990717089241755,42.59687193979964
31.00784527014781,24.327904743696845,41.35000713817522
24.49413180956215,21.696621579335357,38.93943541683265
32.53230248738765,32.28829559754834,45.47910099728814
33.110430487416224,22.975680712542573,42.421125314699765
30.990449362449528,37.53290703972912,46.74723924029796
30.08866247225002,21.94269352247917,41.77099616123091
29.473156534860927,31.379172722565546,44.29976359453054
30.057705128535193,31.625655370800605,45.16103162320525
30.703265305541976,32.516627224496425,44.039044658691886
26.4839429499296,28.680267926825103,41.98384749267133
29.22698714522227,28.733874144476484,42.157025102632154
28.372336207232046,29.272475070239135,43.707340516462395
29.42142111488669,32.33613151608889,45.47740353318128
27.807856869049065,21.32858749298636,40.5939714947069
30.700820558033012,28.229750510263365,44.78898969349682
28.184113998065513,33.65309845198119,45.12785395576044
32.062633346403636,29.684090172643568,44.744163618540355
30.155706282080292,31.41029315711603,44.124880562290045
32.086461562961894,27.54110225521521,43.790003458155724
31.053577158035733,32.92947088463251,45.24091941402872
28.188291315373153,29.317546980361623,43.35800041164577
28.121985161509276,26.184189124294264,42.12694453186045
30.33722046449458,37.18571881589402,46.87100248452634
29.797755718231876,29.083910704087174,43.46693104902685
29.585687667210042,25.01825994606485,41.68879207029781
29.711369693845473,26.93679572139187,44.70439385792695
30.199718670771396,22.818734364253725,42.060027811120406
30.07727397909366,34.603744717365444,44.87853831920388
31.774187487309504,32.93381933112929,43.33271316825008
29.745974999949983,40.86302154809009,47.35264158548204
30.19259312410104,29.106318443143213,44.27772664477248
29.681638948518444,34.03762097706129,45.94487245279915
35.10531446009852,29.528140018817425,47.87568419043758
31.18440070516919,33.58711230028891,46.38688797965377
28.27398094337111,26.90228438512537,43.03783656875435
30.668347487495428,26.633711938384693,42.46983961181129
30.19313093109906,37.07616286736194,45.73222347413977
30.090158922898024,20.96597989623591,41.359632761299515
28.912182327421615,33.91977566612158,45.30984950679321
26.163804485689028,23.825676814492795,39.52644099841079
31.311982060006724,35.176787030294925,46.42200734894074
31.562351053324416,24.705901638927653,44.38232890404441
27.84715343142854,29.595942899600885,42.20780874105688
31.617622153036276,29.460133183298744,42.94528079262283
32.967975258850075,22.430215478617136,42.23937550580882
27.226176003612746,31.110825298258746,42.352406881893586
29.70827738269018,28.91171446878341,44.41587774774305
29.086803108240392,27.271778542945334,43.03652290837255
30.324876763132444,25.940009812998028,44.222894492195515
28.79669457868432,31.06075372106902,43.43583629782571
31.21559460714053,26.93986883668045,44.59836858878452
30.9366511286774,25.118288925605246,43.692536810709086
27.66214848022037,26.857750623532763,42.64348126642622
29.35947298993564,23.621163428065607,41.27444816596641
33.65604090015068,21.134351996130057,43.82101325816974
28.617271447946035,34.630670453600324,45.21700748990061
32.45517492206803,27.151244599945592,44.50502826501063
31.098074853464745,31.632732609395635,46.29626664734697
28.879843641746355,29.592991016201196,43.09978329112161
32.16198328784381,33.0207783477069,42.69812449011165
31.264336739064607,28.83506754673874,45.19956447670919
30.978976076693453,32.478098348596966,42.82534587549334
29.690353776272723,35.97961896917911,46.19290156965824
27.87478374068266,24.337325725867657,40.08812513257222
30.933663202410074,30.415624659064356,44.23540089904234
28.85761538381336,27.08492846422773,42.46924862680656
32.80837080756199,25.70216493371284,44.49224061063285
29.060737206359793,32.52149813610364,44.57005852997888
28.369424649216914,33.98264915723493,46.163490391484665
31.012093265383875,28.179018497569412,43.22656277137758
29.60144768344795,25.036631105560414,42.9414320869189
26.866770068035006,30.37846448974831,44.01818450067371
28.01254092902508,28.29130713016056,43.43000853648395
28.903370611065526,33.09310960291457,44.0068397670697
31.903137759547672,24.251462404060796,44.992255950577984
30.43632951422218,33.416887283608716,44.92477708463684
28.214618300477905,32.51507789647872,42.871670846178866
29.848066905596482,33.53281421310412,45.909528283641166
27.595641954282616,27.72425998491896,43.45210399398653
30.611538997838398,29.804183873796305,43.04783283844977
31.845950588700237,38.14909786643628,49.34633014979439
31.52229035339185,32.33680032204218,46.861836985251344
26.633235431504,37.94349446168005,43.56020142138509
29.47140727658358,32.23440560064208,45.43589846430799
29.495685863477927,34.75831156726648,46.39687493113793
29.40326838356959,31.520191888920166,44.64688577943449
33.54527090895619,25.16839240064951,44.528750269954635
31.844381513757536,29.208340476569198,45.64155242591743
30.693045581032308,34.941823817238,44.07198428693342
27.266834648231907,33.29495703828447,42.41887447753379
27.65995956564346,29.69411811990425,43.62632636755397
32.90023033692112,38.04334656731758,49.35298824680196
28.89836490054436,22.53348741196634,40.044064919992515
27.09045086097032,28.134801830852,41.31926875569134
31.057478189916257,24.589972434293138,44.414083996944264
26.423341697349795,27.51657466619396,40.099084280158365
28.6212613249069,32.12336697892793,43.57637433293603
29.648250115445883,20.939795856100673,41.16844716378411
30.812433765986587,28.651499783024608,42.977319190436525
30.333999078937936,16.729391264293294,38.973853463542675
30.36035362109312,20.63332584029294,40.62993890957648
29.476640989731116,27.37318914301405,42.29154172902733
30.07560118933184,23.129474001681487,42.61717046239155
33.74556749382713,35.77784121890896,46.756803987138255
28.54852199920524,32.38883598917548,43.65192694020604
31.090647040404193,25.47060895201366,44.226573757222205
32.71612503860482,31.28955847289035,44.85105649536994
30.52602438361464,29.870305445250878,45.41984066132549
28.178732199019723,30.62266770027428,44.073480571822465
26.168567956372485,30.682879003090303,40.931943299945964
28.798531941619192,21.9442875327292,40.40801838619874
32.11106805073553,36.105433121187254,47.47607468917799
30.205441816070348,18.43507705451617,41.1303596003788
29.620954704386627,25.09639032249134,41.12598812115844
31.082776563094846,18.998253947014085,40.04315927248341
30.240970561710313,29.36184769055539,42.73551354122857
30.461470069954707,27.767800150406185,44.87911120160802
29.700721006853733,24.492897050631626,41.54344852562449
33.275313772199986,28.905450696316446,46.45305875521608
28.79916183347833,23.03572719413828,41.35764656814657
31.99683334500233,34.351273499140106,46.73807858352198
30.441623984066194,29.401598734793062,43.447348337259655
32.173370798926555,32.76468084601002,46.44051030920029
31.528778956009084,29.517942533575393,46.24967831634101
29.94287932728016,19.90117009481861,41.41411935085842
29.969022714803234,29.401747503732608,43.47906553033212
25.58755773313199,30.186509751881243,40.51887464710188
25.934641766036275,29.275444361916836,39.297357195577355
32.370474932902226,21.65090682641712,43.4896411412826
31.609041484170916,28.58695281342469,44.27275034599882
27.053465949710137,32.11635310732118,43.3495336553988
31.959213618115818,29.808909312159113,43.88890749685818
30.636132521816393,30.190349073670834,43.70472167445731
32.623519758810026,25.009443953278282,43.086142509525885
27.677984511948452,28.814577606876167,42.27609669645947
33.49529788264729,39.01830790671657,50.157923932354926
29.032002829086373,31.52702159034277,45.05711421930962
28.218610383895957,33.25586221438293,45.47426017558468
31.374921500322973,27.058376947377266,44.71880200281585
29.923774805704053,31.04265714746526,44.27988869620604
26.943107306027105,26.150033851153623,41.225150734736744
31.733641163158513,28.219848875910973,44.52586606828959
31.182158695730713,28.018556561358643,43.43738129721966
28.992268530208968,30.81333261901025,42.70003093972092
28.11114014707979,24.113457665921537,42.54185516272612
29.57419183894643,26.79173968864526,40.89580433760912
32.20040102799438,28.64991039587941,41.59151204487793
31.311851725630525,22.24123276964958,39.831026684751116
33.28145179179001,32.9532684304811,47.417285618439266
33.40586558165326,31.290054602304647,46.808648026787004
32.61762921428051,25.568660129980422,44.890102034527565
28.718981513388073,30.79694534363259,42.51158203036397
27.637800242393745,25.40418810694363,42.902177227139624
32.235820772386944,25.491608760492323,43.5065912472389
30.175788051743204,26.300822438930567,42.12542671099915
30.643688007637568,31.956644843573173,45.04209061445503
34.138059656371574,35.830443150748316,48.89242285125566
33.91115257167625,30.78607726820445,47.20236420114115
33.163639580397415,30.850084179482028,47.312171964715525
26.526393995914482,27.57399896248598,39.683559872973404
28.017288537087158,30.640893207476896,42.99888905997465
27.914971352408767,36.53066713242256,46.834183943106304
28.080965923483912,38.11789782762628,44.96344770737931
27.244950695442245,27.137838246812716,39.95511969595648
31.002098113359903,31.067275353248256,45.53001711808672
28.234890840598688,27.988678824552416,40.41055196159094
29.483963786178595,23.825652416583317,41.470318413851096
26.42963079603131,25.329623410214566,39.326663177601205
27.144119168747512,35.83330746485887,43.60017167664287
30.37017090465853,31.240959689978848,46.23076568307297
24.678772640188924,29.651936569497128,42.114280642850005
29.47368481361423,30.74033339902957,46.173715015498004
31.386208186735665,29.57455405775228,44.207477660478766
27.934573045428294,26.5585671775102,42.43597980905576
29.546456828829466,27.935004155799298,41.29173670878223
32.21822769879847,27.23642828790486,43.63179511277461
26.72045547426167,26.64726329172212,42.228474798951666
26.61176495781528,33.499892463038556,41.44964966068177
30.565218848412812,30.51280464986445,43.496221454349616
30.08983412420721,33.81293281063937,45.45757808104318
31.310625369018457,27.41336074846488,44.755711185940015
32.11867139579163,31.60298865026119,45.507114842768246
29.598200735398198,25.108761254917017,43.25799720130277
29.078092186914155,28.820990986119963,44.60329241229962
31.919312955940246,28.160015920009208,44.36442206246339
31.32373915438927,30.257150130938005,46.412241350985276
31.98851619515127,33.730486598819034,46.75297526612775
29.98679667407914,23.092482520919354,40.88842553256513
25.055771862944628,26.363686313658256,41.977809922176085
29.924003680614888,30.227085764645732,45.74150869687761
27.14967978575582,29.427468457663185,43.39692515102601
29.939107602224418,30.549581880869212,45.863690506644886
31.77844899664151,21.90803347895097,42.50771726475881
30.43798095994721,29.450295202565542,44.424879551944144
29.555887222374523,29.18446163045028,43.7816975366023
30.934837757415945,30.315325410371013,45.96711897798592
27.85076726725144,30.183613841520035,41.28782728770147
32.684839627719846,33.93333093497511,47.07859771022726
26.916161136082984,23.198655389211694,40.45016264221367
28.890213591249488,24.936083872804353,40.88994357692974
27.280465439892858,28.501832632665458,41.275330815373295
25.569620116909277,33.083406855339625,45.26601647773711
33.20615369086598,21.89217723976917,42.34182211545338
30.806413941315103,35.27338852310806,48.168557755236556
24.246146597775965,31.550535156135464,40.991032656257104
28.61860031134462,30.48318435118836,42.06249318370375
31.239519384615114,32.119910663372146,45.9734528437458
29.49411463104181,30.592658171917872,44.30323466934786
29.506063959645413,23.414501165837528,41.40443660143132
32.01735190818042,38.09141630187935,46.95904138463953
28.71311524353198,23.87367820676578,41.9741569216854
32.23137529791159,26.305107010129785,44.86689731408309
30.379070990847378,31.326650764823338,45.601141338994644
30.773069430333603,21.931969700726967,40.177234011277335
33.782997331671794,29.65434093046791,47.01708907476386
31.53262128231646,21.00579614131097,41.05690589892081
27.234398836498514,31.617611955075994,44.6071629626554
29.28456552176835,28.266419916329774,43.69264170785843
27.826509443287833,24.59390981698611,40.41862728140134
29.822591143058048,23.725073456154448,39.88958984393823
32.16134931599886,30.776538071254347,44.8676262158796
28.100110166941825,34.32003452893511,43.29594697831254
25.0497326808783,29.368317600113176,42.47977575982086
28.1868362522326,26.54192944367128,42.64131228599924
27.716143711744962,30.37369491460035,42.15681241007399
31.91522450976828,27.198510687860686,43.12909862062145
33.07683465357721,22.277422481880432,44.926439361912344
29.00069585482883,33.40212649858593,44.75456405377283
27.48300523302683,29.66353472396907,42.999076359310685
29.14981999476041,29.507962395313356,44.91360624471491
33.163856419665535,28.523798774190812,43.73398634288235
28.176000799999734,30.596314461152264,41.5823679452942
30.51830397760722,33.933882319758595,44.88091095828349
30.672773490687693,31.552064016421767,45.26570455150658
29.246567793116935,26.669893996401658,42.46993507614115
30.83127170812468,27.54092832240162,45.11552918653123
33.13783773647149,26.712106040075685,44.88494880188792
30.074000906596932,28.57709196859641,42.018734545809316
28.900863806199915,28.54029732894938,43.12090281543503
30.806212668462674,35.252550367769295,45.961834679304204
30.15874491527926,35.35051585060405,45.02442917998415
30.399573411459304,30.810046809918845,43.204500781703636
29.721080851393243,26.970261065560752,43.731239385171534
29.82422476875151,33.444705875632536,44.66152844465968
26.163812380040966,30.84366494317269,42.34172591755409
29.051912490690487,37.42488544862113,45.321657307302814
29.944700415013855,22.585318990770602,42.17025269774752
30.887452444775054,28.509397470311377,44.47154330599491
30.499632558811985,29.12573649294847,44.67935658132799
29.007322435609982,28.451920572150303,42.707432224057435
30.935503108396347,23.128435777498854,42.25367408652572
29.4110178977466,31.281370305495287,45.98479553309255
31.92960413155071,25.660601751695364,43.66623842865576
27.245756268094745,27.08457277087319,40.77622253583732
31.404225763555708,23.74699460091132,41.97917398446864
34.06801803216194,24.093933669454216,44.690924530115524
29.70883712671423,28.79560105377241,44.303223638474975
31.56383022438409,22.331866359691695,42.95425246107095
32.5084857116748,28.264535024772247,45.24942282580245
29.47326064641333,28.426844817648107,42.184797505598496
34.508497360137994,23.32142957248442,45.098604772547205
29.62324098349813,25.955624516828586,43.87410575816002
27.096222229572255,29.879721465564124,41.254480002169466
30.073976039743595,27.294083646784813,44.214215026592356
27.98257144153394,24.31424920880179,40.463171162752374
29.48583715579874,30.5430878768106,43.13626168225265
31.87879554598172,25.293392875541027,43.585746583666
30.99111772306866,34.733804447100646,45.29909235673814
28.69230513507604,31.237331967216445,43.542977107276855
31.198684890242074,30.884481549448537,45.60702388750723
32.19208771661265,26.50925473337874,44.61213783232897
27.120538588856792,33.79160527404014,43.25509753826063
31.772269463948735,28.352063715661426,44.197306310552975
29.26140671599744,16.704602579394777,39.139524732432996
28.73279525177977,25.112934393434067,42.69901204444729
30.936230060326164,36.01233895158116,46.087360178096226
27.829660794979624,24.32779937188267,41.202495626231375
27.00428419863115,28.141813985151938,41.46169694136951
29.771936635388887,24.725492736231153,43.58131830997775
33.44870608859505,21.286765977087477,41.92655795849808
32.58403765323844,19.471620380422078,42.252342770137304
31.03705458957701,28.223743545210414,44.239040192211554
28.220778950014935,23.67459959026478,41.99323745128438
30.244684734659653,36.97261900769476,46.82750153899312
29.86925597597067,19.341737483874766,40.58665897039197
29.68703647729755,28.012934217853783,43.269255014739215
30.967027922074223,36.272659073418424,45.09859667979423
31.78520102179456,27.10382985191888,42.868866825127185
30.20977172920073,28.008259800149126,44.87540123478609
28.112434409357306,24.066404464878552,40.28587028537143
27.93484619034819,33.02827737202356,45.15774469603682
28.1277205869709,26.339455577633323,39.74273189793975
27.980509698022008,22.83616361629135,41.673591533871516
31.630222201068804,20.622676471689886,40.936127516480724
29.59953286288571,26.604468757725826,42.85933964445421
28.41729565049045,32.79363244495079,46.109671992695226
31.30258123989197,32.96164540312469,45.493892821587124
26.915168028937348,24.7978674981359,40.62926069270518
27.25608838275412,27.133669726087515,42.519781341241554
31.1051062939355,33.651016917337444,46.65227084045592
30.349024253747967,26.558143521370035,41.678791991244964
27.28637593678893,31.00514232321461,43.04508109218886
30.562941881523535,30.109189412772754,44.80135965146885
29.9132556616836,25.137901157481103,43.706984023723365
29.20489224221936,37.72048954108166,47.31756110895614
26.588371915281176,28.270857804387386,42.20290357022183
28.19499902709172,32.225239129651,43.568156564667724
29.225971243920128,37.44467923864417,46.2512257088291
28.527652610772197,27.326849425658896,43.11943767688848
29.206237475002347,21.09189341326574,40.580313290447336
29.498585706392202,27.574450348872993,44.13573224186118
29.246421401789537,29.902370211904113,43.6584965464166
32.11443409062148,26.253972257628867,44.068508764526804
30.589149479197,24.076496343227845,42.47660186268993
30.42651478033735,30.21588072671604,44.74753636942348
30.207967453110502,29.11588614043084,43.774573784278125
30.98728470155653,33.558556256592695,45.190593167777614
26.356198453405383,40.122029852681095,43.77717407577731
27.5671492681109,29.36999955114479,44.302746387421244
27.676847646829366,24.778581462553845,39.669230573630415
31.333870999046884,26.96572491839154,43.00814880222877
26.879070386465564,26.234470648680073,39.45665655746954
28.634398205499718,26.712251402878955,43.641789783901906
28.74922346163363,23.731199991457483,41.91246413424704
30.30235973922858,30.517334914227106,45.74218945750669
29.066200004753995,35.381798843277984,45.84746712086925
28.062592794133156,26.90867111859109,40.755665576721476
28.573719518428934,22.947172777298736,40.67155780414234
28.632219595304743,33.681497773887955,42.28127409094711
27.70750728514841,24.010191269692438,39.24742731604857
32.29931447846034,28.888377543437915,46.07051663415346
25.276340710939564,31.022347128003403,40.59440343876371
28.010519870520703,24.227881411388516,42.60963225640679
29.930548488274198,24.20325235792944,43.003682516583794
30.438318960365052,21.47202785604919,40.97168584636554
28.112799159837717,27.378128181416052,42.18336148811657
29.591095191742546,25.961577065143576,42.096085441654424
29.870905649965877,27.92834992903281,43.34536225009434
35.139691116025986,36.61588196500554,49.50133678637434
31.40230183852003,31.52982463824079,44.21712112825258
33.23022020194043,33.2984849941139,43.85933457157972
32.821339059101085,26.046754030241388,45.022574195274146
29.951987304268133,29.211563152795566,45.274569484124235
30.79602271700311,28.90487574546488,43.322437840950286
29.319782217917616,30.18968140491367,42.83726184292703
29.191437252251344,29.888992561713046,43.63595778404526
27.910513014794972,28.456302399786345,42.36793961901902
30.782686827793277,20.93575603757831,42.66183939619701
28.24098797455201,34.70683407552676,45.56403296427898
27.710143260629813,26.347134112095716,42.39822483047842
26.991154792654648,35.41541006132389,44.976951138376734
29.936630252723067,21.59270729380556,40.70593527696807
29.714902224091038,28.282459150213963,43.48127114333854
29.47952746136018,31.918488245741266,45.51744963701733
29.98566693759769,31.95246633651997,45.159815869284266
31.39979378782074,31.38159343271903,46.33699058037116
29.11118578625277,28.5750924101671,42.360196879217625
30.895520500866617,30.308702750369793,44.19602561005778
33.18131538913421,26.715277214611934,45.507494272719704
34.29839429457857,30.223322095922374,45.43193175071227
32.33115563646267,27.28873295717463,42.61980903939377
31.176128219437743,38.18997948616092,47.95445133864284
30.816366772965832,34.66472690968562,45.767080159957
28.97728490767779,28.58226748765593,42.532890215754264
28.615360509840023,31.618219301430063,43.52441173633625
28.467449095329226,29.269438399314133,41.21288279191018
28.973769839405367,32.96814753933175,43.74712462774023
32.47159274768532,26.53306182840215,42.04027183634552
28.90648116114804,34.52008006960584,43.75442760811856
27.122405851755154,27.968137528554063,42.824701373828916
34.54189488572966,24.47805311796635,45.34508794485599
30.532814758631247,20.605279346460588,42.10230756888729
31.05515882928495,37.40997533618114,45.154454440608774
27.788925681026026,31.90261527385553,44.48228053415766
29.575330311680368,28.946192396047525,42.01628280276325
29.868939357063315,26.850252639908142,42.46599911870127
27.70224687342725,23.816307485067007,42.25258977986955
29.4703768055039,37.652538541426196,46.45505057571146
29.86998739548857,25.574887589838625,43.5892813080497
28.215245878617026,36.143554620736005,43.82298092374663
31.48020945341827,32.398876507787435,43.80376358349928
31.145001513553336,26.80185322848593,42.423119778435094
28.630605289408393,28.607161172577065,42.78915165087475
31.49027324938356,31.052894902762475,45.87636268530407
29.974524109078896,32.42691815290218,45.94646441734262
33.94720259364087,33.69201183821649,46.32935741636504
29.095036243583596,35.901329126822795,45.507145958101354
32.8686244521458,33.77818662292158,46.844689843548615
31.00935748819827,31.69585784149574,43.9118457524334
28.8029203624141,31.631644494469175,42.02233831087433
30.74634138298331,28.938903949068962,44.46871406204139
30.053050593680435,28.579188959208842,44.4477048325766
27.632952939106257,28.484553517263727,41.18774867759556
29.078962887272557,31.321093416667384,44.64715165993891
31.140263334718615,31.744191658296046,45.54389485753479
27.34555011565036,26.23492857428459,40.46118426834002
30.768254587175598,28.334330197956223,44.125696862182025
29.373391493089333,41.08899505664067,46.081360563573504
29.59491980714964,29.743934655733952,43.049043421131685
32.42277646896534,25.385439081166673,43.89266540820177
25.91884401364976,29.16108744454828,41.75453131367888
31.222624368500085,31.481327183565924,46.5757787056684
25.983140492632167,28.80052057757152,40.281943859325466
24.843628170122194,26.059140521563158,40.00627421489118
28.99302078448596,25.83494731415755,41.815096260102656
31.702527080567332,32.17048289503834,45.86248209951096
31.764919907632134,30.815896441813855,46.50737553088599
29.620182052849465,23.148920111306513,43.6523596581246
32.02241335813013,28.383531711626816,45.07384661498999
30.85594176028273,31.006994986588634,43.27525659154936
29.881782884020154,25.879151843842855,42.6702023804384
33.93156826992905,38.796196689125466,48.63739282524558
31.355802130818056,26.52437583067253,43.85974600083721
26.393761349587116,23.805587031321856,41.07099429690984
27.61530504107871,26.771583932063162,43.48574702633655
29.44973705701667,27.17991577232513,44.23436981686737
29.26719366897294,29.042703308122764,44.33993953280896
30.613963703275893,32.01957249995136,45.66902710706529
32.24393213004704,35.17629189635748,47.48118966740537
28.762174730143002,26.97698849962168,41.032288924650324
27.316769674298737,26.04545565643524,40.80019911981505
30.123060904723438,30.926858820273566,44.26495495357752
29.410353695298543,32.80554428512107,44.22904891857479
27.18937363826819,29.198600469703546,42.94865927495852
29.418178265324308,27.721969770372702,42.99644364435423
28.623090324133038,25.071742865018827,41.81657940384154
30.60537719345968,31.678276680759854,45.069518172030556
26.623038346756037,18.576906694970468,37.74201089920531
26.105861737152782,22.078315140918537,39.877209659139716
30.386644597890026,24.484266948782775,41.23600821649522
28.757440047399736,28.814095010894793,43.02067284578442
32.98672793948292,26.407033597528137,43.04259177179014
28.19628514287147,28.662007641925115,43.68992630107414
29.853265232725416,22.2443496117694,42.314796918018764
30.880048888848478,29.561609764203656,43.760405277397766
27.5434682654237,31.115464105506206,41.750598728766285
27.364740571230822,20.2880448128834,39.51481597581417
29.875992732870454,22.175866768331698,41.89771815460833
31.04831760243146,17.500985014365963,42.2558441698014
28.947906537731438,27.382109976003864,43.90779752079373
33.91073723293862,27.3692043125521,43.947824041519304
29.642142578344007,22.975009097275024,40.547268579341974
30.0572808320284,29.07163651916313,45.07491785648902
28.221082284148977,31.92216987908668,43.46965100326013
28.409631349996896,26.6039077306393,41.8834714218374
32.1638905182785,27.822056819266425,42.65155814830125
28.13845791104505,28.36444850814348,43.73368838268871
28.534148193310994,34.51565825468485,45.989717680970955
28.021594358432992,32.762284651421176,42.67252256461308
31.21196985757025,32.24760875535288,47.416860769846394
26.866554456466066,28.057959051713013,42.42062673193764
30.575883379831012,35.69267804137374,46.2258045064747
31.401166650592664,32.29703051365765,44.51083736626411
32.74057589756091,30.218649953052218,45.95537499941465
30.912789807754393,22.43933236088844,41.50848553540875
28.35797210835108,31.55518362065572,43.320451606460935
27.018803140427686,38.824203429313705,44.33836115088188
30.982099700670144,26.619970507901737,43.78071871261107
29.916015272177518,23.136805427188435,41.702254666141954
27.79948265422847,27.011918746197335,42.41678539200739
31.91701958098772,31.999500429073105,48.40378152993722
29.415609994814353,31.565010154301365,44.78876597980216
30.40829421159748,28.648671932382246,43.27687515813306
31.88881503143507,36.91526561049341,50.06635818501498
29.25470359059844,31.60817757484971,42.99805327603291
26.51415954725453,27.41026517620661,40.92934792483887
27.795660368357044,34.61947167657391,44.08545774841504
31.65526125340398,30.514291240818906,44.32795320558836
27.18849491460127,31.704362703884815,42.79150015780043
27.966788589821117,28.407653447290176,43.6978536711234
30.00075973662222,19.72220437759325,41.36022608851928
28.40023843271144,38.44279050865253,46.31952372528851
28.198527688926145,30.657140898068427,40.19130399053694
30.64954136468108,34.66571708133428,46.857896378877605
29.006588941226248,26.235280683890764,42.36003015379385
29.29513052332886,20.43586810080148,40.37347812864952
30.91714026299025,34.33482241027536,46.3502287935223
29.79931155024056,27.09928520963899,43.75898514344576
28.357746367090158,24.627166830600746,41.6340656341563
28.923861935372507,27.920709693852555,43.51031749102522
27.39978941613652,34.39453076428056,44.37322987842147
31.547666134319908,29.21716496003732,45.531689491740984
31.94672546698952,28.121676668584165,43.23696087981138
31.95092551727314,30.44087411090247,46.37914006347501
30.127932506452584,28.232653154692137,43.66142925709568
27.5221955029236,29.918850915811134,42.82452079736824
29.637173045299825,22.20510905146239,42.144831935992855
30.24520517494026,27.23432628387071,44.32982669055755
28.105396538306014,25.372530307771026,40.81975207930117
35.53550278573043,30.556769766071834,47.5494323991012
26.089241913334355,23.60244159843489,39.92818372309472
32.4909394352143,24.947475502050498,43.428912278795025
31.56184770870067,20.8835813659164,40.9056288981823
26.52067206357469,26.628282098711324,40.02182647082239
31.553519347160965,29.091430832339906,45.93625744580898
29.185755146407175,30.5546195145209,43.098143502149874
30.837154956553114,36.57512153257187,45.75745636683439
28.05477519236244,25.732322366595497,41.31615896314071
30.928110555083435,36.52471806160008,45.158356463843326
28.64483248384955,15.981043578752834,38.70188597287176
32.14720616019437,19.898857828948564,41.16977414816188
32.2005119911404,26.794804492418937,43.864585069855764
29.744852279778023,33.35895381860085,43.610350476475
28.680912958087134,27.47568365781345,41.568679419647296
32.1038146120684,20.563506400148615,42.1693343016771
30.756665343105116,30.84652520883642,45.73227921320971
29.677608051752564,37.559644642507905,44.91333052152726
31.14332921558291,30.280526115406833,46.91470933093651
30.799403278438685,30.732721057321193,46.02813243142792
28.314896977382364,30.53855512560255,43.18414797441445
29.044258567824325,31.157401609963326,43.760977078648914
28.957166409652253,41.26538378892133,47.77236022806977
27.819517542595293,21.41088304722879,40.41748257557935
31.93256386125853,29.06206032251579,44.85650153263387
28.46267717919025,36.07793321384535,43.82011381146072
28.062781703494316,29.798295880757994,43.89735384273654
30.186954301123496,25.82289750558454,42.280498987228306
28.062126958093923,33.91712028434199,44.52645125375058
27.3834053356074,26.503882804086793,42.835003969143926
33.563646347347515,28.40885222941179,44.39400256393849
31.460453622584875,19.26358734027916,44.10047552289725
30.004973106500486,31.680500262664644,43.56149063326405
33.36430129222571,30.00753950974993,45.4528034552408
28.107765561512903,35.83324714127208,46.278402323808265
30.88172985934655,25.955776927874123,44.50356928987412
30.997074223075977,33.304658634037125,44.39573984437621
35.42043893965043,31.666500493854603,47.412885353218634
31.1543801884509,29.867847018363086,46.13722564054491
26.614852195000996,34.38147139654055,44.704262608980684
29.82887918953553,30.151899430397354,43.099106341983656
29.271056890351197,27.145402171234533,43.32300621877863
28.661146147795815,30.175836172827687,45.70148766919456
34.12228065404979,31.69471068299236,46.20401076244041
31.079634672291398,24.884584935158053,41.86941944165692
28.316945791622132,34.02367928001775,45.41588556404129
30.474361115302866,38.11850690686778,47.77160315674641
32.79002815189445,24.70847781034375,42.77906414147347
26.803910872647826,24.636959989810197,40.580980589255546
28.400228273441115,29.100279772039293,43.09875179776998
26.819485025419706,29.482752520015502,43.57486735023951
27.416746611409366,30.760217616621986,42.12516777164116
29.01440544347235,26.23300361089187,42.395742772060764
28.907555340609306,31.050045281780292,43.48284586763442
28.00852073987554,34.879443886672476,44.13138526914917
27.74944891903684,22.38924047265836,41.556827969757194
30.730444587190657,25.136269934211466,43.83753928883247
33.29058070876208,23.86758881881885,43.58099080774246
30.189677745886122,26.364197152362845,42.816618808625705
30.734486613683284,32.15188901941573,45.817482920218694
28.19348201437492,27.645176087671096,42.30378119765467
31.2280790201549,28.195452758598762,43.60841290765038
32.34550295888392,31.62381241468747,47.158820588316104
35.9180226052196,25.72846660508949,44.19765391488285
28.901111644739682,17.968502015572923,38.40798600662335
30.023678226029666,30.519833861621212,44.2102689848419
29.20990010699786,29.681139112322633,44.8463428122401
34.307232479731184,30.170727700252744,45.34118131500032
31.983759171914816,25.686093380709337,43.721367859212876
31.419313473269582,25.920643086635614,44.841648501599
31.97009897622009,29.75369934657189,42.61694019857752
28.059038480972525,37.2025256264845,45.545208799730624
31.93849433520607,27.726955778766484,44.6528453864605
28.482770027669204,29.293359246594065,42.91789378601064
28.033191213697624,30.174139252460677,40.9602017101285
30.622223301663837,25.98185936274359,42.365256019480064
31.657707552839895,26.47304787886078,44.546485589084945
31.188348432382327,23.024668563884305,40.370804948374364
26.997346103249313,29.16686277902002,41.25668478340487
29.201443423535604,25.76170478247049,41.90518419940758
27.04852068393101,34.410654745436844,43.81385345942479
30.890500607324,32.538606319385934,44.53156687167222
32.61486802921897,33.715014466448764,47.80672583627863
29.795267078179698,23.26520747650619,42.18587950836891
31.309433366265516,26.514446837519802,45.286445456135716
29.864045969587735,22.22617832238486,42.01625598910084
33.61840262464455,25.853829177767107,45.64522408377063
26.012207544867994,30.226249027695783,41.590006176220726
31.041114926550634,25.57539454996993,44.59583348873862
32.033769353199844,31.63930994183214,45.52384213648616
31.44051763881666,23.53769246604239,44.45365888115794
29.40292833010464,31.771572703815043,44.28995814036544
32.59359867259238,31.20524884272443,45.91998306789877
29.825707850764914,33.04656146700128,45.27591019769913
29.812307447073877,27.004479128024155,43.03193444289446
32.39252023221364,23.132565248117096,42.573450925966455
30.190116970162247,35.849947665112346,45.693612920893145
32.16459590998506,27.461441784761025,41.439352920512874
33.59035733382623,21.884225949611437,41.10174036688849
31.612832681145758,20.733781929976306,43.64520402908899
29.67800099888119,27.25986615857462,43.856389031039015
29.64930515728404,24.31160516339798,43.219289032012874
28.16946128166841,27.56015780673058,43.798177651243584
33.029691862796874,28.166271737584086,45.31135776697782
29.24006094280379,30.141063365171348,41.74251474025394
31.10711559199257,26.512184391305112,44.82888595704538
29.48246723101113,33.721102644747084,44.17975575768376
32.56228498197908,23.998869111037763,43.43919623610517
28.10160339413145,26.568301953825653,43.01551855860327
33.008516000282654,32.90125456927894,46.15138394168554
26.641645311906963,24.010657363377284,41.53582260986751
27.09757730527663,35.87788422243659,44.41734168158467
31.23891522260441,31.271350738396308,44.35387427733299
27.874543184477492,26.480986736335073,42.45569963861489
31.25699264587433,29.068460934041664,45.61193523871132
26.815488826084913,19.856984185981915,38.336000059448594
32.79483134436388,24.5374143022352,45.47924615577506
29.67770006470796,23.391135902446866,40.54362639518914
29.1995619151774,26.547647943701687,42.73258195776358
31.491312609961117,39.267971069837245,47.558884583542365
31.7982187313083,21.28870542963666,42.567739053654066
28.100408041058067,35.6180557013971,45.40762680457986
30.99414724909309,18.58732470414946,39.429290362184574
31.56548811214257,24.865049829738098,43.28118569666479
30.967922120440107,27.068408808018226,44.60534229107572
30.5165471083603,26.090104319334053,43.75047173849049
26.20845646649608,26.248868439132345,40.498886450004086
30.70678843821896,34.405930834497305,47.03777222847695
33.28317345958749,30.476335694961254,45.38807578268075
26.27474653059634,28.968663347054402,40.970955976549895
32.179853514020564,36.21192660387469,47.86999779961198
30.78796054367288,23.84192299884126,43.670415094948666
31.659943885451966,28.85777048656581,44.171687352743
28.773088803110195,27.899681750523712,44.008493833805375
30.926348825876502,36.086700467794834,46.430386490611816
26.433286288730436,29.881828853310143,42.89946487563797
27.878459319132855,30.081727010397838,42.507589414327605
34.09609906813815,38.64760719436641,49.79455272131063
32.56330339024766,30.348461736097786,45.447360361227986
30.377629842533597,29.561162688428315,43.27800423834042
27.61096069498915,31.079584433987343,40.50616826546834
23.5438155570263,30.11323679866863,39.94436742493908
29.895203200262184,31.33975610197748,44.1886887014642
33.11332122813444,29.160903028058154,45.60464536413863
26.289038585279464,24.795892101173365,41.77225395132403
31.314197319475973,36.723676916665696,47.69565064087916
29.04951287312356,25.97090279034398,42.009269728300666
32.5668543022552,34.35960846315908,44.24439231389319
28.652566903347687,30.55444756041946,42.614315152720934
28.509558513491097,34.118552235227355,45.64950721146651
28.019625962008956,32.629937450378925,44.05809681760937
28.372945067669875,33.81677277585683,43.37070686405497
27.692617702860975,33.547127699315524,43.34089906224211
31.568616953977887,23.30363837742364,43.7126629714744
28.795726319321496,23.961639062140442,43.35191266922371
32.41218912162604,24.086382381761645,42.80141797367902
30.249100257292632,31.267316445727356,44.1656368009513
29.96468170948591,30.822482684439333,44.44701150637898
32.315664183071036,25.648878791155745,43.92001084568085
30.38483965994316,32.011629381680955,45.15624195489437
28.928065920800062,32.509580589530394,45.72307169677961
28.80027382073125,21.915643970176,40.335714737449514
29.27136182895382,32.36072967925447,43.13983755406459
26.735232963285352,35.8690710036799,42.89831969138206
30.509052798572966,25.513252961609552,43.071332072916086
31.71415367519422,30.09488846502867,45.7124716607556
29.75370215243263,26.4314173587279,44.54223769262369
28.070781086652705,32.04800782304337,45.08752377320443
30.549933763376675,25.514647409961253,42.47136863144443
30.219903760548785,22.268039163259495,40.30434128290673
30.587879296281656,27.683488797560546,43.45150351601942
28.545823594364915,30.520291919763384,43.0251639201157
27.557060670019624,27.498950990160093,40.406874280355936
29.440959846336884,28.64776392599043,42.2617461012335
30.10470182950026,23.415395832120844,41.96956230438914
31.47247145993857,29.37867945994625,45.346283912294126
30.010889601769843,31.329759868011184,44.21796184442965
32.02797870229185,27.901515661804808,43.834363860501
30.134840847423202,31.183826332407897,44.68922243663998
27.076453287717623,31.85655694705188,43.806917984865294
31.456328210209502,25.54224002226446,43.099952695241036
26.720906130085403,27.745257773175688,42.00676689436667
26.773357798024005,30.877586761154813,42.503675376384905
29.324802056903867,30.63794109656655,43.9269683722965
29.066606608455068,27.612285412759203,43.00471260663293
30.558259705254727,32.492169856574,44.64372551810474
28.77766368055606,39.2886259191005,46.281273753771245
29.419727150716508,29.49651611287811,44.24366912738027
26.62848579065815,33.55209570602503,42.11920515910908
28.428987087529862,29.457805949757923,45.10626103040018
26.307967757822194,25.36473798514557,42.93598002989084
26.96257190587421,33.100092117804735,43.978902977497995
26.79267252562997,35.308432047499366,43.92114707444063
32.8069540628826,27.925302224723666,44.59557313434153
31.047946975269202,24.40236710949162,43.31339863395052
31.75882603086331,27.126723342724212,45.13455584729198
31.235861179224553,29.61040887370897,43.31948892349284
33.023070421125155,25.919026081076556,43.4867680958015
30.628011895177135,27.34914979116538,44.14679323301457
29.714718811411597,30.499923259656562,43.99153628278863
28.62137056660351,28.40647329088085,42.44171947628811
31.30688931191115,21.218171417863665,41.87540886034919
34.82887198014537,36.41630455320577,46.8022761002543
32.84622130217989,28.183921050680496,42.564859182381085
31.823954201590983,30.400720782689948,45.128859534600444
27.389000238659126,32.60841765254678,43.20780194348803
28.08863242266394,23.910397698093952,40.4600720973056
28.79019650188435,25.351448614007346,40.405831036740075
29.79693955803932,35.759733939583285,45.66587493092471
28.286223686963268,32.600662142221985,45.02627521204342
33.5649470982462,23.618343236182735,43.65471463474342
30.410713826740736,27.92648989843634,42.19100450149659
26.82993370769736,37.57371890032077,46.56097640289408
27.042147862115076,30.176618501291046,41.20965408913999
29.182252078158342,27.957389698423835,42.736656106760755
36.259824237967536,33.14859803981289,46.99240282811078
31.00027125805224,27.58635440338475,45.10108100798946
28.81979701671027,27.434036969729597,42.16998259109584
31.940130510779245,29.862827040323612,45.92086767224466
31.552458926193598,31.066560228586603,45.10828161215214
28.165887350915344,30.87496204569447,43.01680597518186
30.328786565163394,23.94400897548017,43.064403733817315
31.43026171103708,35.44374629042959,45.391883179013064
28.772128581575814,26.658550330158334,41.4967914202553
30.930694986227657,30.131779245694844,44.18241560785428
30.66662770602201,26.002592895983163,43.97116302060055
33.59843510620924,28.742485574292413,46.806644427466175
34.97290880546168,32.289460909798066,46.60852626244767
29.823598315710694,29.493542992142675,43.051998328942645
27.368425720577655,36.055247052444784,43.715726077812455
32.14488340794936,26.014569857402606,44.867811359177885
29.85769385982465,28.492937520396755,43.304549782015336
31.08460213740942,26.895896609705076,44.38795688031271
28.979060629826307,32.17125073309096,45.077248988716725
32.875090543219,30.460790597076326,43.50578594526517
25.17022639502612,26.338892563202023,41.55736382493293
30.970494515399633,22.68085497182151,41.142893149909966
29.046463795579204,31.25614611143997,43.61825574916755
31.76330059154497,30.529465025073826,43.48194843121594
34.34373551887905,27.592877728759742,46.819417646651615
28.53934195266665,33.876698122193574,44.74529823993265
29.503161997385646,28.12144809156086,42.602786383262355
30.710263379307527,34.250549108193624,45.79674578555055
32.56258361877904,24.968425071495247,44.13305563793604
30.798068706518933,30.093437495268738,44.135069125766194
33.47746614283409,21.136964356761382,44.7404984453402
32.074431618632076,23.94417695249379,42.504223009860866
33.97051070514905,29.450121877876654,46.10981567382994
28.442810318918387,36.10058211210898,45.954336329420705
27.845473610416747,26.491629252494274,41.43303192435528
32.73187756192792,28.6057012738788,45.25046998817858
36.9766382475759,30.816843304411627,47.1872614891806
29.904117179770875,25.363151826346474,41.13515168163677
32.466511712121964,25.001284914296093,43.68592119083172
30.18637165247865,30.233141600710177,42.69762723331326
29.03975638970763,27.559991094271698,41.44523867032861
31.4170192483162,19.033572612532666,40.24933669145206
31.581233544081392,38.16384686525602,46.25054876841345
27.762090643509488,26.8327727490678,41.6173475216598
27.028576386921888,27.008158760084022,41.754434601896826
31.441308142699707,31.349915806074595,45.12603328704306
26.803699778004134,32.4725065241357,43.72896158345619
28.87289470948443,28.47664048219274,43.3041718987784
31.09038519897508,31.746275639105647,44.14035018131393
26.507817450802833,31.461728437134237,41.18428081845898
26.681720694979926,34.03072852605355,42.63481178262335
27.857434334328797,27.732266786973376,40.53046312200465
28.335465279056667,26.813730017374688,42.43908192098913
31.625779105856516,25.54989536414112,43.585953530584135
32.15426653144498,30.94098720479347,45.88060791984039
29.21372843260732,35.20368509497247,44.83468997514534
29.245637341780895,31.577318017786652,43.782684087794145
31.000134632911745,31.025690982018244,45.375310022797734
34.14075948532823,27.22871138492024,44.51057539567327
26.722771126233788,35.81640506447843,46.40528753143537
28.804784907293385,25.4921551916541,40.09262445866784
28.036794069006216,28.50536839498523,42.078296020370644
30.778024459515564,29.455215071701375,44.179034108735735
31.230187913968585,22.041565514655304,42.026549395473765
29.25958243809215,31.6691368598231,44.58889386627941
32.22884313827631,25.181651643818864,44.53317467289454
28.357673761931622,31.978790506113032,42.96682523021993
28.715757328179517,24.11312381475194,42.187667883980076
29.85082580357424,24.714918573854984,42.597553513028586
32.75054293941998,31.451602986770475,46.46278555221196
31.814840283337123,31.57046020528528,44.305766484088906
32.24760079052501,26.351380938281284,45.59017436973534
27.46534422164328,36.34433912440667,44.501188425918954
30.23037861443408,25.02953082074773,40.839020307607605
33.89970685683746,36.38244527082356,49.00938010447736
32.81294863074585,35.715912290528394,47.05991265171172
30.364055293477097,29.239394861126083,43.26645722866851
32.112161668218306,33.32229820544588,45.608448044659326
28.375287112110527,29.481234695397738,42.238803652166325
29.181580718600472,29.171105448739926,44.199963916411235
31.59339218609187,28.82034745721451,43.73907504337866
27.777550714251674,28.558602871605512,42.723118198105965
30.219816704520085,30.13598340083216,44.37019618992056
31.358551960732516,30.968242137046662,44.71818659644252
31.21782104779509,22.044650308301954,42.245238469886225
28.910250546193602,26.913066800573088,42.33848413692561
31.085807975698458,35.6052246772457,45.199892585878366
26.072678082458953,23.50417795315662,40.565626325882356
26.23033172942751,36.3499304630767,42.28693448995449
28.837348205018912,24.472288799452706,42.68814970269164
32.53956720633967,27.18455692995864,45.446755812304644
28.688871757001586,31.609043393981327,43.1701181094589
29.800932351138425,22.689834514804264,41.1129917050936
30.662807282541426,28.771584143125803,44.6180310637049
29.109548482004136,18.197102691148228,39.852932552828534
31.647648787142195,31.31122588113823,43.30501767653891
26.48520923068733,27.033197862145116,40.69909738478691
28.268978644059857,25.410637989155205,41.250623402641246
31.350496384111015,28.69846553394392,43.70516486002636
30.184967795715284,26.281038743831928,41.213915376894484
32.144587448262826,39.494747300733536,48.9094414734908
32.970108089628084,26.594564220152034,45.59942878045968
28.766335207022497,27.72201728750155,43.980825293124
31.30212162837188,30.921056257743103,46.07603758684994
29.19520359516847,34.910942713565085,44.7014402730482
31.67456480189234,28.283022348506492,43.57050366924279
30.811486862824882,34.441516755903585,46.72446322546993
26.993047029003783,28.092686752909536,41.003316099808224
28.13614294255595,25.183621493738865,41.88530404853547
27.5680958251295,40.42037861534697,45.705905568836954
29.73716810103972,28.205093303984736,43.425119488594234
31.627654730167652,37.6441206271225,45.149971230859244
31.50418837797283,35.50405782525036,46.020914189421006
31.061534052514947,32.24267315491696,44.30183382076042
32.271625287467224,26.984924254689993,44.04895267138068
32.23924908225087,28.980508562565564,45.95219680302622
33.39421298899698,30.613179344341372,45.641280473008564
28.891918962910488,31.285198892366147,43.12174697489695
31.136951323566635,30.227756141138233,43.73706733274548
31.115929633075105,34.31942215870626,45.055923917887846
30.758039332544218,20.140540156578155,41.62592291253491
33.3516631034704,25.286731078129435,43.71827272247219
28.258581341381962,27.537527444903603,41.469750042653146
29.05382316761481,38.32834686269169,45.995192944084415
29.17596750077421,30.14408054274569,45.31369465497671
28.70881342149069,27.208829627260325,41.46618162561234
29.052155776165193,25.679042217058967,42.023192203108174
29.879772024649533,29.084518613553804,43.12283491538187
31.31203516902116,25.812705062271167,43.816909168210614
34.32591653516369,28.035861327276717,43.92481897171619
27.04931604380189,31.53439941440934,40.793065534205844
27.98782801626988,29.494359906981273,41.393135459694435
28.33895271737849,23.413707528805894,39.539617312509314
30.853595646645783,33.48386929543644,45.743096045562424
32.7639264357537,19.703113156171824,42.43369698700684
27.330826242985847,33.1375099665799,43.5947190531303
29.253640303264,27.720049824351186,44.682618115812765
27.55620164330765,24.67923685515761,41.015475829959954
28.25919164099578,24.392726966878417,42.12284463342461
30.024509333672903,29.519854035760915,43.17991279745472
27.655980397056478,28.450510786017023,42.34869061966683
29.746201836747865,32.43851803839548,44.33594341043895
26.667329362978716,34.29414284177913,43.520060857969575
29.3332083233466,27.185412434373877,42.02460458100097
32.85792916161317,23.94282636400799,42.31019681530032
29.091006401534063,23.721326757540126,41.367688305632896
34.07201527312162,32.055922357142364,46.50808251394452
31.60911817284589,23.76486248913789,41.7768157536076
30.03683182093365,30.88440250901925,45.13185847803396
30.626053050183764,20.21068613026175,41.46539668861732
30.94007952696239,27.296220688804006,42.30153635010038
29.78353628295724,31.27660786851206,44.817918074374994
30.007614452536263,17.66753943557449,41.121113966971976
27.081509720899366,32.58241155941071,44.154611113745744
26.748051743655825,28.10721790186401,43.18942331540412
32.26527534691217,24.94173469969452,43.17547910941155
29.003328797535506,25.424460445180824,41.247035396996125
26.303308941957447,29.84540946847503,43.51634305126385
29.07382453230705,26.650975967236384,40.96341032432145
30.30974550031827,28.56021284520117,41.891458322315096
29.533670716584453,30.457117595087006,44.905534599889286
33.240444140901516,27.97385986386168,45.19803370891232
31.824211352484536,28.906750959986937,45.00562445365554
30.234796466621255,27.813138885092908,42.5674803565945
28.06511706151567,26.89487601673213,41.51104434477793
31.82582137994741,36.20453038086903,45.941059995869935
34.60532600277483,32.58119328245158,47.62055128981537
28.301373686939495,16.959337212961266,39.12884225347791
33.92533853957018,28.965801738599207,46.55838690472003
30.01593930843958,30.948187870032683,43.569769143287296
29.14059715765427,30.38774926648252,42.67041304690515
26.80723468497974,36.73079849982025,45.76522623431543
30.149882363765933,30.76961762432005,44.40741422749869
29.387417235584675,28.335761856680612,43.181857872825844
29.015206881955425,30.183874713082442,42.65956222841234
30.28467902726711,29.989009880177505,43.92555288868161
32.15627988235623,27.87001248275162,44.166530530463966
28.982758950143324,29.65381075806592,43.612656346373065
29.891038114584383,24.384900778512606,42.185241492174704
26.476433332102292,21.755256024978124,39.51990820862069
30.54946371537277,34.650861586233304,46.13253403942286
30.78082077871259,28.340792378705174,44.38841318742886
30.700500353589593,26.70979759313211,42.63639549399242
31.193512848993297,32.436067860905155,44.50679933351126
30.005431417658887,30.27521600539432,43.472519521738064
28.824510868313272,26.929266615191118,43.49617209737146
28.7921735232128,25.398728317875598,42.446878274407084
29.15332765565015,31.932719179223838,45.15479293161815
27.29074796233547,29.11391870158315,42.300584619773375
31.516770390570183,26.223641845403154,44.392038200005885
28.385320861863132,31.044974944661345,42.82886690618227
31.566208750697022,25.919297826710785,44.12230189275503
27.569122291762802,34.95446999826495,43.87513109980699
26.5836095178321,37.22347352199647,44.610529967529516
29.604121911917844,27.222721827735842,42.609706584980515
31.540199749006856,33.090242526127014,46.956720062964614
29.38708349721897,32.072088083591204,43.01974828119292
29.5027173851449,23.346855757829513,41.90939189460305
29.823675588485983,21.29193435266486,38.749498704031964
27.748867249562874,28.468480029950072,41.95726723958253
28.433339628915284,33.89974039674526,44.164026900371155
31.716187497324768,32.34099393859892,44.41644364910209
29.6593176391681,29.615841999989932,43.100747522078386
32.130839437550314,28.399949258219582,42.86578763094193
31.87031564984705,31.5866962276567,45.52344794163397
28.916564327487464,36.06158685539633,45.13108388463912
28.857218045336772,25.21701979864126,41.934806990908285
29.621927977259606,37.97838465231335,45.327097725675145
30.874442777861177,29.425611083778477,44.54555986090576
30.812686111336944,29.88444780363959,43.30398379047441
31.57742348582252,32.8476036717728,45.256979877886145
30.75432941217757,22.45456740035825,41.12632585522558
30.320888224231076,19.556079149111177,41.01311788692723
27.31761865741412,28.372204470491887,42.14419495745204
32.62252369169681,26.750115376193406,43.09449980824439
30.023460653038374,23.03857125621934,42.348001731757584
28.7574984546717,31.043663603592453,42.948184928262215
25.542096438704185,27.38070003105512,41.63925704634904
30.821289128286267,30.201016536553762,44.20066273266208
29.766379927982584,30.160355273093977,43.95647107371637
31.274819853031417,29.368411232200412,44.02005258014718
30.283410317283963,29.298720810154286,44.111300012388064
28.469677716807396,26.195824131147717,39.584529470410985
31.20648094301348,35.64381474437488,48.106042923031175
29.097121471026714,26.27712306681595,42.93011181043368
32.27789525338152,30.072960560249985,45.342264203144296
27.879285507898256,24.22077780949544,42.291537443446984
30.047710345353504,26.51401139026891,42.451150953860136
29.429469437853776,19.137944989785474,38.56168253056916
30.215842648288117,33.26261677355081,44.53079777551318
27.841130990636074,24.41234932058741,41.405343031384845
30.16664990205939,35.53036918085212,45.78611772261213
29.54656989399795,33.60462708149731,43.394935009508934
28.496192116909654,30.04244077928033,44.34244154360748
31.13376819264418,34.63950494043811,44.54659202864649
32.57396172660387,27.77225928040676,44.967505491875194
29.686566125551696,32.52220833171817,43.98753166865769
29.150621982344155,21.16753399160327,39.63357184369244
31.965857912271705,31.84525405671985,46.69486974177089
28.928486899032638,21.303869707391534,39.806526969390966
30.067933106561053,29.93526745797622,44.34884822766686
30.095013739074115,31.647403906825474,44.35134887340221
30.000595031165144,31.505998054092974,42.36917964134207
27.902670374877236,35.53636270570301,44.4160674263349
28.912032020401984,29.95005060648428,42.61999964504265
32.8073833972182,31.70656416589043,46.05260658804339
29.742050703564043,26.34810011724149,43.44750811331857
33.67293662439361,27.419458556648102,45.72391080147136
30.70248455005998,33.8573828269971,48.01944003439013
28.328795249983962,23.485016189350752,41.754349062976715
35.23783472672146,31.28316221726207,46.91524355216434
28.92988260059768,24.71284558329951,40.343353797579425
32.036347251884926,25.990466158979743,43.96017911023397
31.033489424169495,32.463235139430914,44.282514985735965
28.071867747719804,36.445731395520674,44.30832878697247
32.37523402458587,29.210046929787556,43.456733973597125
30.969247773286583,37.87308458805373,45.16885134235993
25.633459844855953,43.663204208436,46.142260676895766
29.369940979599097,27.101867221071537,42.91712009306772
32.01326147177865,34.40452482360201,49.3461829159566
29.476524677054513,16.219155273048596,39.0761844477549
32.00407013767209,34.58710917738212,47.85735682180127
27.34652413358037,43.4364289784144,47.61064601900587
31.051354800040677,25.666874590683303,43.575186300437124
29.3499822908053,32.55484360187442,43.543481118355324
33.20781128362292,32.02089351061489,47.01631903088864
29.202580550143267,37.34617811958232,47.33663265020108
33.33798104093209,34.25012500108094,48.05688073931635
32.233053471507034,29.721568835674216,45.149637571742815
30.73134691487803,29.763225545221395,44.9882973590038
31.350833233501618,26.223432541405224,42.69190357979421
28.418946040415346,22.645717489637878,41.112201314883244
30.91451751334136,32.447407473747916,45.49205605839512
29.38088028236811,24.443464347348247,42.692092131526735
32.5114880669671,25.900408076482062,44.09583174339344
27.046806424407574,24.43849942437345,40.74371268138944
28.091110528968503,31.814632463205513,43.832860713438336
31.555132899704358,32.37412473017355,44.17412612173065
26.276766190620215,24.823415228735012,39.506287767950894
32.63419729793811,34.84712516357857,46.50051518140131
32.67419055126431,37.78320580221502,48.24750905382119
31.9237277616059,26.487339412705445,42.396411576844706
30.584332028880326,28.843515236315486,44.49983236527886
27.025243780994725,29.012943632103173,42.03717886454735
31.19131009726714,24.640651575538186,43.60695112887608
31.04143368043398,29.23571700784417,43.06984482346716
28.052289447971315,22.70537012450878,40.77581175031186
30.847666058305325,30.58809954516664,45.865525330784216
31.126372576375346,24.906856543310184,44.740316820580276
29.25475259244127,30.01350111279085,43.710335411957196
32.11012445085098,30.406188697425854,43.79433336669941
32.46577451219833,36.14011439519447,47.39044995376248
29.562544718414994,26.44053811789477,42.99703788655322
29.782828941006755,29.287652245093664,44.623369444497165
28.210739403840606,31.844883917924843,43.09304262047522
27.39994180472603,29.065235007264782,42.298584368716185
30.11662454885976,21.28867303399513,41.57949965588456
27.305896888592386,20.816019707009445,39.1332061735811
30.28394603174585,34.720121131870336,45.343517979288066
32.01386156738961,29.71365525265929,45.38821974864895
31.020293006742268,37.828810756928284,48.60838169084743
29.350411847050424,29.424659786471416,43.03453986007576
33.35192808632367,27.883709510159896,44.425455094243674
28.208801854834153,37.50229625457776,45.63689985896757
32.365069679004975,21.278336525007422,42.32756842434525
27.07148037711935,23.091834527761502,42.581813101011875
30.08005847597071,27.204826643890588,43.772403743932244
30.417299144938042,27.089265653363025,41.6354545220292
29.907197977564994,30.541242504173002,43.90500558504124
29.971151183311726,22.8230342783453,42.717983089841816
26.011671043153353,32.78793594257775,44.000446213552536
29.103041451670737,28.310519798381076,42.88890416004031
30.873386640257703,31.66104561034064,44.52624812086998
27.440408283948507,26.248556782479834,41.51420550268427
29.287857208583556,30.995218501857046,45.299774775140385
26.00192713976394,27.759586216234034,40.2056417860872
32.44172346932197,25.969268835265076,44.72761155510877
26.662606696816333,30.127991771993415,43.983845819823834
29.464524533530575,27.194058961848977,41.18808823367282
30.4234860829764,26.011988950603225,42.9584689487996
29.071261534146515,28.265170661464584,43.51854423911409
29.971489801284072,30.696360685926315,43.41819139586443
30.34525401346938,26.613338829433605,41.995056449855596
27.66910931809765,23.59857272009032,42.23302833474581
32.35497185677979,33.465574368990474,45.76761045905263
27.576208096128685,25.89506728707051,42.21045768339494
30.30720139436159,25.591655232788362,42.793908523629355
29.614994648730143,28.54410427688233,43.82806972686953
31.848984742686515,24.77520460537842,43.802977961621
26.626116591739592,31.546631942969384,42.551963444041476
30.148218412793252,24.643342514409593,43.94234163646545
29.133410729991613,29.199966742017537,43.43833908872793
29.074787008682968,24.922405535304694,42.052395145976554
29.68539665228419,29.642760803385407,42.99580061099372
27.84356989148766,36.43665215314334,46.477184791898075
29.37247584438867,24.91154101641998,42.98207899905881
31.67498553414803,29.531164545900786,42.67543380095052
33.56720846350527,26.732695381334093,45.39791324500326
31.178152852885212,25.012931923369734,43.6101767409457
30.02825704771899,27.229138448021846,41.95913275249392
32.74488972645885,27.06391019956437,44.09831537275004
28.609941186502905,31.819057444588204,42.40311227515943
28.11075173013549,29.262187307475862,42.35173342628618
29.582630544379494,24.84780419995455,43.116075375290634
30.194489401995416,27.27932748719877,43.43569865728224
30.61552651774615,29.797652753297708,43.98813543517438
33.97659315629804,26.220357239861464,47.645806946244484
30.072910582426957,31.870273455926238,45.087214868657306
29.49482744220886,33.42019187764964,43.25992154507447
30.460584021453315,21.124293263008326,40.93328156430783
29.187602256156442,33.5214845792234,45.0591594634794
27.525472679425715,32.51610999336599,44.676375441054454
28.641654689459354,38.50751945051957,44.65078244683796
29.11103761543137,31.731564844026074,43.591387282410125
31.04334563478527,19.637929850198955,42.09726132791656
29.63178381847501,19.418437174356896,41.76537096120508
30.952391112304195,25.704762358917453,44.451909997752566
32.3644329149967,26.50614965812641,42.573222114260865
29.28799106429079,30.382244531592573,43.88186471768251
30.73623030824008,31.667209069062086,44.17349096080024
30.029933449812166,31.488067084967295,43.429902795478846
31.43012952954967,20.13155228515351,40.65927094713154
31.501341989056147,28.87322194866633,44.20998778198737
29.556142862122588,18.474228457713366,39.79474929472057
30.003013988549093,30.1907264088035,43.905545022682404
32.541668448468705,22.940540275670827,42.231350993601524
29.496755411967268,29.31274245514922,42.93470644189642
33.074452343191275,39.79880319860588,48.42623894165045
29.290360860932445,20.311431300229817,40.106151626860076
32.935008262048115,28.377612792552394,46.166788365635234
29.882858886904824,39.37955565538555,46.674205221537974
28.334069641669235,20.0222081301496,40.22738769718523
30.141565738058702,23.63175085558663,41.54880532218813
28.837251140587046,28.283912679711364,45.16719659030481
29.14453268024968,33.247136324316564,44.89821086847519
31.305135245118887,24.194933605377976,44.69355692418659
27.43330549440819,33.13183046955463,43.01971335939325
28.523759135953693,27.454694105054113,41.738282087273895
28.776863229719265,29.742026934271163,43.9247115133028
32.71592320192416,23.35551180564988,43.982019202812154
27.333238772527157,35.34080249966729,42.41468943377001
31.249624349738486,28.100605484339827,43.58522095725825
30.528337395930887,26.47165107876092,44.24077879478055
30.674832128813083,34.99248590245839,45.95191448704737
30.857519061043213,32.04399243988439,44.0983332151893
33.70874315669065,39.184112581447955,49.59732241441546
32.7061361402414,35.93998602535482,47.43010364321637
29.34523119062774,33.51175716556388,47.36497560546752
27.588480964902992,36.650067910618645,44.78171107743448
30.282464660719,29.75117575750712,43.55685949039138
30.027603313278806,24.689873353617397,41.82763261530565
27.681381939676584,28.414345665522998,40.7088663137521
28.734871648673334,26.090076478091664,41.888695383000496
30.188037872700782,25.293610471194953,39.9097748921696
33.67416190829171,20.04141562685862,43.11629067108619
31.71517333760077,31.804978253584405,43.40739799466825
30.492949839003174,30.383799791956882,43.930346868298884
27.273522920109617,34.331289254175694,43.19699687289575
29.670178669794318,34.180327584127554,42.13977554761907
26.162378811760284,24.23036321444274,41.98861646145317
29.93603968721255,31.16988232477195,42.77133849042567
30.143185560619795,20.107557545973567,41.146917162766904
30.175694457530014,25.03356936971634,42.12158366455985
32.488134036553426,30.68841391863575,45.555485791293506
27.36244130186482,30.592931914548373,43.35349148989875
26.239058539013875,26.37179790351696,40.85139641738214
30.90626242437554,34.08170691995038,46.33247589192296
27.14682453435328,28.541828425104722,42.96060954308618
29.291292801971057,33.592153530258045,45.559407201063934
31.00685352364473,38.23356223804517,48.49637038486253
25.348270548038883,29.22526034228997,42.27726847666201
29.49932406453034,23.602205440893542,40.39414487338139
31.581216278371024,31.00490420388777,44.8373794987825
30.48990955537328,29.899881818467684,45.392940747129444
29.562475059553563,30.723075811285085,45.49374615507815
27.91515165242307,25.738679018582896,40.4436163054132
30.67455608928532,32.14874660920254,45.01101413438002
29.334605446967327,24.374577406632863,40.90327631517398
32.23634237861185,31.28011630249718,46.06635755944433
33.23249978760226,27.920725644259196,44.279060135492315
33.03919303438475,23.887935403310202,43.511169873442086
32.69855382564619,29.29391287542056,44.92815940462806
28.97529780933901,24.21991122519531,43.35655460443613
33.534065031373444,32.34361948828136,45.90077824701676
31.104400981248684,23.625384316408137,43.70479133574131
28.512354022568793,25.93330074168575,41.74449785797352
32.46879262368693,28.84158662144135,44.8472737202886
32.01060405492542,27.251268020438058,42.24079489147125
31.686385070620233,30.144452525808997,45.41031284099484
51.36594467545634,40.33161354274773,77.03673350288639
46.99248641181345,33.41717847678698,71.63761803517022
48.18457068189849,32.36118486212686,70.79123309570745
49.514813907832995,28.64483573073858,71.14409646648484
49.962000488597376,39.873181813821624,76.11800354058374
52.69679562353578,39.52809823242888,78.33220824479899
49.598701487139934,37.99713916578975,73.86205645398066
48.27530438308318,35.14305262920092,72.52977744935586
48.387134182179686,31.858153697014444,73.10666953157629
50.427560337570384,34.86294870895807,74.25946190550262
48.02298539562325,31.68240428751178,73.34851862297067
47.3039847816624,35.331340492886575,72.94524215136549
49.10407440311747,32.30575427522314,72.34249229560409
47.42965562509964,41.677878559754504,75.311386478692
52.270413444574025,26.807393241671942,72.32437996403054
51.68341057733124,32.928880462040354,74.24714679926247
46.03447711184836,33.181585441974285,71.85953518427911
47.43946009506759,31.842313918002453,72.311693452351
52.448889862430114,34.51015034832129,74.33069545543574
50.10194792230771,36.00888970089991,74.43586681467274
50.27929421431653,34.43962166459011,74.3459757351359
47.431719826193834,34.74445454334835,71.87529965417066
49.81660726395219,35.931154947683474,75.4375776231922
50.86656325553611,39.08755052464488,77.57156509485372
52.81924549880693,34.95159116353719,74.123427347518
51.73648620714624,30.783654578665114,71.58065994662981
51.933267818667126,34.354242932398556,76.2017901405309
50.05322209684674,35.39681336354804,74.34524229481313
50.294900805327856,31.504250430290703,72.95768954403727
49.70933541100197,34.04048603556273,72.6823536987812
49.67955915361883,35.34036829171252,74.22171448228912
54.44049083855213,34.74606185993739,77.26863309153744
49.49284374534463,28.15391463609086,70.82351121051485
49.529546677445296,35.99275985044394,74.2824264512728
51.43791679833162,37.901704558641,76.6196581342951
49.209589595296585,27.523830629953405,69.49370410338135
51.65717083586945,28.192786309016487,70.10273053745595
49.28587643044381,31.47718120109124,72.17277387513461
48.52084775058128,44.48171299716797,76.76632058610922
49.723582367435434,35.22107265720161,75.87751765652021
50.98559270142522,41.03477248618566,75.51118491750553
50.24775047996111,35.798626695006995,73.7932225515529
53.20702162158757,28.37464363736973,72.9281819036938
49.45014548939701,31.97646465541437,71.54260940541961
49.9197682762573,29.663555804302582,70.88456072250887
50.04646365948476,35.77360760540067,72.13029922722015
49.210443943066025,39.3762295295288,74.88782001109412
46.80507723896243,31.191874368048467,69.78304499626275
48.07670437288886,32.03899650628232,71.55597980492135
49.40234334355876,35.824548208583444,71.48371656112856
50.41254557759714,37.58346516073144,76.51642354662006
47.265011587216996,38.94680558959077,73.68462166050493
52.49752867369457,35.39802109621903,74.20024878407818
52.96328679922925,35.67790892585703,75.2858785331199
49.74677483019148,32.93814528950051,72.29421293538618
51.38154732684017,41.363001047194565,77.22169307681543
52.86822972245951,37.851509032838294,76.54948674455939
46.68126633730081,30.17702607587045,70.33069276653842
50.79785805919241,30.92018407563849,73.0206455970496
50.539970661287335,44.159666410416314,78.70255692874187
49.68474860129152,27.458713434092658,71.36559323221952
47.19109663108195,29.94968696203557,70.25913246911895
47.38977279747474,37.703950852691534,74.59356513684546
46.5425257247207,28.750625596247552,70.08545581029847
52.518974520944525,40.98267857204618,78.53607509008421
52.448490360901616,36.96289644242889,77.38087331214257
48.52373512768658,30.567498729548483,72.45292233849283
51.3809027286816,34.431452971214604,75.2830845190586
52.43540647012347,42.78808544701882,77.74966118385481
49.01132272115774,28.934658961455717,71.38344989073698
51.212382171800414,33.07409181019914,74.9142577788139
49.41239074131544,37.57118183932026,75.84881542498486
49.8208371771429,38.686207665135164,76.03894871068199
48.7871314950305,43.411649517176784,76.99258355063404
49.72850016395578,29.87697017144844,71.92249470610162
52.330813629424306,36.037837123091016,74.91585451319281
50.29082480741407,37.93627707680295,74.5479034450179
47.932593561112675,42.34650485297958,76.31065743076677
50.56712943432168,30.680264183761317,72.14371557684096
52.40203602143585,36.26573315194939,74.02246191845981
50.83498074613054,33.93410622641596,73.4555439471298
47.78192770419252,33.60694907178667,71.33908601655698
48.436841524833525,36.56767634063591,73.40402475751794
50.45542641967145,43.22080572388934,76.04781044091017
52.14992763577057,36.04180364325522,76.8504514197645
51.86211531407198,36.82388078526992,77.76573146091441
53.30151845451488,38.78095428243073,77.92492447028839
46.75244265301711,40.039692452476075,72.11603014973004
49.70144225315665,28.763275276387752,71.78498955339543
50.202013943683326,35.974963146838874,73.57295420715332
51.67691514758804,40.53177369711909,76.37466758640106
54.73056410999613,29.13708363257156,74.67644851411247
50.41070467020819,32.12309807660173,71.94773949834452
50.684636109962106,47.352322245822755,76.12079047843663
48.91706600597737,34.253952470068754,72.71832765292172
47.89340435263001,28.841948178464058,70.26057312296119
50.405968643490056,33.83026329745348,74.9853488369532
49.788162373503866,33.77827161287688,73.18007848027541
50.93924294959332,29.458953022166185,72.2721480769392
50.968601855901866,27.12150235000036,71.75245345710516
51.52142912376628,30.284768223135266,73.40613812969475
52.024993452793105,32.73675705626955,72.36419575887635
49.26440640382739,34.44538394952346,71.36202746028731
54.75148772358973,36.15230726047739,75.08624368451127
51.62745315697596,36.320797417950715,74.17931748248982
53.34076144382745,42.34428310145009,78.11100045813838
49.31557128522767,36.99725822003188,75.92425391162315
51.93723531794829,29.462958045666163,73.1275516502437
50.30235035268697,29.338498970194877,70.81999738761964
47.18952533946454,41.94157043189748,73.35174160337608
51.128156972029295,34.877067513863814,73.29675427979485
49.44585866666801,32.81372485968289,74.11395446865137
50.62765585635114,43.398603841339316,78.48758757213557
46.810988643159995,33.13887051512235,70.7287042841848
47.99697152818527,35.70423666137131,73.82638948989522
50.609163069448215,26.588824007272002,71.38021287596915
50.65632550917152,39.73509437778593,76.01620034619056
53.15169555815882,34.127817817048374,75.39507724717039
47.93835257872436,37.92438444858306,74.99946284697896
49.50405259079604,34.40315482221933,74.10043157774486
48.56736166539779,30.183697635976774,70.71933284406849
50.6766164627623,36.81241669294005,76.48877192603062
48.555775732929774,36.30000944316903,73.68446630066101
50.28125848111353,33.54712906148992,74.6772091251621
51.509934969865675,32.72332153388775,75.26773266518133
49.94187540231578,35.06787978385774,74.45825834339873
46.203160303789204,35.94282527149387,73.69141246482751
48.86197223514948,25.29380511467422,69.41639767465405
50.51825841807427,41.14265266455251,77.03412109590609
48.338493464820225,34.39614898406537,72.4084779884456
49.02836853711648,33.478899019007926,73.50864767213817
49.14234273915753,30.789962628088745,71.43275088407799
49.828681426762074,37.489804073993675,74.10268106970422
50.92248260198483,34.16231705608269,75.24227387411304
50.066189709947274,33.91301141436678,73.80137854659198
51.35919880134899,29.839426672745702,74.50727289184181
49.869839616954835,35.85792974558019,74.1128213429538
50.399871296532055,29.610811380565472,73.08018100235228
49.66445697021457,32.64910973884624,74.10140332457804
51.60897609972219,30.903671887120677,74.79890532963834
47.09747983894907,33.69483265567237,72.3476591778119
52.64595436043159,30.18034979196495,72.29402078292433
52.67203926444379,32.721139930270965,74.74205790862669
49.63772498322094,38.712231363998804,75.56417763061182
51.488932808790516,30.010635963014934,72.7215400393205
53.1646955112056,27.49065865784172,74.64524626102431
48.38306920559333,41.587147985193255,73.97841453439065
47.35454986655412,28.210905771174847,69.66268444979247
51.674611706702315,32.21794973606227,74.70622307573461
50.70434893884659,32.92980052950092,74.91528351365002
51.709949742962046,37.63515721341265,77.05895797998393
51.82834452800337,39.41602658008698,79.00924594287955
48.03104208596318,31.260090703112148,70.82146852374018
46.11824648791955,43.601070097315414,75.08276007933436
48.7227256663527,32.25812007081954,71.67956351738432
50.376314846176115,33.97610780567306,74.31521216079781
53.421364449331726,37.606025987886554,76.59345543877778
51.59934006313283,20.985518051327187,68.4734488592654
52.99864640955834,41.5080468415893,77.73992601975603
50.39602700721586,35.54309987099036,73.84352480565528
50.83177179561892,30.768690542317035,74.05015413114579
52.16518458690413,42.66948155801931,77.50202011318731
48.98645022620726,31.20592995240735,70.59695690548769
49.12766020655826,33.019973918901854,73.20473611242922
50.442181164706,24.374129249636795,70.93577597788529
50.69638697792593,37.816686785656046,74.96194595292828
47.85464412305914,34.81787443194604,72.90513358593905
49.303303054675524,29.811142450852966,71.21864662476236
51.234668739886594,35.523379957426485,75.76021884942358
48.14308373342677,32.16203643393076,71.67259233569794
47.94185454188329,42.31918448141622,75.45294787203551
47.29143046440296,29.417856219943467,70.9553253204833
50.89764067016885,38.46683337593881,73.48347339429912
47.79266180864883,35.52217952861871,73.08281893996502
53.30806824243347,34.096985714302605,76.85143819554463
49.7675487264533,43.372725558830766,76.53783579648228
50.377762199038884,38.57708433597455,75.12394473962284
47.874951242003114,31.533065245667213,70.65358372276681
48.194845593521535,39.29146571095492,74.86337671380943
50.83126399483687,32.91450526783914,72.72440157388925
53.69999263567184,29.389185491542488,75.60142077384242
49.04603560905879,34.46968024838465,72.25553273112097
49.14177627138038,28.539438531020743,69.25197475830703
52.135121965627945,34.727992207945704,75.6506268731892
47.70069534223482,36.55873220110717,72.37879263424085
48.57791111193223,44.245253917597815,75.54343725546123
49.712753028241075,39.78630045866379,74.57856144125644
51.79885405869712,39.35480645650947,76.39253972599526
48.21343936449753,29.98046596658569,72.64891656613229
51.344955949076834,41.021786411484825,77.35264888079676
47.63887689701195,31.966874753852018,73.05981158526396
51.245504193443004,33.92497298332971,74.52489286033772
49.76831660685051,34.78467638833122,71.82408516226646
51.530419716514956,31.299951163076326,72.02961780368706
50.44212378905189,46.54086842565357,80.18109471487065
48.61341883295321,42.96670989325861,77.2185794607424
51.310503005012905,44.48953052551602,78.8996303453065
47.96261350923554,36.823732672957796,74.10814037980813
50.64574980398754,38.64181201406146,74.2987748320886
48.57201173224857,32.7530911931455,72.50782191499313
52.464843130165484,30.849125659766997,73.2259105151533
50.221747623421706,31.788927391415893,73.94674283225193
53.612697936575955,27.5744971530624,72.78575697480994
49.7793284899964,31.109502964744816,74.7122187450589
51.44308024102883,27.889059600508656,71.61469422405735
48.546234682664455,37.879466445209864,72.77700790657684
47.35345362834181,36.33963021239293,72.03796075725079
49.17174825261112,40.70702188943213,75.43760344639314
48.91352707152705,41.633783743562155,75.90439681989912
50.100546925764036,34.861922220771994,74.20678848341649
48.10281942834381,31.988646006094317,70.48734810877617
50.625491248326966,37.67548942445734,77.21086907221658
45.78783084270364,38.29044991964791,72.13106098368553
47.983923376830525,36.876914556120575,72.27503235244643
47.1803141634445,25.86302593998046,70.10726082630242
50.19858316749298,41.5081634937812,74.73568514989064
47.04601179741399,37.573562795393045,74.46626170606608
51.188358381584365,30.35157247076537,71.34514033981428
52.79396686103135,35.97436075330147,76.81833618117552
51.43511178358891,27.91015459070043,73.0089701538886
52.42841686402715,35.91189270490342,75.69572950184318
48.07882126075984,36.80434575331614,73.86920996635266
48.78846212119291,39.99042613517646,76.52328521495059
49.17281342024749,34.32047625392635,73.79990282797309
53.090599986617036,34.52005625161059,75.50837164325227
50.779502332985494,32.25047478538988,72.81058186510393
50.3865476533954,33.467514893793265,74.21209896555257
48.30041244669887,39.17446236829547,76.2707340078745
47.47168297334491,23.818869440886413,65.68739145656981
50.806719229573076,41.15511081414657,77.20975993631944
52.42071805867346,41.005638776243885,77.95691222001304
45.10935401257808,35.97600458230991,71.70667318269247
45.90150654161492,35.756845881460094,71.64909473446015
46.1200422358452,43.12579693687704,75.62326407951329
47.105369967269816,37.664934307044774,72.6833800647412
52.86450943188784,34.21431628457826,75.18133499356995
51.40354295656624,43.830035761845174,78.02271645465302
50.74900365500325,35.70312673070261,73.8449831754656
48.76044662495525,34.04746941216985,73.5886326458484
52.439081905389365,36.58335583495418,76.65514398825762
46.26021339153287,34.74252648548783,71.27136112886004
46.577209844092394,34.54226488899661,68.80750063655702
48.72867133469174,34.83331342576793,72.61928085029419
51.20694248187064,38.367171523473246,76.24466585175517
47.803776826965844,31.466943280536974,70.73801204644434
53.56838505458113,33.73992097015769,77.7144784854923
52.81427514638843,30.893255934598063,74.5834940052472
53.42511546296774,39.60143901585698,77.57821599548005
52.00290083111907,36.20120130342004,75.12308849704834
52.01562194078147,39.58794873402307,75.67471038250294
50.86858371109011,28.862374636570266,72.5347020999425
52.598409428404075,36.54113622964886,75.37646622845841
50.27805084919977,29.651437413929695,72.10382043928546
51.164954644774035,33.981763515270785,76.87210142085263
51.49380359612242,40.81593171505742,77.65019672146079
46.04386308630131,32.98930644012837,71.13577715692738
51.89898416380499,32.5671918458619,72.84042468933109
51.98638982914268,38.255812735447876,76.55899670354546
51.31676028717861,35.60346986605252,74.8704112740599
47.054264604594245,39.21112610320306,72.83107241943824
49.723665813320906,38.38852654041205,73.1801249126306
48.29154472833425,40.51183472077859,75.03189808743647
48.94239691844913,32.20693706229224,73.69243992093816
50.91399067919777,39.969907498631024,75.73159407973114
48.65788409458733,34.31007098791851,74.32493672324293
48.69493004960075,33.678358965564186,72.8745169166691
50.85520078963392,31.14611140639297,73.03023293050828
54.11239517673535,32.61147808258629,76.98322511579083
48.10975268186979,37.169673498280275,73.11450145517664
49.91694632678361,32.3073994583992,72.4327086041155
51.23130249474581,35.07648631579375,73.78291184661094
51.07250153140447,37.47111482485793,75.12431055232051
47.68373366800448,36.78984653317611,74.8097515452282
48.88856050730974,39.36917441111736,72.98160854515085
48.59858800141983,34.2493108104521,72.03079726053151
50.31279682586869,35.546959766097295,75.22952174411435
49.10814032064924,35.127469466140425,74.74473956888185
50.111439619751074,34.941933862272315,74.17272265018714
53.97898165812964,36.74748212080869,77.6640789129905
46.712177267732244,41.45737661881213,73.05782282375867
49.15569265779555,35.61247482603916,73.05203389495941
50.30315162425659,31.391168803749753,72.4396654684921
51.11748151059214,36.18549742213909,74.5236979399679
49.8473304105635,37.474792459982524,76.36347541781437
47.988212436685785,40.235004403591496,74.66645685194663
51.12240789766438,35.312010503946446,74.42958638763376
52.67561378305925,31.0492159839866,74.00469904496194
50.530171645114656,33.14332905830583,72.75170345923674
50.8267303277337,26.67563315704288,72.86457918667168
55.42890627205384,36.901432005512774,77.5172229175649
50.516463571735834,37.13548975025096,75.86932521882872
51.21230581875482,37.70325767294666,75.49295426018988
51.27001705728517,39.2699278073396,75.92366139870396
51.6190698568836,35.436651005804535,74.90004708972775
54.5694957706493,45.572468925891,79.78117116756526
49.23882382627511,29.667309332244756,71.59288211750938
51.10251649795292,41.26821748304454,77.77721667704836
48.56191777113653,41.68761156619309,76.45289065266287
51.189298592460204,28.783969011850456,73.12578260840371
47.70437809448002,34.65139755143127,72.8849557103968
48.901885069114755,40.767020501657775,76.72347001468677
49.128150212479085,35.425468318624716,73.55760368082086
51.43506928614035,36.47401991240999,76.5417281680113
47.2788037333331,35.32535477302411,73.25479397565388
49.943341108008035,27.2673978430861,69.12697176002524
51.42465400636626,34.048670029262325,74.25601957933742
51.44150258783351,26.958567427414856,72.0625138025743
45.70414006019497,32.32089970546214,71.0367021968824
51.86576775918062,41.522386431113055,76.74959717521108
48.801322916559776,29.14554158144737,71.58651347654812
52.31004130179175,25.74010093053264,72.09852248784108
48.3753785767246,33.506070215094546,72.72419054107657
55.55092473180359,32.64174521631627,77.16547519036887
48.54809013821674,44.89283344642395,77.00873012343583
51.419668778844944,30.96774771808343,73.33748951209823
48.21335274411683,37.64489144579416,74.53107759544389
51.59814919705917,37.216115819131204,75.64107303033767
51.83457590437472,35.30625249990828,74.10825482713543
50.53461234807602,35.40112887897529,76.06199778800071
51.801347042753825,36.57238525004139,75.69633125429847
48.097603070247466,25.267960056204124,68.07751329236523
53.36871086881373,30.15350538198851,72.83181325583281
52.649229285167195,36.10615574525532,77.7114075329121
49.264825945114964,37.1253781382047,73.64035203790762
51.74925461404945,27.74660190866693,72.58134154883994
46.736370122089575,33.0507186134331,70.97079066826201
52.5181717128962,35.403742051665446,74.12059017984015
50.49787904220355,36.974135747510765,74.43459371112216
49.06859050421095,34.14785979606946,71.71785732685076
50.21790846814971,40.208867640389286,75.65027619317561
47.461833912228535,33.05449882831344,71.53518272977131
51.90361967744657,29.972797102217093,72.58164771405929
46.74969531001863,35.60898060949845,73.0142323397598
47.18780641214913,36.23906472813887,74.28854268112899
46.04362331939074,31.690058151374966,71.70651818813191
50.457809189557885,33.696761143719826,74.54538769530035
46.855391140153756,34.18656439161024,71.56125329146225
51.93369329156004,33.682763089379755,76.03740315516434
52.06570627939366,35.514325943831224,76.33269205388568
49.93036343020716,29.05072088889456,71.91244113370615
53.08766658317695,25.89078895359893,73.70022573939852
50.41667940282171,34.977764203739625,72.38382821946689
49.4910650025945,34.8051837200102,73.84256533189647
51.726633206051496,28.677105314595845,72.7941640109565
50.38065498314045,36.83613619522296,74.54640983940939
51.93670978616184,37.59065543973899,76.85994234605677
49.6923267132326,36.41818809039735,74.62423965191756
53.18239827545583,36.56343761382732,76.84545622292391
50.121451382930466,33.06364821375992,73.73455991588655
51.95423494199842,37.77498497083821,75.23291223447802
48.92945246495584,38.41563797232589,73.15699183893307
47.83070235731629,29.393763946786937,70.7740864899764
50.34280514444678,33.95718158506716,74.08110625920423
50.68642445047531,42.1945540386226,77.64525125564002
48.903914375885456,40.6138639953825,75.64425686726844
50.76912926903403,36.26557498166478,75.27902458052577
54.06706557778604,43.1555978134827,81.74419926077006
48.27684006972956,33.17043569795953,71.47845281917151
48.195860350108646,30.81895760249866,72.87354412213277
49.61119686051393,30.780179205480934,72.05336268025064
49.65219548276752,32.58134646830957,74.18312610232432
47.52080050184334,36.52055172202867,74.40128656560744
53.391658947140016,26.098896016687398,73.72547985085305
55.07408769093583,37.450248391971236,77.83407897311075
50.35920218612969,36.22622059603624,76.24856701712548
47.69464611558114,30.13620179293553,70.95676905754821
50.45812734343532,34.35241195995412,74.5551816441797
50.42806871791422,38.99316110374573,76.7803545510302
51.274621292507064,35.8037971494513,74.50585354058272
51.96490614837249,32.16124402760225,74.9065611213006
50.99745869481326,35.5383190946657,73.37961222548705
53.83053833293319,34.508466001185205,76.21537515925475
46.58996014017745,25.984882568014985,69.71246559706032
47.27174568528617,38.02123916529139,74.35774693996369
51.63433939568905,44.16393536647872,77.72846536092985
50.362220766740116,39.041942883464735,77.50936745256199
48.37425549634418,39.98404801254694,74.61970144578156
52.51249750662948,42.48272540296769,78.59834200991254
48.770957697167866,30.68868823599456,70.90793101133846
48.13296915131094,38.416694786839905,73.44726860470904
47.189467209971184,39.94770229361105,75.51625776099235
50.23410786331328,31.181750381560583,72.34506197034273
49.39608782109384,37.67088985004307,73.71564740227244
49.790512846799174,29.961516374259563,71.6814587089965
47.12003369081673,33.02037079140696,73.1164705027755
50.904365412398064,25.841878312606195,68.49155595313239
49.23843632726856,40.541308172936155,73.92870270203787
48.13040575186132,31.94947227703868,71.87605211991479
49.98449095746103,39.68706837136047,74.5831593438037
48.130978456080754,32.46353361840715,73.28185387712881
49.04543112498401,33.5402184404664,73.16688943065307
51.1862263598767,36.12660053924595,75.02495713853651
49.06756047817459,35.45380401403777,74.58621176372894
48.9908522089848,33.63704510799747,74.2442305787641
52.924904589300354,32.3481076103743,74.8352811905984
49.85428909516282,34.95708961624488,74.14304175412073
49.611089583186214,28.80226477483791,70.32579239434753
46.72856447797342,39.54836622330157,73.92562558026388
53.799882571326265,30.991553646728303,75.66561403144941
50.61177389246053,35.271933116781014,74.40818485475464
51.94744102991426,40.08390732574986,77.82360002213001
49.92828483915243,38.1980592944221,77.2438654274985
49.97549797481276,39.03634401919553,75.81631980161548
47.89122617809674,35.41483649255732,73.26798014411251
49.93041911798191,27.942954797622793,71.94866759897506
48.1196131609687,38.290098285304005,75.03211686813599
48.565453358642,26.77113410898976,69.02402059845363
48.78986085567034,32.041573440674426,71.91250471941636
48.544833928531816,38.0447821870122,75.39319846505333
51.287857518037676,34.26431568500739,75.26896387702168
49.903275783000446,39.16389927786373,74.7992987264408
46.36398029380468,36.78820211288134,71.85837025295295
49.099765911474364,37.58819253403078,75.56566768851434
49.34759252835394,33.94371133664674,73.8822571845367
51.524903542324964,37.37190045386321,76.80552102485903
49.78874496560487,30.52809776836625,73.47067387281173
49.595944790817654,41.00306803770602,75.6221812041807
47.42669463706404,35.203982535670164,73.38126593183998
52.368001783341676,35.46288984940881,75.61797007841443
50.27856285304851,31.562010056507958,71.87572674055637
49.32841399390376,30.19827837410839,70.72244095217202
51.055794637216565,32.829893836934325,73.74827826693077
51.62225680964571,34.10597028914175,74.71495637159141
47.622671214854776,31.031356645120127,71.43606443715345
47.68347614355244,33.995440107710664,72.935846762614
51.796091158407584,36.89429366853684,75.30019677058536
54.30036333378352,33.57405977268467,75.56579488645855
53.291510211358386,39.345167440316644,77.590412106918
48.66962499627634,35.94286532250925,74.7732825276954
46.546665645391265,37.44493307839386,73.64538916833791
46.31128689939639,35.871168028795765,71.54252451497894
48.25505314343549,39.59518019220389,75.92543084882028
48.572570496812865,26.81567942787582,70.63932365176727
52.66810659937582,25.547546951754406,72.06718674888525
49.49189003029523,32.13715394148449,72.28711635404171
46.937881447820665,34.73816256914758,71.01161111277881
51.19329938208974,29.325365106949683,72.95380175109399
49.515085582831354,46.477327834908195,77.75744481460454
49.25931251823544,44.71975634795026,78.63825456909531
49.959872721488026,35.63060322288668,75.45348443275256
51.820425724709835,36.894795095322216,75.39178979768003
52.0002810935222,37.06485740817371,75.96382775738103
49.55787576704251,38.68631791761651,74.17465583198071
51.06059849543993,38.67363747180626,77.48542487213189
43.82016662971532,37.699058194993206,70.88329113625373
46.85768077076256,32.51950947980669,71.23741681759294
49.66629703026365,33.247781404509254,72.44244412426328
54.22359517785566,33.21099307082406,76.43519257788714
51.75934845419351,29.11170413046463,71.89604304808816
52.546841749701784,32.27750616278104,76.09612305944744
52.04290417472866,38.63934169746586,77.57783784058492
48.53342459111008,38.316991654262424,75.58213560436181
47.57822955700174,41.079475729252835,75.58084953713785
52.70326143945254,29.81872505674176,73.51398622348371
50.946257684933464,30.658051768355403,72.66052005236673
49.70201018642314,30.097038896376986,72.09261677047438
49.94895694343553,35.60852176925114,74.83550997409922
48.81706693667168,35.34921599660113,74.85944983107815
51.81330688403804,35.67033520629566,75.14306615245711
44.69580472198065,31.44873209945636,71.00857242220279
49.25183298724256,39.1030787874209,75.24932505953646
53.47730171324382,41.60524613012321,78.57445776849387
49.385365055986895,36.95844127169924,73.68276199399101
48.67538918702123,38.926260379487246,76.08803028188804
52.30840918405711,36.01044931516441,75.79046651097566
48.77591699839034,33.09034553238618,71.15807676965012
52.247278130748256,37.86792343177275,77.8071637237316
52.34618107042606,30.40085751525974,71.74054568005066
48.57181984333366,29.588091679217158,70.7334564064601
48.53598351786425,42.035602751985344,76.93430872262303
49.608622439035756,38.59194476477911,75.3436490430523
49.86718068060024,27.192258391720916,69.80966001877476
50.42231651961237,32.96299765876992,72.31634665042316
54.77481691606333,27.10309858283508,75.79317822574653
50.57898625508588,32.55206709668861,73.64645665445477
49.99828208226587,39.35367234302828,75.44518549491723
50.51882062803432,28.19201516455324,71.56365512626343
47.09961915459129,31.058424470255048,71.1140063619614
49.58992743628678,32.48785689191513,74.24177688657386
51.77002377504862,32.85829361343182,74.97145473780344
48.71249189019335,27.854950081494835,71.36252752350383
50.084054932206506,33.18364804654084,72.35964640473188
51.75338488307635,34.9071656237954,76.18519853705013
48.95652228932956,42.60884719026907,74.65775230422167
52.51573488958872,28.157129849611483,72.26312003662939
47.22176106447204,33.50951486520455,72.16623684449836
51.80782985002437,21.59428504890014,69.67051182330806
47.2396312324994,31.227806232036144,70.94151720336419
52.35512331601376,29.24011177076945,74.26715345036557
50.21855253155389,28.532957897809595,72.92283048691112
49.676343381761434,40.27914597284283,77.50978819735316
50.57052703560082,40.66130797608046,74.3927636222567
54.14215292316365,31.64867492134209,74.86411665478992
49.258572654145,39.01691828291589,75.953742946492
51.89155469688935,36.0216020520917,76.20907102462667
49.332896930566065,35.21363357950545,72.51387046935656
50.62075580714555,40.95183687104466,77.23811278262242
53.59162784765978,34.24387136844163,76.00202234783453
50.06934341894475,37.185539538099235,76.14271128060822
54.07193407387001,45.3868919138607,81.87580982629002
50.506719926354144,30.816525644661265,72.39907429137696
47.03176838544725,36.43853627917445,73.45347925597476
53.1058567331594,27.54535576128348,72.69273639900706
50.52950177730661,35.946002121415816,75.37689586733651
54.69496880665008,37.23895220284771,77.65185813400483
51.770375750799396,35.67163580790416,75.95686821879553
49.72952135513251,40.24776482580146,74.59011529720061
49.40131369957934,34.39760731605689,73.08442204078207
49.443828000657014,36.81217639276912,73.91796817461751
50.83137859920595,37.44541942936586,76.48553062480003
46.550435863336105,30.324673035311868,68.1123705264408
48.1304397812411,29.932851441279126,71.14338660526566
49.80145074675779,35.349381871423844,75.15696491457702
52.608336592112956,39.85416719271545,77.51563966260572
47.27563836250007,30.016611576729254,70.43414878049448
50.94310942422886,31.008676778119536,71.85237983558544
49.17455586911141,35.281996666564375,73.37892395017121
51.95733095861743,39.660143571385376,75.03444327090266
53.06866459198724,36.336477754958246,76.04633958717288
53.830436118504416,31.596208387454425,73.93104329681971
52.23907905288468,36.95748903703364,76.66287503124909
47.28605232165339,30.490091944724977,72.75879452589012
49.7410906857382,32.64639505243514,72.56007360535163
50.98393519535366,35.817650541868275,73.0918059094507
51.74216716442725,34.660663153973886,75.79310239539502
45.81337047412575,40.35958925414554,73.42156640119457
50.45357767804127,41.26737507999292,75.98275034934463
49.412807324776395,31.351903426014204,72.37735535200504
49.874504011458455,36.961760757993254,76.08186784096686
51.222017632184205,41.66226860659561,76.51013782498126
48.92229911733142,32.410650350222866,73.3272541658043
52.03865189058969,32.30864512052553,74.81700514991887
50.47392239831044,39.260131783949795,74.71311798220147
51.48890323002304,32.647978161242534,73.50393333446623
54.09030032949164,26.28286588287951,72.36960913429785
48.61966707604435,35.4690097153844,74.60755991140715
50.19984020213657,35.44870493411097,75.51427164844661
49.79819331758165,42.78507769212653,76.44137658812181
50.586021305325886,42.405585956379184,77.4730474712252
49.96524487045547,33.85924279237716,73.66199720930562
48.08010040691891,31.36743024482801,71.01220816958137
51.31957549170813,28.717207631950924,71.21717983097712
49.6687510359275,40.984488343970824,76.61588322967026
52.64664533727743,29.67683122714034,73.24595092728028
51.20613349670934,31.873209243778774,74.94592561769346
48.19521417734204,38.56257187594038,74.63705300179357
47.083139142812534,28.844695295440896,69.7343610832313
50.42323647783921,34.90144553945774,76.123835425812
50.134300508765634,34.01017086483024,74.74521449923189
50.214384233293124,39.28018053033646,76.14369550663024
50.10663030661007,29.229174253294595,72.26469187497159
50.60311415959074,35.612694545966505,75.16736060634781
51.01072484807505,27.428735214190137,70.07662214595446
45.85918709252572,35.89276999697856,71.39596181892615
46.53910772526202,32.96377157250858,68.65029078014389
54.40956232132389,37.45811657307291,76.39403577103886
50.067629512594806,43.63448272230524,76.48347922748458
47.441020797377696,36.78999060762816,72.77117941203454
46.61716862102512,32.94974872336461,71.11957195987017
49.439674666404244,36.4694323850202,73.58403943166547
52.73651296842413,27.631486182893532,73.43939969817399
51.059499172821035,39.81945291049184,76.72911295035937
51.38581732085232,35.30784801997927,74.59289408080402
48.33848200448261,34.87304210336206,73.50664631188458
49.365792766165114,39.3700522866662,77.3717472312239
47.59056801073719,37.80780437198032,73.3510087455521
52.69885846340054,40.77872405457774,76.87603776470353
52.44777519999005,28.236977636655404,73.89964884865641
50.48774749642073,47.46954681466296,78.42607268703435
47.907768896166914,38.700239524494364,76.30928499545674
51.090392740699755,32.572823116763765,71.96846100065521
50.446816956956894,27.155697250242092,72.65887238883916
48.17642335459366,31.24568419927934,70.90724035266689
51.94708611861208,30.21961749952077,71.75273209801901
50.885735137189776,30.70575703186897,73.37258169516099
51.481211857431326,38.96353834690788,74.93299712872461
51.57370759688457,35.27543757028421,75.38565017233557
50.269526722034655,35.1620729511819,73.24850286551201
48.323172555615564,37.1008309915606,75.94872106046871
51.303833831267916,42.73004264552026,76.40682293370814
49.10656921753269,33.15586853039576,72.96962253958652
51.7287627863968,37.115135916319865,76.4204769379632
47.19272615969874,34.27470865853172,71.97094861695025
49.38710667966804,31.866673484547423,73.37954063424958
51.13402975218925,30.447626628165416,73.35070692072877
50.60329410756947,29.078854157955707,70.96230266658245
49.763993460492834,27.41781012876028,70.43718700361586
51.41535506215522,34.41260177255936,75.40473148674107
49.56509198627988,23.45149693120894,67.97916042044949
51.20862287222549,32.660386414352004,74.69388406830127
50.753358266334736,31.995238534293534,73.12325375209346
50.6766965956105,35.56781347702643,73.81421894735209
50.657468075008225,32.981302064423396,74.02163140264905
49.568714928504384,34.664938757651285,73.20663329106813
50.55893584996019,26.972495424257357,71.05600155685273
52.999729973968606,31.50950319153174,75.56498181660778
49.18857440828005,31.33247308807927,70.48420979677738
51.52191034959351,32.28840563191031,74.6665562670692
50.67139767219008,36.45897655252211,74.92666583279842
48.95338245380207,29.46542395501342,71.15544304887982
53.474719149597675,34.67565144163157,76.78339594144579
50.00716165424177,29.85102578379334,71.38057704168114
49.93759506829341,34.45797794911429,73.46551595574522
47.39697997656407,38.36952496307908,72.88933455666557
49.14198824640123,33.58124991253249,73.39927182718182
52.265009039522845,30.767383369899036,74.76146733495035
52.32514548927691,32.004165324895546,75.57316858239844
46.99259531773215,35.392122660806784,73.38533235783159
48.92120184845551,33.70630225370856,70.83669533963062
50.98791009413524,43.670170374805785,76.90491484171086
49.91963809835023,34.62328331934902,73.75696644609863
51.85115852437607,34.94704769132407,74.58102399572027
49.52540671907517,37.75050319485155,74.28415600949775
49.8763696901836,41.70402603641212,75.43332015764392
51.05806423975846,39.92347832170287,74.92775011257528
49.66427458476975,34.29942460570571,74.89357928851915
47.99088780427924,34.77421081963289,72.87440992557389
46.805623028598895,30.687016345996298,71.46233255959199
51.64539976735868,29.940231009650905,73.4855543375642
50.161995355272175,34.22475134461736,73.78631435069902
49.44732467580201,26.445924773163235,68.07682683521294
46.85448483641382,35.36625408737316,72.3397707500326
48.006289339775286,31.438876618796943,70.36146623881191
50.13266690854432,34.38321568803325,70.568962174777
52.1894135526742,37.82641343829202,75.75983722046277
52.565624189534944,39.289959408157976,78.15745821579385
49.519202950178226,28.180669307367836,70.67178333881509
52.962682636381246,32.766338243414,73.7614560833371
51.74323824681225,39.20420674098338,76.24302006890441
54.961102273328144,34.217713682547846,76.9456761562056
50.65249079779594,42.98826601505446,76.92141274829707
50.46407226974461,40.1835242596061,76.12852081618148
51.841428649811384,36.111786768858266,74.2651984294942
46.878805772061924,46.23811427155178,74.75033461434468
49.08993977214607,41.604400878118696,77.03274473871227
49.622857085309334,32.23446380299617,72.5965858876744
51.63875514468195,23.52009696391687,69.8081789311161
50.24024572015906,31.007456505192806,75.0555767795269
51.06652393057185,33.11698570970953,74.52193734492695
49.81979501484598,36.6704218727471,75.6455975545412
48.63208529769672,35.57710031592275,73.81903214284655
48.096954383802334,35.69933425265078,72.1007342217067
56.54458363020184,35.2507970010609,78.59195511198855
51.177765850475,41.43875071452803,75.32526437410432
47.333402292491876,33.07914930849237,71.20493382784875
50.18935959536915,33.85358640454592,75.27734238635524
50.28954173737617,38.3367289748827,76.020858638184
48.57306561401714,31.145178828070215,71.99051441254386
49.98551336705558,44.24979589169102,77.1273938451167
52.431557103032986,28.94938957628196,73.7120961174985
48.085009917169145,28.71818539580191,69.43435341785569
50.989705382282246,33.228862495670484,72.36031043557611
52.02950402273592,33.14844127948241,75.17048963441384
50.22295295012122,37.73366789121196,75.49293077639697
50.06407835463197,36.13635695128099,73.84560174923999
49.22508006488329,33.97635494692712,73.36471526617034
50.10244151856959,29.99587963999231,74.52648641557383
49.7120305775196,33.563351249479204,72.59138698183015
46.45326188751544,37.87234587243274,72.63702365987137
49.019842965241345,38.083055550280605,74.51385932462814
47.921230297134244,33.49157090542245,71.25521934912545
50.427724595558146,36.80282977072473,73.5008064705267
50.70912141839411,38.34465414340781,74.5544428587556
50.47761860132366,32.119746867838266,73.63224193100193
51.007710703034704,33.75146051465115,74.44473791573247
52.43462496102045,34.293594332046496,73.42901945679061
52.411776200263084,32.211557128569645,76.15020326207441
53.05256481440293,30.701820750243026,75.26843748522776
50.62000123988606,39.18845312869521,74.11955124043328
52.69955127581553,38.67910063421029,77.07071276044172
50.40484427482922,38.819438127240446,76.87055190134619
47.280118282682146,38.667546597924456,72.93829490156159
49.57330484158402,32.00249733994208,70.68102863540238
47.06894965519,40.930572191599964,75.33540632098229
50.05109355250504,39.969314680581725,75.6389199245314
49.959548277753214,36.241267456670535,73.96332128754814
52.03372673186028,32.41729209583029,73.30683737990584
46.833661869956806,28.92011900447366,68.51095219500554
51.497752468542714,39.042986632624654,76.8251568067164
48.59156040533058,37.08031924664711,73.83610753878902
52.10349725110981,30.235821239093298,71.65223357730815
48.056105066984735,43.84767683742754,75.72693937991691
48.00067277607131,33.32009640052308,72.1411763804542
48.13082335566831,26.11454458155176,70.36154246340072
50.58996303138166,31.848587668640047,72.98542891146826
49.75684155997709,31.200901517030502,73.45540773990942
53.42038870064088,38.42497978677435,78.2474870941607
47.60310104862338,42.30011635182208,74.31850955546204
50.43203072492922,34.22828120412032,73.12473244864913
51.11561427329181,23.85795644666827,68.6932260524294
52.27820204740007,37.40305764871795,77.16270524374306
50.60390642547852,40.11447241445581,75.38022811979916
53.71506901576503,22.58910284415699,72.00312921492201
49.50982846087518,39.34223121255498,76.04619525391246
49.85512611137106,33.80833083060168,74.84212757467553
52.126674808451504,29.92032772100488,73.0108228586139
52.39310065891408,30.04422406719054,71.85117661163359
49.57396741484041,34.959671388446836,73.81766440837445
51.90655327656909,27.87619834255691,73.50244320211065
48.88581055104341,26.665534816659473,68.94865387826353
50.37539598701881,32.45383418908581,73.48064247234375
47.42496402163699,36.11474307468755,71.47746486537352
46.975683880206994,32.01931914959439,71.16650853040362
48.68762670600415,32.16147195440686,69.83292670139569
48.844319928219704,33.15055641756571,72.68320111271571
51.645414263375024,35.02920266255036,76.40696607831514
48.94784027408645,31.984994473730822,71.73891457382265
50.37761125513592,26.487950585504116,71.26937422277362
51.95719510468427,32.714985263279814,74.44055162437604
49.266357788254794,31.032579184833786,70.45638170420705
52.963646747354716,35.2928991850325,75.81589150885715
47.86574110782791,32.981757335696926,71.27586660400064
47.77335492580197,31.55136670220349,70.86581873829562
48.82273949551628,25.885624358270885,70.88603063826184
51.94652811086373,45.85721893542578,80.89322665402356
50.3669670836441,33.33680307772566,74.29009222731612
48.36109537058821,33.01349754167756,70.16256751123113
51.48022657714615,27.14770053211211,72.66341448455421
49.21477478447556,44.44866961909367,76.75283453713932
50.108186062868086,32.30586575086503,73.32816087452358
48.06425430943214,35.451435169457255,74.99285907898827
51.35202700427464,29.801872226776325,72.59825948246069
50.35051339169712,41.382959279621474,76.96297155061882
48.29032160676918,40.043541809625346,74.3783703694656
54.25967397122716,36.1150790016129,76.29191854762233
51.0674861271126,35.262091921636824,74.50924615808206
46.03801706337557,36.39243243365786,71.98040101601134
51.06470778292126,36.72348276778578,75.05541434810817
51.752496424488655,39.03206164295874,75.37098608677451
48.97124976091217,36.49828414867137,74.74907866258538
47.473698149705015,39.62328131610022,76.1022182210469
47.46165018231654,31.446482084903387,70.89151352662071
50.8926045110145,44.465688542583926,77.48570735150506
47.007291864126074,32.8125830490108,70.06809528940163
50.39779590634312,35.87920926955896,74.15230975374352
51.36636216036722,33.34622756155649,74.91060689957781
50.317086681799374,31.120506874210832,72.16167414727533
49.50514729057377,31.430271916914,71.71005399395474
49.95284763348314,39.92005753323414,72.70079551471471
50.389689104495595,27.02879780771029,71.26346606906111
49.277115905579585,33.932931375709764,74.0688353566718
50.49606760537573,32.14665167093706,72.84520049222016
51.43156533245589,30.560681430726667,73.31458866419155
51.112329835131,47.10626456669759,79.14609611879804
49.75785448323341,34.406907160120966,74.45154489873333
51.18317240807997,33.81658779325696,74.64100606412946
48.408422230918504,36.56653370967599,74.42601014335013
51.89104468490428,41.839225765422924,76.68788107163483
51.39661176101976,33.74815824448887,73.5870653453681
50.14583382576693,31.071598181707675,72.90559837246077
49.55434405950378,37.051674731083324,73.21541828942381
46.50121477242274,26.323684023864132,67.8720232334058
49.31873662611454,27.711631512549545,72.1526842460418
50.0406937832256,39.526315167249344,77.92262469219429
49.97877666356483,39.87076155843892,76.82344603541061
48.409439585702636,32.556077087264406,72.27967466048914
49.59271251450423,41.70503410752317,76.50080654228995
49.09432407639012,28.862377704416826,70.06804847004017
51.603544178266986,34.069067633277776,74.19598270446848
50.101841056981314,35.44973708629541,73.40730921300133
50.08724849579618,39.9575999686576,76.16681325362003
46.47420501423041,33.756219459486026,71.77014194351192
50.32332331480976,34.584590616601886,74.23563978976931
52.4211678266074,24.02533331085587,70.04981019839506
52.08484427308871,38.32136467768919,77.05537287659727
48.960877186842374,33.40990307351587,73.40766904869335
49.628257994236904,34.94927791852944,72.961299738121
49.316247390192196,47.75790137707207,79.60161955957618
49.90742176970757,34.698939612954895,73.31062532885055
47.67389115282409,38.504640712849145,73.64761756982347
49.3723567545104,40.36130776141925,74.3645762613921
54.48559092989885,31.997879995548576,75.70466878303647
48.62359172429917,36.90820905016225,73.21349192241875
49.60340541739641,27.57109855871699,70.84109724555177
51.53307784291271,37.9570802288974,75.5970138557724
50.89689237586483,31.1499802163854,75.05289869407953
50.71409626851222,35.173961631313134,73.9357877859959
47.871345091537805,40.22788037150739,75.777596373924
49.75519092598071,40.22186724949309,76.15490680736318
53.487625278952954,31.552751653157195,75.50208305240345
49.02912188389882,24.457952974191002,69.07136758143875
50.10129547381936,38.20767401350394,73.68706910617762
47.91910393823973,40.792227809269534,73.93982067988216
51.37273625700438,34.49474568388579,74.70106748728504
51.63421139633652,36.82397174813454,75.64872755808216
54.361825860892594,32.450436552358944,75.87502718983006
50.79145701218158,34.39904159013796,73.05975355699971
49.37382243808534,24.30043575963577,69.99948993357702
48.32620203855344,30.11328801361396,71.80213579791108
48.64451416495533,36.739534624147524,72.67051603353744
48.97648950470709,33.19586331764671,73.25484820963376
50.59271211214264,29.23986217129744,73.7396421973096
47.73380670635162,39.816851696177096,76.73491120748098
49.05147442102218,38.71692527638849,74.55738002412456
48.0016338755998,31.58724280149641,71.32765257878394
47.382350466135534,37.63483886159241,72.86709067868274
51.191403439646564,27.33825456848173,72.41234564174981
50.1839669782783,42.4244002407788,77.55602352058848
48.56605597703863,36.18253064256764,72.38657596142187
44.87409966916641,31.833211401649784,68.64974696397744
48.87318756392587,33.0757500141496,72.49796814616491
48.386233481545915,33.484636554355944,70.58855471006834
48.97914011563917,39.132479462414764,74.21614609854592
49.949264543167544,33.087791560250906,73.67483609399791
49.35062296918458,40.83727154245762,74.08880243351867
52.87224832248541,34.44036696397496,75.0427363056268
43.5831941524884,34.84095387171676,70.2380380179278
51.191371359091605,29.791074366331895,74.05622880253388
51.77126500901072,34.39466054952377,76.04239992659654
49.590880624325855,35.24514633712695,73.99135602482355
53.924534980581804,35.99679268258189,78.62363086716265
51.205933587752206,35.21894808227931,75.7408539448091
52.934041783974614,30.896563672031004,72.56510529714903
48.345262711461224,31.384437965310298,71.82545124551734
48.88165742154454,45.1131105258721,77.6172106067377
47.445806069791765,31.30971588007529,71.97453354253312
48.23207294181271,30.940452960657495,71.73247066730151
51.83543464255466,37.38871967263356,75.44741343944953
49.108604614387104,32.34997419499536,74.12610901538773
48.355310607829864,34.991448687529164,74.05804853633259
51.71909525515065,33.48254014365568,73.55951268148718
50.89676681930538,36.20589294974945,73.96526612361593
45.86950953669217,28.146083995548928,67.71400793865696
50.80920079827216,38.96821352240281,76.33545996126094
46.873093515011774,30.831424978500586,70.8564239422118
49.88612874829755,30.538008128077877,74.41393070014026
45.88231300126618,38.15067963144908,72.75679407495137
47.566354589761836,36.841232022925524,74.01302934831894
51.90098809497603,40.55028877365356,77.5556930704715
47.80740312005449,35.93611360161476,73.4210396485768
47.61732830526217,31.33310764063802,71.90806998064528
45.41456728331186,36.402168773585004,73.21997185919597
48.73151671217372,38.42168612085251,75.23503278916206
47.290314292925714,34.659122085819966,71.74659413601982
49.25975163967055,34.69223183457786,74.12837088262249
51.165722410066415,41.577483993837795,75.15311486232874
50.45447991666909,35.62559470429947,74.68031772818274
47.88736765133301,31.08691890551893,71.22173654731078
48.415415615581566,41.64184678533705,75.72529783151056
50.02901129169798,34.16148358239862,74.70616305278593
49.78211484917771,35.143912827845995,74.18917396359862
49.202019165497674,40.97306052152603,76.09122844659582
48.67617549409242,38.305756885410446,72.02016736303185
46.909161467002185,34.593843683222325,71.59083738715917
48.71842154858369,30.729657575800424,70.81293952105675
49.461291767168014,36.25852870093706,74.6446534698293
50.072498626493314,39.20071651739884,74.81915738896801
53.43350296624392,38.72654549505131,77.8702637337223
49.839493142346136,35.83488218408215,72.45369359059131
49.903046211621636,30.205897680509405,73.5707618490189
49.00981246850119,32.749528913135975,72.11795761120774
51.148077351079586,37.668677170022725,76.83343986638623
48.59929572173366,32.63387817547977,70.63549961395562
52.53444780432013,34.67166221924038,72.62296780816786
50.46899505410643,31.88942330110928,73.06691958149636
52.93782463992456,33.96500553436655,76.00438401488196
52.31864354896476,33.00558206910548,75.03951145650326
49.292589864498716,35.58415288892016,74.25958242402574
51.00065904799022,33.052610273479175,73.08108428368641
47.94929038374663,30.519856626632127,73.04988131084349
48.163548778528536,38.440384499189854,74.12866581088836
50.79956550199523,33.36102316573478,75.65025881108626
51.28618977384052,39.93760394028111,74.22945437447173
46.080312260109366,38.29890884715818,73.23033470000917
49.8202246333374,29.894995615984826,71.90433698760665
50.84692848496994,31.671949093161775,72.9861497988351
43.968170734291746,29.746462972230137,67.20229820012825
49.78630641960581,38.422011408093844,75.73963568720033
51.976580009927915,28.99642591003931,71.67017685946962
51.54755129817962,33.80523097382767,73.52693254712533
47.030694380454236,37.28455386356578,71.98247804004359
48.42190093171877,24.642694792381885,68.9430641693702
48.754716540732296,31.45130474793772,72.07928034285915
50.690221447434276,37.72889912780738,76.66267644136873
50.97690441900987,26.948414947996326,70.94265647375622
50.45759421788202,23.600248520781548,69.42197249889693
49.074604913308896,40.644035487700606,74.33474163593996
48.99686384829103,35.10991807131869,73.69291437672074
51.096523119802455,43.17090840409109,78.1190106889474
51.022769797636954,33.71021600867868,73.82196109163819
50.59547323254913,36.11174667638592,73.797633211621
51.139294834073326,31.99247103676461,72.54181601877491
51.75807414476987,37.339130347910086,75.22427492520806
47.98363756778831,38.218780496323745,74.63745674378089
50.5659524637612,30.66735093155249,71.39815461099663
52.09886919301774,40.49863347724912,78.62149475502615
50.89313512077962,46.56841779737772,80.06001853997452
53.07797305098971,35.98702515718165,76.74878566635884
49.65846496112119,27.865564533993798,70.36945454872314
50.65466248928979,31.042191093826847,71.82153601897129
46.6585145362207,35.66534449267238,73.49896693409944
49.183460233532074,39.09258985218743,75.70063573521045
51.598638282385174,37.39076082643504,75.58773141071642
49.302879211963244,37.42793383457015,75.86023885219214
50.973246060920324,31.557976407769644,73.00603911963053
48.59085527881687,30.083391877263036,68.99712632010564
49.72497203928963,39.13481807711754,75.7305977201477
50.33794704535247,38.43666791110014,76.17767587017065
49.03470150619392,27.58370106360682,71.1147081006131
51.09101234430809,34.559518569959664,74.06609352230151
50.766104326430934,41.05486314203548,75.40385380574952
51.78561039609866,30.368538422727667,73.20726195657109
51.297030741276984,40.259721099037385,76.25599259022894
53.24043726132827,35.79457824016503,76.30416244552774
50.349588207454545,35.96199684715205,73.66901838193638
54.572793038035506,35.03832925839397,76.50775318081095
52.59737227854244,29.78408655578096,73.6768422978706
47.91683423247967,28.249776533649488,71.54700448538131
48.7653733281723,35.08996017084707,72.45799292384677
50.34613206465184,29.001424959483156,71.45461366132702
48.976444980888914,39.4004682247011,73.25423137717172
50.24775025500258,31.497850522842384,74.99393514507271
48.09178461246579,29.986987251807093,69.79385962035506
45.62452747302485,38.301923697368906,72.04295463691312
50.26030478482509,36.44545818001931,73.68196800554523
49.467943685088336,32.91992179843597,72.83229606520989
47.294697178873115,32.056543291134155,70.77205171532104
48.50011676886216,33.92019327582647,71.9803736359032
49.443218278317815,29.196623016477556,71.2354483723004
51.850651236738265,39.33977822309624,76.59693385452051
47.698303603827895,24.461572713983237,68.72904356668946
50.01752892524873,37.74010759486622,75.26768841917006
50.11425104115087,36.60293922005618,73.49080642335689
48.38132230531216,37.81418471422255,72.38318009606833
47.94567985164339,27.49972623629181,69.14462513378832
49.4124353271394,44.16606415482659,76.34269211856811
52.498327298496264,35.66673530250945,75.97714279708727
52.02616114796078,28.493117120920928,72.51889486837976
47.258604447081005,36.239826510388326,73.50319428348888
50.80043923191667,36.852771651339594,73.41256266929604
49.32651188080418,36.704925181048715,73.65286738789602
48.618729335294226,40.33646270852466,73.71240354208992
49.593811245399394,32.16229964640625,72.75134645301631
51.23412226835596,35.6031559306845,75.09713593246444
50.83625931283736,36.78676212515213,76.64184832758295
48.81341861734443,43.07638526701193,74.36935499941501
51.770134326349734,29.263203951494265,73.31249617391249
52.12753007275285,31.876460464510515,74.95751141389434
48.61502761444195,37.68612093921443,73.98026806102081
48.54211935546417,38.1236764088429,74.52040284413657
53.66256533447576,36.06018754741736,76.41598503153597
53.345135377832364,37.660801201185706,76.37875061465968
49.78271813751437,32.11243811619362,71.28127304636985
51.134708836405096,31.80243120726555,72.91746810608184
51.15274209710103,39.894052227888906,79.23693480596494
52.1276892654725,38.072280615115446,76.85671236486418
49.10485035686512,40.966636705891815,74.82340098099426
48.41850858571892,29.226945975905778,70.38896941191531
51.076154095512685,35.75678297147229,74.8022771116211
50.605841565415766,26.07690083216935,72.10013563121855
48.90605314813594,27.59145014010152,71.80198229699559
48.97122141653949,36.07310201665923,74.09948039023392
45.540963149525176,24.431242101106783,67.35886082547891
49.58089187310567,40.59065079159633,75.7218513600448
47.39726873342755,29.07564242160923,69.36085420316707
48.93814241368918,34.442954159097745,74.33010442893382
51.18092816891369,31.198123685567573,71.38887980759102
49.79115795279085,38.238047405943625,74.8114847321483
50.76557985777063,30.86233941682486,71.07481966401718
49.387100603857434,37.23475405604503,75.47895198652836
44.93591970945969,35.25653801012331,71.38157956425802
48.4980131472531,35.49055233320409,74.61913683485656
53.4618786674973,37.45923342581038,76.59711169201391
49.36829488568275,29.54028599014677,71.80925047932725
47.04204949861373,29.46775769624056,69.51401944277545
45.342412831305744,43.47600109220255,75.00436696487102
47.98983048146124,26.501282435832188,67.14076946816432
51.52979908105244,34.787796810793026,74.63413100985437
55.13908942080043,37.15898361692244,75.93514201762063
51.140850852619515,31.64452799659653,73.01909207473771
49.11959959634215,39.980397277597675,75.55145634810141
51.26382376958202,34.727198429210524,73.1368110562638
48.38165481995987,32.12718518698124,73.51168469051488
50.57586772314584,34.88446378614892,74.37587210857521
49.706702355575935,39.612608275694136,73.38730389514463
48.9203723347698,38.69760764531436,73.65441258023097
50.41655541213786,36.03831091975282,73.82028758494981
49.928457632701594,32.765786933461264,74.03775100781154
49.172396442160014,38.646463986107044,74.09114264657252
50.80167427253633,30.127316802635303,71.44409129114179
48.54024591354331,33.17713290144289,71.86310808725385
55.03067924068796,40.55289261426671,79.87842116787388
53.148845146417,39.28343247890453,78.24464261518203
51.12601520636627,34.478348541938004,74.00078554141763
49.91514473832416,28.88924135651819,71.82321466896786
48.9240269391593,42.42521310188814,75.93440944617605
50.1814497393638,29.828198390728552,72.54080066777848
48.407828683590125,27.305301879376685,69.39745650509606
50.333735074063924,28.4246062842473,71.71121627314966
51.56510488916435,33.42551724458184,72.31702865981784
49.96826498702461,43.223299935547715,77.65353290816024
50.87027843556264,32.77828748552706,72.97110546272137
49.328950201462995,35.18262598277438,73.4616935310432
51.57778007800321,31.92644144215266,74.949089886315
49.10512932774534,29.722686650585047,70.93938312029458
50.39730885401918,32.06067742445642,72.02821762075506
50.60052101850226,36.363288198997864,74.54290967876985
51.4609217217593,37.1556813625688,74.0711369785943
49.45340646353504,33.73048179568275,73.74591622994392
52.331968402179484,34.22435538251469,74.26156789360702
49.949551598651624,29.711192932168288,71.91319074540282
49.62307430749205,41.541638620035826,77.8273891472757
49.00059433077044,38.62204168306797,76.71105514536099
54.066764363091444,36.480135184090926,76.79427895951441
51.94730529237312,38.14242021449465,77.27973124825752
50.31187054083164,34.8548847294237,75.01783496157573
51.49620380116016,34.45149717689009,72.60855336591152
51.629804014324385,39.57387244891172,76.68090472170205
51.41660379026453,38.83633254685351,74.60612028242674
54.11893391768094,32.57879350860105,75.96843724732877
50.53414412224322,34.195317672622245,74.37427971804297
52.7786509537155,36.885733465719944,73.7874551512244
53.496552380482534,49.54985191033097,80.82149002788083
48.77480738082094,29.021042092198535,72.09685522148374
52.01475466825601,33.31343516103391,74.06095390990686
52.021014500453624,42.230462857446014,78.7156761795511
50.34296583627086,34.85804865192255,76.33661401219432
49.91936634749891,33.2840878393459,70.37780535135573
48.93799894061783,35.757248039627854,74.64170242350194
50.84460074393581,38.94374375479803,76.60421227427152
53.120635907996125,39.189292130278425,77.47970142204653
52.95277286496105,28.66627433547835,74.1140966654475
49.15433293147123,37.443259894462905,74.12919320377662
48.72584946066988,30.373086633603126,70.90040730029277
51.38020267511711,40.39059422971541,77.60325170883704
48.47998324026315,37.90620197090501,74.0803382673444
49.44879859640291,37.255790852485404,73.9352275159696
50.93006535544713,29.988439370125636,71.34162415767518
50.41940197475294,35.78828789166475,74.98143471217062
49.20303868279005,32.99965374636219,71.01928286114607
54.50162194674459,32.6059861534187,76.40384116710904
52.544977053114735,31.491045406854035,74.24265077263331
50.04718875306709,30.78803643918193,71.73789254809947
50.83471734957172,36.19350169688029,75.91183707283432
52.86313468971999,36.51879740407728,77.33052483768878
49.12582462140878,37.04857661768004,75.78383252161827
47.73597648236686,30.607101158249968,69.25890506246458
44.81665025988908,41.044679626313446,74.1754284661755
52.8382331747008,39.06405382077351,76.4726150896967
50.85143779336332,36.49674373502725,74.5494800091221
49.63356565647326,36.64449901016784,74.15738850605919
48.85536106278798,42.071308296987105,74.80287231780973
49.7446636202049,41.41822694719069,75.88259746563315
50.26271302064124,40.42579506507912,75.7665686316755
47.95207984517223,28.415393009606813,68.45007206866079
50.48918540595019,25.829171586296308,70.64230800031196
48.89189799919473,46.10888664045601,78.45048669673112
51.91827470180865,37.57946981555397,77.29550765920771
51.30565948340329,28.881113778889805,72.61670323356454
47.79822550092291,35.993156180084505,72.91796453348282
48.06183455553557,31.700669661689076,72.71817967224004
51.17704048724789,34.818248141760655,74.68955144496863
51.32259045116694,40.3533892123385,76.21400118240467
51.85289342257226,37.73523438212284,75.47768766593362
49.71334746083751,42.66650944378576,77.583913260885
49.48695026602085,38.77592343098436,76.57138641967857
46.0928129139276,34.277108004377915,72.06670455495063
49.710148904291,34.425814530851405,73.25495179572508
51.792973885830015,33.22625415417087,74.88725511046172
51.65977885304183,33.71597077410683,75.70302135848641
47.19501683965338,33.380455389226434,72.34462325155768
45.22963439567308,31.638025775691418,69.91532466764215
48.04821188946398,29.01901838300903,70.59420467819798
51.40813395063944,32.61704381841405,74.26675510198278
48.728128677283856,25.688015702064156,69.88879631203801
48.764196574017255,36.673834480129486,73.72131574236693
49.03933395331298,32.79763178838898,72.36439398173816
51.934442225103716,32.9143749728104,73.74610158975088
50.01026764504304,28.28230926266964,70.82848507137257
49.11401602132944,37.07757931496208,73.957398383599
52.69984845147267,34.95534714142444,73.54854879877898
49.36693352136578,34.19796821877671,74.48965032722191
52.06216956758311,44.516343438299074,78.13588580647878
50.25349122306679,41.34047446290402,78.13498095782306
52.207740161717986,42.524305562002496,79.06076079454033
48.47190782078888,31.968435489118296,71.57158254929004
48.14658049534074,27.638770955543436,70.95852241329918
49.20504087382699,38.651998904631554,75.77723504040522
51.044639678749675,25.299870914744748,68.80986921578862
49.761545483659724,35.96426215019554,74.77737729035562
49.76080047413774,43.45147246681136,77.08379793887877
51.80893892508423,34.15517545245088,74.568551717786
49.84525675376534,35.45260538341067,74.52617434785081
52.37849005341753,31.879110623412753,75.94256820698011
51.62582194946135,34.66784833438629,74.89675557287363
50.01743933109158,37.599345011262294,74.44889305749459
50.70867924854334,40.45310021161922,77.1695773784126
49.195727104852054,41.62118712972247,75.40871657228928
50.02250023287196,39.68198708539418,77.30154308149487
48.0399219958203,40.09528868020617,76.30817888609201
51.627401899847676,26.448892392417086,73.39879131488216
50.651523938313375,36.44582057973365,73.97492614850346
48.949886094490275,33.09732265800241,72.61773550325262
47.93820163713402,35.487890482878036,72.39032604750888
47.12333900873257,31.355337842147843,72.17726360335388
53.26632968424179,28.33079976217726,73.0925834123053
49.103019973552165,45.34916021954506,77.26531110688063
53.254426392062236,23.91129825023616,70.82556496043269
48.36555158932197,43.18730520281321,77.33705663778795
51.41725508039184,29.609424353603274,72.88855081550732
49.39343289994001,30.41108966130882,71.76469438738415
49.795767816010034,29.365352026699966,72.29948522456162
52.226633350558195,38.79410540959721,77.45126002563867
52.70794039876575,37.63440684463018,78.16234490715667
49.465811944674506,37.35963568935467,74.60631710171496
46.247873463678346,28.033483524101868,69.22029371392446
49.27004849749021,39.8530282923323,75.60140089311285
52.025138909962564,27.00423194924272,72.36635324254966
53.51747567328862,29.68974638001337,73.76360076618154
53.31303976674085,34.74837143949604,76.00913835904652
49.41033274355927,32.3158740466575,70.38317846727733
49.0283173387473,35.86378090967512,75.0389185319993
48.08420354805581,30.665825588124193,71.01599285486002
48.82538716714146,31.42276533096555,72.58915925174679
52.69455093899941,40.39059694926058,76.84058955184253
49.56909607153491,29.26447259162206,70.81309079012493
52.96298804163144,30.182569583420168,73.55382830640548
49.035009392011254,36.58813039319679,74.2208531159064
52.15892018046257,34.72290322134361,74.79811392809995
50.26934511652131,32.275645032000206,72.59377040051801
50.8585620610366,27.18801453310143,71.57741282453635
49.94908022348967,42.74264017701511,76.6833589211677
49.47683398772897,35.69156169302755,75.69609283592406
46.92614466292532,32.549555450997495,70.0168340092277
51.172159074562586,37.185333004112316,75.18039307243063
47.81771301367469,27.47761950943533,69.39475493176623
53.86205829277731,35.081626950084896,77.77289197587086
53.0413283458586,36.42450596412226,78.57130232371239
50.24454749484596,32.422684518119205,72.9397895961414
49.703927114393615,41.65997446328958,77.48531868092778
48.84142625935271,31.983284523956378,71.4767097353629
47.28319464890805,36.011528749316746,72.8884626718555
51.21835049541372,30.426117050834172,73.22502559535506
48.353054121881456,41.10169469854337,75.35889598907794
52.685336029948736,36.04633842850655,76.05113359200996
45.167896102220695,39.59238615972119,73.0637523576419
54.34262700503264,29.54504314042176,74.66586851586955
52.15010472566473,45.218139690885394,80.91490120392658
48.379926109583565,30.373011340072473,72.05429739885379
45.83562123799153,36.33115525823351,73.31274724819241
51.60093597384918,38.09988355172987,77.57809368592473
52.31361917200559,29.735443711810575,73.36405700417887
47.608208677398636,27.341653902178365,68.44026569513585
47.80964571804112,31.47375444666897,69.38462227826334
50.833468670709344,38.84463999217531,74.98919239757986
50.21825763079039,32.175778757377344,73.15407417858569
51.57199832039929,27.63237019225103,71.85370726634643
49.60276870886346,39.68875808421166,75.54289017144178
51.86467809863881,28.620312272183128,72.23919474750639
51.6522324323646,29.99987422498454,72.96504197620933
48.24814606106081,31.156068349071422,70.78733771206248
50.741566527373486,30.933719419236645,73.49358355636747
48.80202490916443,39.653793483872384,75.96052216661627
50.18531875635372,38.87151606463404,75.96044629950038
48.55502315734876,35.84398453654388,73.22722043574954
52.73211502598473,39.67957192954739,77.78423135048956
50.226791773156855,29.463328904144383,70.26888804456489
48.39251817125479,38.57947433928908,73.9317807344215
51.40100462816096,33.23262961959991,75.1932951356424
48.83661234891218,33.430612778072266,72.76593276017522
48.916128003454354,33.338660840106776,73.6696757837476
48.898121453257716,31.336165716837783,71.81666542419707
46.25180374325115,29.954161053997684,69.87456855400356
47.732024607373546,40.47404030897426,75.82327036429783
52.0811937589734,42.32268534695653,78.24486946137503
49.626241158349316,33.69198199815634,71.37520578462431
52.39798289701906,32.24648532303191,74.20106890223641
50.38472236446201,34.35119910179478,73.20735501532003
51.063668649623615,41.035406897798175,76.74305589482505
48.2124358910483,37.25333864193526,74.58206591222849
48.909684186115534,34.90575994585859,74.98234918592404
48.537844860620375,36.50576615614687,73.1477540922266
50.21917971584311,38.344028875117836,76.87994393132783
53.912610278600525,40.327417107590904,77.50569008132643
48.58857550516264,35.226337511444726,74.77351824637391
49.2679149852399,32.45384252382369,73.40546791179055
53.57075221351744,41.53556510197673,78.43590301806975
49.97201766541075,33.61671388560572,74.20330955646573
48.597536388617186,41.37756672290132,73.62898510357023
49.84653182573628,32.55455881990901,72.09471621478149
51.2338064019011,38.39638439298565,75.46898885176063
50.40734909952284,35.316835044260884,74.2834335831049
46.65494668862606,34.416282310659646,73.34974419681762
50.5054233714802,28.997225648519844,71.26932503709449
47.75579542457214,34.56375034604589,70.20905895382634
48.78775519743818,30.322503504884384,72.23895284829639
52.209036528587845,26.484325408383896,71.41804066631516
44.18558416489048,35.292600657832665,72.79384973222324
45.802430794248195,33.610476663856524,70.10989480637011
52.543212978109295,32.75287326148697,74.35976726390031
46.002142690552816,37.72505929199293,72.73998329302673
50.43038704675629,39.291228474785484,76.13010746250418
48.99543002832299,36.276927097574884,74.04574433883478
48.236323605064655,32.40139810372946,70.39162860755977
50.72026695875918,34.80525534159754,75.42794263307917
51.87784910875279,32.941598361688214,75.67578718209295
49.23475237073617,29.23776145350004,70.51562755617127
49.94645271929264,34.86489952536822,73.74344708063849
52.08882193504006,32.93837494281656,75.00496255528783
53.9878592490482,38.59683763625374,78.18101990939097
50.51582809780703,31.879152096725697,73.55447486414857
50.52543990956965,32.679293386228444,73.05089139681031
51.136255806418944,44.28851330089318,78.61262688920418
50.0124595751251,36.4127508892035,74.13602310071727
48.89484488218213,31.732501832063093,72.26952630280722
49.12184853044025,40.990053691874614,76.41836831635653
48.9703345214962,34.34863513663663,72.71314832747179
47.947621848773636,30.794401696453335,69.67516569576455
49.004089161531816,44.52183719928684,78.51563743937324
50.32609685672655,34.73692714102459,76.43055831937794
49.727591153076695,27.891642394276285,71.46667371993935
50.305379973611025,36.48985289658103,74.58110694696879
52.98191280042897,37.84124289094633,76.58131539165151
51.308886286248,34.19574623236139,75.30264664842345
51.25769590006223,39.59838840801465,75.38406583118997
48.8606227792097,45.507071515591875,77.11426078918032
50.45437830982094,40.44953728873659,75.92711210689626
53.12542783167042,30.37542228716528,73.98200205872071
49.10429181474088,40.68978077509902,75.42813877864141
54.728212769995274,34.957863445200026,76.10295081268785
47.53823302357538,33.28646765120347,70.50603395675671
48.74111214560925,44.59566394246512,75.47153979795925
51.05806273388988,39.10565936864051,76.06807632214242
48.968077246744514,36.51443447204986,74.06758945960604
50.48374242883209,36.66249125868466,75.1538363522968
49.0136747665797,32.89510876739704,72.46948089367491
48.32942587995959,35.3548476116808,72.96594499034181
52.34193926535711,29.396458622925486,73.42017612421267
50.147708432422206,40.895292222289456,76.56175770945191
48.9908595300801,33.487807428455966,72.96166824569721
50.01406347399067,35.83139423973887,73.93434167378234
53.60636797592419,31.67424472169691,74.18026754831054
49.74614231457281,42.959970598372024,77.61408683588482
50.60063467203129,31.929475285821784,72.47890658962696
52.99996902376639,40.509205153051624,77.88236022761956
48.05437342240281,36.20987267569022,73.75353519160166
48.79197507795238,44.9204721922094,76.93700171023461
53.59281440802755,29.616404895943777,74.2862538954589
49.367550788210444,37.60716704600847,74.50553129509572
47.826619574676,42.32755405629646,76.92094455956016
45.571217357927225,33.16548246924866,70.1258110688667
47.94543601680164,30.710348546656476,71.83406960144401
47.244905048660165,39.70371081694527,73.41675739787671
48.80890419828567,31.753788003556096,73.77998166330482
49.99956454452491,30.076871538459944,70.5102034358478
49.3562352229091,27.107306627844952,70.65006857512816
53.62354769439898,33.62124497319209,76.37135737303136
50.29701719111246,41.09311769014413,75.85236579104252
49.34057857193606,47.02105524186536,78.38968925958208
54.04511013781861,32.524296690227196,74.52735112169421
50.908244688898236,37.91617780813114,76.43929024179846
50.5049988618889,36.36469682594801,76.68035466201191
49.290323264028636,36.25030777762414,73.66396815784792
47.658857562470935,33.65805760909159,72.79259018288394
51.73451742594504,42.8412582215211,78.16635325525189
49.626532054778465,30.419280766818808,71.86957102405968
51.759188897996786,31.847362818982354,72.80380590745192
49.80649060583519,35.02522092908197,73.59559976936013
51.87307117813733,26.217301351880415,70.47747290050721
51.842074026280805,34.18050577473104,74.5066412097276
53.718366441508095,42.89334307348035,77.37465764782321
49.435715935625424,36.17447925452354,73.6044153290268
45.312999231188094,38.580942564016404,74.52290505289747
50.00811864336372,37.97462817614695,74.37735976317649
46.3225387380273,36.67433872535159,73.57778907899646
45.59391487541118,36.728926779580746,71.7650351254997
48.94020710201588,31.100325060129475,72.91400848515323
52.108362527640566,42.44139701167032,76.7528975374099
51.140447505821456,32.01190469921756,71.14379487148742
51.11516052690489,35.509184625054566,74.42023067921605
49.0776519685841,39.92119556894353,76.70690235282356
49.25440878621525,31.523194117962,72.87866737367673
48.69045095604156,28.67900595525829,70.15167207720637
46.69761316926826,34.503247536063775,71.79341229727038
51.13768233853901,37.539426731995356,74.5638298887815
48.21935287428282,36.84957916178122,74.17105990510402
52.91868892942985,30.713647520304868,73.78921486417143
46.135286318534746,42.067547691049384,75.29249652324992
49.96918209684779,33.956373109834715,76.39982192955404
50.900256342919675,34.599779571563964,73.72792849013221
50.60127827493254,28.188406277709753,70.38815211391986
48.91008967351568,39.5617540247113,74.53606161493443
47.84701028153703,29.674172569406462,71.99553341104715
48.69868824755997,36.51987538016139,73.14793176165227
48.14655162948759,38.686668370996514,74.78522262477996
48.50303076154702,40.35749098884931,73.65879749249724
51.459271096114435,39.85527965528464,77.29502704230259
51.3139050418636,34.974562617913804,76.11173233261148
52.854669545574154,31.521239219421513,73.45512818522734
53.89924663464311,36.915177624404485,76.5749292711502
49.44326039713136,37.435292850444014,75.59910999548899
49.910052782466074,36.53237558865691,75.02932545280903
50.340653971996275,42.4454112790937,77.3675548224873
52.335476608341615,35.34702762147075,75.40904665826767
48.95386253604398,33.98590198896882,72.01649474754534
48.594139336956275,33.814746569298585,72.86052363694891
52.553208111014555,29.07047287589652,73.02650459398491
51.52161851338744,38.45182030121748,74.70638764925499
50.770570189128264,34.29092346242214,74.53671093866514
46.483264399916635,36.096709586188766,73.29771611684406
46.29036719421787,35.18775573539059,71.70838525582826
45.62984002681872,26.673129411627457,69.0027018526979
52.27732478399417,26.896467311787795,73.06188232306654
50.07267901583402,41.48293628199042,78.19945150479833
49.5165242082863,25.889746954288622,70.05496888488312
46.69673799965005,36.53971746079035,71.91323943138221
46.81067166592051,40.73207918238578,75.05922608134686
49.93921184961962,35.01315817569728,75.370963120803
55.44837173648264,30.330821028293318,75.11843325778507
49.23933077240121,34.830367535736826,73.75295707026258
50.213868812607004,39.079102724027756,76.79349882906246
50.67157820753573,26.848529972771765,70.85888553014428
50.940597461001445,42.568820961402004,77.60322494456803
51.6995341307065,39.60463646078949,77.49817644674965
50.86965522426924,38.70799594708286,76.7102108366998
51.20347054298818,36.071843764850165,75.64785830759226
51.228811409717586,35.573616604200076,74.58557306874377
52.66728872846666,40.0980662740768,78.87015432728474
54.525550053619675,39.476979699830714,78.8826516539057
52.06036246200468,32.80052591188539,74.17958207790565
50.53824576633216,33.22954283567758,73.96579273039444
48.58828931290174,37.219130876028245,73.25446207506447
48.2166919350516,36.40641929675614,74.13155544885203
50.3631251219003,41.738418320296795,74.25554831910291
50.36172972391705,33.33721007788311,74.10546860032325
50.10252633592148,33.62626313714697,73.40054701398137
49.78768023597177,41.488476997073334,78.93094620203631
49.4549500998468,35.69323317661297,73.80771236018762
50.455863670745345,30.887501105837444,72.94309343989893
50.56814379165292,31.630251908834346,72.97816457557533
49.10830358917148,39.11930354063712,75.64077403926852
54.70581048122012,35.3120263603676,76.79058714971465
50.19961628878227,31.66792297422919,72.15962003723875
49.80427940654219,35.15868637562408,74.60841888790917
51.35936218677591,29.221360596171554,74.12775345622251
50.10594972954647,33.77521951506166,74.71326197973691
52.090668045320044,36.543203186843456,76.4484613179979
50.37433501714563,34.69175982024107,75.27064752728457
50.975816025891525,36.530243663971554,72.45261096410376
48.84859448619519,35.24406984603124,73.86137708449479
49.65189294816503,34.340377502950716,72.6858235903839
48.595549257944036,40.12067706380965,75.51479377002782
54.2118821221731,40.05963390614127,80.11917993513065
54.54198989779788,34.355012048563715,75.06562147502441
54.07676732679271,36.92736764169779,76.58690570165365
53.69134835514599,39.24539232333609,77.41760623995775
52.84145698570054,34.50203045872143,76.6410645200306
53.48449657205232,27.544965276770437,72.41993073782544
50.384186773803854,27.515584841744683,70.94314116779833
51.40605713097991,33.763819445564295,73.92004330494134
52.411995779529924,36.418579410752876,77.31687600728264
48.06274317740559,36.11827872374238,72.97586344838443
46.85546496144586,34.25199536216515,69.81242615884113
46.428407373655496,35.21826008716872,73.63968652897682
49.991737734312785,35.99014362831037,74.14133833606236
52.098582249510926,31.2049268709107,73.66591893223823
53.17125995477426,35.98612138975548,78.07414765848144
49.62179804290193,35.57961785309532,73.20966578269059
46.891284744653404,37.59990666641743,73.46284053735403
52.10520977624625,41.01662028377967,78.1860023033506
51.045967335558274,31.83478093097024,74.39828015793618
51.569631522904245,29.988435707913567,74.72092001354368
49.8584417810592,34.53656994967742,74.19224201847047
49.52648577320182,34.87027731841704,75.45022647191018
46.35669367196886,41.76311687759043,75.53674790432936
50.113567371224725,32.94108421322992,72.83210278698323
51.18894701454786,28.415201298535763,71.0614521590003
51.6759728231873,34.90899655952115,74.44338768572948
53.35226234011667,35.81897470043188,76.0017190039711
47.45212970885171,34.45562612762965,70.71511274326379
49.321821258130974,31.70028183384428,71.05364679757615
51.181524048423704,31.104177178677396,71.05192530681606
50.63386167059695,36.90380165330496,75.37193985080528
50.084857075967385,35.557103312651016,74.88595282480324
51.64712998435715,40.38410431014832,76.33497667098527
51.0263544107549,37.52877070302247,76.25310729490668
49.33232021066694,34.59247952632237,72.7904178779042
49.28047288913262,38.264605979369335,77.17318025854922
50.99949268777494,36.49856531778193,75.52133493116753
50.57544726514501,36.57981629464518,75.63030411005862
52.42739318157525,32.89249153849554,76.72876507044289
48.55798619709577,36.08066539386962,73.12941793776754
52.89445427831132,33.93003525472162,76.77491873443789
54.02559522872827,29.07950779404723,73.3583744427896
47.29335815832497,31.799742928799137,71.58531945168434
49.62897889774244,42.215401313643866,74.8268042039271
47.53943030047165,36.967846480314456,71.29230283940063
49.618246129554116,26.188145584588334,70.58512943893116
50.440181443014076,31.833338669025213,73.31055776587777
48.72272718719583,34.00486149040129,72.44555310385267
52.85925542129164,37.45521803657904,75.9530598420413
49.206055762824974,28.27155674695276,70.38521234340031
49.2951079526018,27.23055671968578,70.0997340240783
52.03634957794344,32.618499447129714,74.54260900698011
48.14761591750914,42.35954326145582,75.74887285531099
51.65452472859915,38.822809380011876,76.15285045433637
52.81819467113516,34.65447957836911,76.93229163502228
50.627313738104434,42.3349257041937,77.97199708107694
52.97414265873221,41.139443271704145,78.46316415388112
50.62437226974071,33.13798229576024,73.44815782993976
47.33468463690772,39.6558060918228,73.15734400261755
49.27566662622464,29.59168168274336,71.69028630509824
49.62391487153276,38.722191866571514,74.2553019685374
52.560974012553665,36.43980175399519,77.5496945683437
49.18467765977286,34.22076798523625,72.00326660165808
45.20306570820885,39.87504045066241,74.17792515884582
49.97682073979896,39.782472112340784,76.82226035667897
49.009182199139616,30.646222357633075,72.484746967484
51.182672748267706,34.3669974046734,74.10177119340415
51.39827793816369,40.65803711019195,74.86248527372057
52.22229428507745,35.958000165430185,76.8657180709108
52.06983759993852,34.351450238587724,74.44090164945251
47.381161296146296,35.53807609322028,73.99901240885906
54.615170806068534,33.522765076280635,77.24672970268693
49.76845092297786,37.529074281049006,74.45753738817278
51.076524387336804,28.450264529697442,72.43268125972952
51.773287080526664,34.43387442918066,76.1383500757335
49.64080459393069,41.57341815152242,76.68262432619592
52.547497447765274,33.18093470067134,74.15420315169253
50.5351933176976,35.026504865809585,73.98443935288527
50.09869918852213,29.851137666919215,72.66130637499586
49.932854595775844,32.14404367029546,73.02370382677402
49.22699757533735,38.74142031295119,76.0743899023804
49.14513422440174,41.47464981132864,75.09949347477733
50.839365145844866,31.4159591700123,72.65647562863441
50.42740768138497,36.39833854121754,75.9783783690462
50.97021314987405,31.68331615105814,72.70335383380676
52.33342292857606,41.0184983249443,78.42384086410863
50.141025188459594,29.67086244535438,70.52082924411211
51.63426387378142,33.30507133727043,74.8846292249654
49.80156640454192,35.92358411841434,72.66703539797115
49.81656051573889,29.05624421903009,72.15918551026151
46.620371366447195,36.35018493883373,71.68209914191902
50.11880545205554,34.98494718523472,73.67105013576882
52.26213791731311,35.33809999106743,73.49313567183775
50.46518884637613,33.07891430102422,73.7418641565907
52.89537121397934,33.77928198327148,73.73596356598682
48.594106830783225,35.05455782608158,72.9450732950496
50.14420171280305,32.07929785406974,73.09215278461012
46.878125996849704,39.842673165074956,73.86420197915905
51.01823451008986,39.88175685513379,77.13215863152827
48.2430041473889,36.71771705320637,73.32079361330894
48.393262299186794,34.040990398327786,71.90545745171578
50.45983163002024,41.54898335946032,75.71325204621564
51.79281111022858,28.2928012992712,72.9560814021963
52.74717558668955,29.93490392703515,71.89633942280622
51.15795310585619,36.53488121206045,75.08630118440898
47.48844768397708,31.551981261856586,71.3697887454983
47.28289222410319,41.68710814129343,75.28354921963908
50.188844912189545,38.59512901612416,75.36818749124716
46.7699866111277,39.93738405681835,75.75503947149254
50.34349917695165,25.222332066287265,71.88989990391478
53.21207614048538,35.94483141135544,76.98518409766304
50.40542208472821,33.579891954080566,73.53191341806424
51.21683862199381,31.399796325345605,73.9668010129154
49.97924538670187,39.17466048501368,74.40587015331185
47.85296223291802,36.21526923249879,71.00052534223133
49.825029486045366,38.77974631546197,75.5812197610232
49.40566340206971,35.858171574327535,73.3470445425424
45.34716690758662,33.12625126269147,69.23263950222879
50.73941380106791,38.96003538042524,75.42104932418908
49.12884320521199,31.174166366110857,71.23776050445076
46.686220958654395,28.318365342450413,70.2809476068223
51.3023820858682,39.23801691100952,77.46794210773992
51.64225444332295,28.108384210922985,71.2062020541779
48.649090379843294,26.50927602820611,68.78552929814282
49.08155445210151,36.89974854821377,73.78497073668812
48.956426934768274,38.37452028014643,74.7987411048746
48.85512019240753,30.249510829724365,71.87724201255713
50.707481053252906,35.54475193180763,76.40178233616969
49.84017486194367,35.34612346915352,71.75774299795447
50.726757530861605,41.79999437153478,76.27531560235205
48.92667933451995,37.27027501852949,73.32060470208795
50.028389270702924,36.18834222068832,75.17956540951401
50.70538019841775,30.25666156594388,73.48158839210298
46.51975835376645,39.30461862845865,73.41396461509497
52.62254526432455,33.91204762003659,77.45117029240221
49.81071776328183,41.15191080722307,75.21106424730121
49.4333977263557,41.057182578826946,76.51103708169228
50.7184696853945,38.57594402708386,76.79200437436516
51.04564141596957,39.54332235474471,75.45996777798862
49.81903112476107,36.1285269527534,75.49610246160665
50.560645629201005,29.30442323970506,73.18517495123638
45.64743875577079,32.258329363565906,72.01371079448236
48.623649485458344,42.958198677729634,74.47177609256293
51.24905416496658,38.52340896590198,74.35529044478731
50.456889965685576,36.17439291277885,75.06722563665774
49.343631929215576,32.188888919398565,72.79008088194827
49.611592729512246,39.69597438657216,74.71350261624698
50.24578462323569,34.592565441394804,74.63098764124146
50.34548599829511,36.75980057942312,74.60895198711768
51.3427514673024,40.12189561013318,77.24238391899443
47.33667814270348,39.19254216733197,72.05238579380708
49.69829582740906,36.50201644117073,74.7599020739781
51.71241742667088,36.549827234008184,77.12232472993404
48.097788503861146,36.94366141514361,74.11476226895684
49.71689090056556,31.905764658846806,71.78370922931192
51.983249544014086,36.37668377823621,75.41610962680515
50.7482810495255,38.94001769548712,75.85697776259347
48.69144196440382,32.706613747470605,72.14498035400875
45.94346804071487,37.0077408999819,72.57764139901592
53.24817362780139,32.99519166264153,74.42324513877662
53.50284687384945,32.59656709308088,71.81130265978769
48.8705884627426,32.95580861492807,72.1424755284767
47.686878960280445,30.6401217592786,71.24903585804546
52.97709608689139,30.919908115685587,74.8481814555302
48.90257742641515,32.01298837571115,72.19778522323628
49.23540614777649,38.48150926371248,74.4467900591794
51.806085237584554,34.21643585359394,74.13645225721599
47.417211415115005,36.298560859552516,72.37628579726444
50.84236583750427,34.718111516065186,73.17615242199949
52.24289889062483,40.69784019566024,78.23310128386989
49.50009820851877,33.038604259481936,73.44960077732067
44.74889964757386,41.13911456961778,71.57257166289862
49.05939688971193,35.69795059244534,74.20146120461712
47.631066096967054,34.48855150461951,72.69950629176809
49.668900725318636,33.58833318863922,71.85923455061325
47.94262661654262,29.09202822469381,71.927374279056
47.188138256114556,39.6765978727881,74.07991248183106
47.83149490105889,41.10781936281892,74.91337201312065
49.35466427409788,44.62828409720649,77.66157780020966
51.97224205387671,35.80400493445168,75.96658678103019
49.34164299314301,30.14752605965452,72.55388132329031
49.04506066263729,23.475822362715853,69.66769633747316
53.087040758739406,41.72149075416499,76.68040842257749
46.58209689945498,32.65355643891938,72.09142405830652
48.924684733975205,30.31929251431137,72.02978431405009
49.91271317476774,31.766521614817805,74.16833684907682
48.949110481078364,39.275849807500904,74.497721032103
46.01062200427506,42.36947159134579,74.66293071081658
50.58700982865034,35.43585167193987,74.10139603735003
52.67237275830761,26.548900498954502,71.12275868501307
53.36961127686951,38.221134037386165,76.83333888348828
48.03431431158718,35.3004912663904,74.75254056323983
48.25628479891692,26.202717043954948,68.11772203342794
51.02639608412306,34.40635662774188,74.04595062508889
50.085730593307275,32.16418596996492,71.60603778978032
46.946153367721884,34.53641142165725,72.1899833309594
48.81340253670938,34.515987477208895,72.82520577791453
53.0563962820706,38.81691795190592,77.07453606617639
51.20043906745531,37.73827607442551,77.0914916245184
50.17139088128625,36.593161485367645,74.5126196208824
52.67871839537206,38.51558352789202,76.48068227649
51.632521980832536,38.813417495404366,74.91080653966105
51.33324030695949,36.95666537488579,76.05192878486812
47.56749634636586,32.11835779731371,72.91480872632762
47.29053987169305,43.568818596671086,75.66745522975822
49.69766362905479,31.1084371195321,73.01072915809274
50.679791263503525,34.148847395401894,74.6493729651716
48.63222826036661,30.768777133583743,71.90678434025402
50.839092786157096,45.79406183694698,77.83815269752556
51.051957614995224,30.874426506969936,72.92135977479391
50.09390785482711,34.97530525984443,74.76464997440895
53.14310700141379,39.478202576859644,78.3060055289446
56.44569241406197,32.63537127786328,76.69417047264788
53.00664690170383,37.389497260800276,78.97443061755071
52.37805375821281,27.481952371318314,71.94050740061132
51.865616204007914,40.73701208887129,74.26767387334199
49.64012699238414,33.199735965635476,74.25557045886308
48.77575736817684,28.2132517714691,70.35247401024803
53.78143857026374,25.331463769061692,72.25284375281859
49.58522470628822,40.99594607193313,77.91593836322426
49.71164723476459,34.206646550459574,73.76022416226475
48.71044884877548,40.16721544869739,75.48547884199779
45.680273434461,44.64312455817447,77.06643801952734
52.363143139295445,30.33673218271702,71.58557837104055
50.6682717685219,27.167352967908137,71.8571519511394
49.49804530174047,39.73570003077382,74.97239514183973
51.91454357163717,34.928614220122796,75.98265371761573
50.946276466518256,28.92224385161622,71.83821335257784
49.45363379002506,32.14482535065548,72.58714688782604
50.44142396640231,31.31848528242847,72.35313403719672
51.72790292149322,31.72049534175756,73.13072166741911
49.70842919119409,32.03287383409399,72.58746609126877
51.34156871903225,34.675899669890015,75.28975593914569
48.741552432908286,39.68435909006337,74.00296194431715
49.95817554295219,31.193705444748886,71.01469210269705
47.611206686896395,36.055667410805654,72.4411085348765
48.025349175380136,39.75256051915115,73.03037140437786
53.476587581556736,35.39534160725542,76.6123065781249
50.70425344093974,35.39321199057431,72.9571125315298
49.51376627296973,41.37452315950699,75.75560482479918
48.833948844837245,31.093393349667647,72.5467227739926
45.9202871934877,38.80071755857673,73.99566300789641
50.361574966474876,28.66733360758805,73.28626985822514
50.41550431903556,35.85501042118473,75.0986971387503
46.706015882271615,43.33194438015174,74.35875877617845
48.06274525568073,38.923847110542766,74.6554274361004
48.70509461544385,39.10104922012747,74.73801657085396
48.39427579231369,31.343298543421618,71.42171736906201
54.64646160782467,30.11234687299156,74.9472342987256
48.749704036079166,34.46351336885577,73.08017820346936
48.69965538220042,43.18003140247599,75.39185563929954
50.36308257643184,35.58680388236633,73.21155222973397
50.52255148917055,44.84259400024965,76.50320538020311
50.9887978026959,29.626891023629774,74.28986901950815
51.01963054307681,34.02432806256413,73.47308233067174
46.88865439583405,40.86740990514922,74.72593092001419
53.34345268578,33.075241085681924,75.3093783300378
50.2919025285821,40.27802949461804,76.5061624090066
52.29392869872132,37.297796892653146,75.49657528789662
47.84531594102537,30.862755439271368,69.53685198224387
50.97898608682553,36.63573510968647,73.79223994907508
51.878256534647086,39.50921612322182,75.02299911323708
48.12407483772786,35.180128595902964,71.28512005636856
49.6362491793089,36.77406140054997,74.33501295969216
50.66531185086682,38.61436279670238,77.78278969127128
49.42903433825613,43.98235479197132,76.5013183455416
50.856091732847055,30.679424219364684,72.09122425367299
54.01648835074261,39.757088304777085,78.53086493315138
51.0855208798176,31.60437944377989,73.1882116675475
48.92433150775323,40.2593870783853,76.10953677502727
46.44600323016416,33.877632365831474,72.40035882514105
49.931284007165566,34.395231272247855,73.6069717096791
50.89249254744641,30.055425627830292,71.54176411319996
51.64572662344424,35.44004588205432,74.35232926289643
49.94433040614185,34.76819035113293,74.17953534528279
51.420258836059865,44.61277871827413,77.11174874965006
50.580686908572325,26.762997170636325,70.24746770401013
48.48992357113819,37.61730463018977,73.2144967133122
49.669819383534964,33.450664696430515,73.89476116267522
49.30414332396324,25.921529302088274,71.09144302790742
49.258450628880325,35.75636372731812,72.14936641447217
49.128906212724885,32.50392329336114,71.75824820352673
51.30207321012501,31.934839231592747,74.78038009459802
47.38793520004919,35.15422796900759,72.32857656656904
51.729972018332965,33.43384436836235,73.27720360811111
50.660087339958174,36.66608593798124,74.62027487961338
51.14089979410967,29.58165282067231,70.86079363662074
49.99207534241998,29.222377420765238,70.91409205418408
50.72158715971509,33.20788339374856,72.26151712288143
47.9543811876374,41.45078883198973,75.78441503029745
51.02701764290608,35.30216024054616,76.03464730033433
50.46055513878257,39.34763899681052,75.08092146990921
50.062342079592135,42.103895517307535,76.08989015929568
48.92346561631943,41.944570919146955,76.37007196400282
48.798568094180226,28.85140620698659,71.00397017728841
52.75793964136922,34.28155511749858,75.35333228751185
50.90823045688334,34.3071752674392,72.15329863484322
49.18049742398814,34.64469121410454,71.84236730784582
50.73097843587244,31.24651757807879,71.49950627455458
50.0443568248692,42.75874211265465,79.4117705720639
52.135466772367835,32.62437915959747,75.18854528666198
50.19169830017455,33.65535291799783,74.75876061280383
48.65076873161802,29.967366367986585,73.05173925956747
48.67655456197817,34.421354797756464,73.41522139308638
50.024431146413434,28.166572415155834,71.06635286445966
48.7186358756151,34.2797337694481,73.32036690624747
48.20500877434636,33.60167450210688,71.77160434689145
51.22658859574658,38.96438169078169,75.12656099298317
52.40393012393155,37.6525559255904,75.86247470527576
47.88559697887007,38.76294349830767,74.5292472568418
48.20432789419288,28.54360228772871,70.96772137920581
46.83799670942095,34.871812356250686,73.37167208707399
50.41481812817866,35.098996756758645,75.09435125939346
48.27508568727902,32.32831673763768,73.25008630552536
54.19463656976011,35.00517595447342,76.55245808151142
48.19838946517903,40.5249097677212,75.29231034073618
46.4764981860156,28.963057549740665,70.12006765018937
51.54209408594045,36.972583715308204,75.18585618887859
50.702615012404685,40.63122959580851,77.01298942528855
54.10898507758406,40.689930348794775,79.69704503142142
52.40328424984849,35.94424552100224,75.32748191662915
49.5780157943538,32.08533778746586,72.76032489450243
49.64235428547757,38.10664923642638,75.27473203632944
52.198000760649116,33.134133942428306,74.57400084118332
50.61946221714554,27.704504279728255,71.96505654191782
49.26659729396731,30.561186088731752,72.27090052524059
48.758202694635095,33.732245843658795,74.87503237708604
48.0742383647026,29.73581762629017,70.27164937093322
50.32015808189604,26.553716710985608,71.50695480531328
49.83510535203734,35.84419949867649,75.86137802054323
49.971772880999936,31.47394539143545,72.26653496370125
50.040407930799276,33.986105050367385,73.28412806076781
50.42456256003333,27.391695524956702,70.53089333910435
50.20059771988021,32.78997697624761,73.88107412856967
47.92474783146322,28.16714171563656,70.10281952823449
47.470937825738794,34.66962081533976,72.32431335646432
48.44870972197381,31.308808791223125,71.1583424661534
48.38010263132346,40.983455452432985,75.80151716987932
48.9598961272268,33.25211371197385,71.52900522748908
48.57358800479778,29.966845695664915,71.37044819805385
48.827734524392575,42.678856407548764,75.46485815521204
51.95200206870117,25.04141581195331,72.9128637536121
47.37481066558543,44.29510807566979,74.93980688305392
49.5557978140971,41.06402848786739,77.015499234741
50.587101497235444,43.616346857642775,78.0238066458604
49.46556575836253,28.384952692051233,71.28333633244593
48.88762065749162,30.56300894911402,71.52045028117689
45.82630682812394,39.64215015467826,72.7370931059294
47.74661566080683,33.620403490881436,72.03013651012046
45.807373422207164,36.53923604419337,72.32378923530887
54.19537413862662,33.2486001637983,76.44915384174863
47.45385746685817,27.76561169607497,69.46864893269202
49.97880942968306,29.954949838554505,72.16876768590834
50.04630080765201,29.939857676298296,71.7048714692458
51.26241982908045,34.18037603379267,75.37501403475477
48.16316968536908,39.261584381605374,74.60507677744246
47.54172002010608,24.697155425390484,69.00222613880204
51.502542438514546,35.8556012949739,74.26393751118391
47.29452693716394,50.497362884116086,77.86549699560958
48.704986269816594,34.54897909246622,73.76481070989584
51.44057117838042,32.555343666237746,74.92626392242319
50.379579244931456,29.525830067240996,71.79172560911078
47.88975951658932,42.69043137869426,74.68346547671369
48.87272048596526,34.100752704068846,72.53376923496832
49.45299289689459,31.908932432454478,71.25389130001163
49.92123984302127,40.942928126227564,77.19935586784648
51.940061835366684,34.705416091462915,76.72959946480998
55.666054068473386,30.514399756168373,75.46455792491491
52.26283381464373,26.259760600227466,72.80675465359741
50.84129604224505,37.86082954421453,76.16593749789844
49.83922708182322,35.15596974191352,74.98790040864093
51.98614786914038,45.19500900012947,80.9224894598653
50.66583828535922,40.580660340224235,76.95193475716594
48.808424922295586,29.87901256183955,70.04421491882688
50.83803756639508,36.135366044899776,76.56391448240093
48.91861053249644,32.87185028536141,72.91425276855428
54.40949966961767,31.087510793388397,76.10917443448984
46.1094717719706,30.878999309548043,71.4462348828869
48.05521887431398,33.41880002120238,72.3129823989535
49.32302195644798,48.100446525399505,78.15941429283521
51.544395475613406,34.25055177844635,74.02181132217456
54.18336482435858,31.699435697403718,75.0133767589148
48.76189261314084,30.0501072708783,71.96803874838822
48.72803084254488,33.97339291419779,72.58755541771365
50.717592258571976,34.46445689105578,75.31989806310337
49.267863257290124,38.928931181359005,75.59531454225909
50.637398546298286,33.67558381557439,74.38524627196671
47.76061340333332,43.33617850473772,76.73223854159706
49.27657342022466,38.00919524539048,75.33696768782991
48.618287732986424,40.2534984605649,73.01768131065285
49.921120914903916,29.45732850032327,71.28839805463882
51.656386113182826,35.96494559361412,74.44714846364822
48.897019886411584,27.07151371743028,71.12961884478516
50.58813462604455,29.680316831782577,72.4761203942117
52.350845764806564,29.5040175382722,71.46744641960476
50.71512114719479,37.19526660322383,76.72634834176182
51.04900822432667,28.11890617704605,72.28847564717768
53.74726541944976,33.640573319631564,73.57568698436246
52.101660835681756,35.32131547867364,75.00793549440363
51.69154751414325,32.32011918086788,72.38227506285075
49.47686258251477,29.96942528734175,71.12468516770178
53.525737058495096,38.30618793287579,76.30520704559333
51.64129674726474,40.60291642045345,78.35569081992887
48.86882356307234,37.93591599267276,74.55289200502261
53.0854929000935,41.01434991244267,77.82019509760119
50.283371646848906,29.858295546097334,69.83168419798564
50.220491750577956,39.83494372794793,75.13287668217703
49.9390316748641,36.538895322893424,73.4901978021459
49.93871707902654,31.824889546583144,72.23972457115978
52.01715674145479,35.963169147443125,75.50314540006514
49.27152560377984,39.84629609555351,75.23322593583836
47.081449327900394,20.523681008043617,66.93735674409271
52.93876378459146,38.319770087542864,75.0518183589208
49.68960210997905,30.972967587400962,72.49130449429478
48.9616560849699,32.908062852752984,72.98657489216203
48.00699413763692,31.957407105055953,70.74433115823447
52.35182865725835,37.12636769811774,76.35718619634584
44.968869480182676,27.92344258501593,67.66252741586085
50.44785152945835,33.68758683226247,75.53603901394119
49.05844597944732,36.56247230345504,73.25786023436488
50.66435527250388,29.930430816332706,72.89464762805912
52.90858831717813,34.520022627435715,74.09006059978431
46.45373494207196,37.756275808595845,73.01647593635643
50.53063062434923,32.94718397056704,74.33173620488851
52.11088749694527,37.32559425105942,78.7903562962209
49.086631898497075,33.8710115231356,72.04124552357608
48.31536328048888,37.42226215373079,75.25957964709505
45.80049748798875,34.965077713781056,71.83784417664312
51.13029948901254,38.391075906620124,74.89459000067464
48.54967952147873,36.051229596284585,74.35757183193274
51.02982389978965,30.838473536027998,72.8006461323721
46.216257644594236,29.3973759857824,68.5267003470882
49.63056413988175,33.03971548887905,74.54112762992143
48.92865831362333,41.76050624639837,76.36707571798378
47.16138987272837,44.790734882657404,77.19842727618523
51.30815885478635,31.52141190006215,74.02885588217542
49.22666559219499,33.368692063275056,74.08653389364572
50.259136944735516,36.554173640187734,72.24081689538252
52.787601264203296,28.923044966843985,72.36804014297147
52.15647535351797,43.86113616550588,79.30372317260623
48.61134886271455,26.309352556937576,71.66504063655893
51.97958339428328,28.287696077570455,70.3741733889731
54.160916933414,32.97559547495741,77.0075875010388
53.16104132990567,39.87841865386282,79.88435894221159
47.69345573265453,37.82466142073661,73.71978565964191
49.813517683616666,39.40907986382841,74.91557446834891
49.96608704196768,34.55719544097773,75.00195576178474
49.39492516085727,27.919627259073604,69.29357985204999
51.48276596959899,32.66319265066386,73.83802469443353
49.30862706639302,38.65047075615176,73.6336080819018
55.53976532498059,33.18039353652242,77.80321800658365
52.42480230651086,41.199677263179794,80.83227329355609
51.78859780341886,29.96317161818835,73.52863032614542
47.53619642555239,36.39685891654415,72.0864511262618
49.56899259832987,39.31154595562562,76.22536809779433
52.105065726822374,31.78931623286264,72.64776775058374
50.73902854419291,35.71217247060007,75.83447155374047
50.70787814855783,28.462197965164677,71.80219452937035
50.8674037001388,26.1369627480328,72.65052289442667
51.25390037291321,35.8320947928876,76.13856796392317
51.49454653587054,29.5181276992886,71.53559279444123
48.22746608414829,29.732541185651122,69.84910325472296
48.196324179472406,39.729569216211374,74.96678912080401
50.49648283007621,32.02193382818289,72.64066532309958
49.45987799326427,30.923623421452817,72.86226641246559
51.881896874250984,33.96761529865867,72.93009672808869
46.25488336440914,36.85959830417513,72.11396964417713
53.51773873281236,32.930071628182446,75.22248724357326
49.307071162021565,40.37023314329268,74.38630902305475
45.66557578291114,31.797056670796934,70.7040113598321
51.479281871101925,37.30864389070046,76.57774037380462
50.64449572404169,31.85674647341005,73.78778638751879
49.92311357992346,39.42076408183384,75.32659201912158
47.15767247146145,31.993951537776134,70.19713764846632
47.991491239407765,32.26329640785936,69.6341733638777
48.057676956556655,37.66550813490162,74.34257063156163
47.315571255665304,35.430442271597265,72.91680458924084
49.19473152076814,35.94006772868439,74.27721876898272
49.25392061428795,32.04468168141764,72.227475395643
51.88976408626376,28.07954192163337,72.37975601365088
50.69787621483382,34.78484701780132,73.745733629955
45.79011222015045,39.47273110986398,73.06483955504727
47.64837802497095,30.800195214430005,69.85263599053066
47.75328540887501,41.62352230739384,74.06440153819631
49.408275249948154,23.657934257473805,68.73597568673935
48.7491443770752,33.09893827811562,73.22159358469533
45.68417101841196,38.26145636960425,73.35302552846161
52.20452259983253,31.69078991918516,73.44506211287317
46.47701452648572,31.674925363364558,70.4138993559215
49.522301510256575,32.68989645025388,72.50113217615115
53.56143849656122,41.05289693117151,77.73571096285166
51.63554003186717,32.07972506154327,73.88080406588956
55.67865663964584,24.931636668199772,73.67013150019255
48.471648502160654,32.4222942005952,71.25163458996659
50.147971043837096,39.063544627970785,76.0476904578851
51.85941564239263,36.65963089699746,76.2464677779908
46.58150485786009,29.343830550443677,70.35511355341482
49.57089166328407,30.545515125836296,73.97904570624743
50.852435062256326,33.393618346554774,73.42383532539998
50.93272006340981,39.22942483665509,74.78361777306567
44.52670523977403,36.37009384699562,71.2811508215423
47.713111960182225,30.702253344553586,70.62482550666496
49.68619304187194,33.875255739063576,73.46882607247557
48.171283166273604,37.46078415389413,72.03927850031727
50.65073740423769,28.538132900671094,72.96330233980271
50.63383014670301,40.59437535879158,77.12348198431233
48.76433157332598,40.865075725260816,77.31616695874033
48.97728556291687,33.583930886942845,74.51036900092416
51.92257794673347,39.080681947066864,78.52375599226417
48.60068868601881,26.588329430733733,69.22931361534654
50.01862539749459,25.361639558110376,69.06251738500428
48.17657388235937,42.64878520641283,75.76944118032283
47.02383268372962,30.83207575992896,71.84482235532408
48.78032006594349,34.79121086333869,71.7486004491654
51.364741189267825,40.07168956753169,77.27684544295404
52.53982574086472,30.28056664098655,72.95300431130424
52.21282007639871,36.52636718219139,76.4118409968842
51.72788684887183,34.45911668621033,73.75658300810967
51.1326277929138,26.73220390440568,70.89472368027576
48.59561748958427,37.04972187828548,74.4024565988124
49.18060186696217,32.70814919995814,73.96048589084548
51.515837632237535,32.77856679920024,73.55793504618799
50.02200940529457,37.11617357418087,74.2317488696258
51.29763734101009,39.811617537482114,75.84673718092026
52.01676790301489,31.990657156693196,72.70187818669358
51.77431098488625,35.12873696071013,74.51658001151566
47.204482846444066,34.46027152927588,70.16905192085096
53.46475105787329,33.61663579344352,74.93444918744687
50.72902114171768,31.996275713889407,72.31370898657876
50.92577299496495,29.92767300119245,73.1707329027468
52.66714401859745,35.6642498832084,74.56124245264442
50.12351423286156,28.510214361903927,73.04152700159497
52.192706923766664,36.287243508563286,73.92722794704288
47.550708439876274,31.52017136801443,71.59599148810332
52.05007114938092,40.208649232561214,75.35647511345445
50.71517498347328,39.631219276359516,75.35394811291
52.413960073457154,35.18987781163256,75.25854897942729
54.57441978863466,37.11947288324639,77.70587546002949
52.51516776984889,40.32915932467179,79.94298970670712
50.613398553770026,31.302162512879683,72.64033119967566
49.67335175875643,34.76301111112817,74.04440687386746
50.41754023675575,29.128034372707056,71.94074947225286
48.78241150040508,27.009866830195246,69.13943324838635
48.85481456059027,29.708864063903057,70.76252440224557
50.720215805766266,30.80613189507384,71.62901640952822
50.750771434466266,42.080901231146555,77.69480261435358
50.72699135504881,33.15012107839859,73.76535697451884
47.41103359060895,28.84729323512315,69.92278133229719
50.44599507421258,38.45734749458853,76.71091566392361
46.80146935684086,25.839228972954544,67.92802243204339
49.2642216892497,36.365842860271584,72.65587619349463
50.53885644946658,39.90736921567482,77.97869414681021
48.53634585263911,44.599628038060644,75.85572744223009
46.975214209461754,28.869275807971274,67.38530879579146
52.96512980141278,43.67038194244091,78.16857532506346
52.09085409004995,35.46802423788083,76.67981555768323
51.23569589347784,38.15915499938358,75.40162783506968
46.61286100367603,40.681895206940034,75.73504797443002
45.75708699346999,28.318745636686728,68.64350874383634
48.882639701337546,35.206613237756976,73.60433941899107
48.43805940217875,36.33672396571116,72.28527250032376
52.395145890498476,33.641147267187094,73.82837424223304
48.92100691524621,31.225840230192084,75.22157792079874
49.036083402757974,30.694015129048033,73.14875547365821
51.22078835467227,32.47217162599581,75.37304390835436
49.683108041075364,39.144254311483856,75.51282321832342
49.05359220125626,36.22257896337795,74.68985288808051
51.27634186868642,30.88352575163684,73.54914849301203
51.68165675151192,34.64755198840791,74.17438973086475
50.200794384554605,32.722408334289575,72.4577948499197
51.59012799494456,35.793967164826064,74.74586515711388
50.40665744690723,32.5443345313262,74.82095993242777
52.482973381214975,46.26221192417079,81.27370727056038
50.81851497017037,30.8139135999051,73.25541522211621
53.07919346616502,37.176081675732355,76.37157628386073
49.60199736471229,38.2491127483684,75.20907704606692
50.16440500460371,35.4199348644465,73.44437724085742
48.81686726110633,32.48591253650307,72.20472693421804
51.74078926722318,34.24972470770181,75.21151982749629
48.8715865440456,35.016854236669545,73.26527856649275
45.792032308967656,33.77828607019329,69.60524925307
47.613196408935146,33.7250613157654,71.95599739934742
48.47074681032602,45.86523509874296,77.03158628551643
52.519234020546534,33.71546604262676,73.66399576450536
48.47173616088771,40.97016204944073,76.39682228363817
53.364335715039154,38.257300211004946,78.68460700041692
54.27573616989852,31.38522731014055,75.36650983345052
51.069443829327646,42.6863054498696,77.34300940426478
49.0013044636027,39.45177943279178,75.65149834374753
50.74894656104828,31.9083872357771,73.02049375552923
50.56428510003396,32.944693755256694,74.25028550697627
51.630216412036,36.863231279108916,75.87550767331729
49.05279640150591,29.883202633149732,71.7835505094693
50.34175647922806,34.86584349301746,74.4681755656995
52.75327312528693,39.15574177154296,76.64924744306941
51.56421800758074,29.6510610599896,74.50279296796938
50.61401674987261,40.411998100474726,75.73697612569417
52.80740747585927,36.94783324712492,76.88966622503692
50.196433880147396,34.654747329538736,74.99541797258394
49.920164072268626,29.04519392753631,71.28111494503239
49.70760182858407,35.61443343694126,73.5812520860655
51.70796553673876,45.73732789724486,79.70332756081145
51.10063985004304,41.882096922376284,77.5790196529278
52.53708147974512,39.70339198520335,79.35438210488077
47.915164183000286,36.79028349984535,72.55946337936395
48.736674791200755,35.72208705019306,73.13097369735783
49.76245021450951,35.76557936342041,73.71155920027518
46.8316818279805,28.631629235124038,69.67957755472969
52.33290569015367,44.56272048499997,81.61109259888237
47.32444852990867,35.579913754689684,73.84939405662776
47.16675390082422,37.348365758563794,73.33374190812954
48.80961562886362,46.41614334863219,77.79019790965145
49.13283956595502,31.49840027753521,73.11568460390212
52.961616432855564,40.76181149554195,75.34362884024209
49.10223373151439,33.01819667943726,72.26615312832251
48.159421937500944,28.13814742754127,70.90838583691084
49.72210905013869,32.457328786752925,73.63720615377291
52.548068139279266,34.98076105126359,75.98274634461096
49.80040354362721,36.37619687320097,75.69024884421023
48.52694590779554,34.270356707951706,70.33131580157256
48.97183076855778,33.93573614635921,72.89296190396375
49.29388335219008,32.57060055020626,74.1618170380048
50.33404712103799,40.914976438582244,76.01456823181405
51.38137533350373,33.41199355877908,74.83547363983578
51.22965349901407,36.24385309939627,75.04782682833252
52.94459013280523,34.99153666641264,75.53541713990576
49.012173836450934,32.08612356929609,70.82850249168597
51.41221251728347,37.57054242063637,76.31916036361987
48.72693806147127,31.673216336425128,70.72493796732088
52.67017201599771,33.982300569169496,75.24787377957118
47.120729995193095,33.21591307139605,70.6386839596411
49.263257147664774,43.663854155685165,76.67684802380903
48.87771309372438,33.90632487102589,72.62311434350723
48.63589197074578,37.856298680799085,75.44324524269648
52.12281409805524,28.15145892632016,71.11729440080735
50.548719868561115,38.266879245190815,75.41097865776561
46.34828554401786,39.823378814527025,74.95686542233467
51.50898033537117,34.67904722280919,73.34516417279492
49.77596916523613,32.93280332720755,73.35293275108779
50.43832249827337,37.59479772366593,74.74720469714973
51.099326823662736,38.2765099626924,76.519360690059
50.07857367022342,33.39849547480922,73.14334430563275
46.73166227615756,33.109570745373766,72.2502161499333
48.93279499886263,34.32296178039567,71.07410545242999
51.45597304420616,33.00160882843664,74.87385716955156
48.83964348211428,27.53721226782122,70.22413603550903
52.33321593943696,40.23799892149454,75.96185973712498
49.21018399699688,40.23379111442311,75.5613305134404
51.30802438149811,38.05205589029043,76.32318081035709
48.096159230296024,33.148549926530286,71.03416199410063
48.80064854107337,40.18117105762086,75.4711653960748
48.577521557425825,34.095041725247995,74.6382671462388
47.0309894412364,41.03777428738992,75.64694678154734
53.49759840504696,31.86191915815845,75.17661217150767
52.23970383298422,24.716080354355995,69.72373916138042
51.76548254372997,36.51952963717513,75.54476718115069
50.478539636427826,38.945710705878845,75.27758578703758
50.11069219464706,31.57390389991175,72.0776440420248
49.03183460626863,35.137521463746886,73.42893353792809
51.22411174788877,40.167607900129696,76.19293703149023
48.71330897646991,39.8017061098071,76.35124839281927
50.70747393919126,41.1828202812914,77.37394736647276
50.42307118621723,26.44302121676509,72.0272609533776
49.476324391613176,40.22637586503667,76.91651006006516
55.3148399665782,37.61039742085124,79.37126707446394
47.01250166714488,33.75599777927849,71.7131416766519
50.43281693821903,29.503330235575838,72.76469867821523
49.58691118074874,40.52633811240966,78.8654725552758
49.84005493840549,31.668234275120156,73.03369467017139
51.67591978959116,37.09468579554459,74.18270687978028
50.90848875907756,34.98151359318646,76.69300533297202
50.91576098501633,34.388760045767555,74.10155280688296
48.88856073625846,37.996174074262896,75.59361238944508
50.6640357333495,34.04568790410462,72.66079706446824
50.33343778067008,34.57744669278037,72.73393678307502
51.650050736072934,32.167204961343735,74.12839076217836
48.68671332676274,31.04952463905001,70.74266939408189
44.98901117882446,30.197392172451185,69.49447193284156
51.025199204814115,21.0614883692232,69.20790084103034
49.47121896066866,46.364292492037826,76.61295514647867
48.944378009664895,41.230976574148656,76.37956045071175
47.75871636234443,36.26535326592649,71.119405198546
50.38196801801982,30.23180569620904,72.00775420161833
48.46497689285544,37.968217255461354,74.15994731079678
50.7696395461625,33.05654926513257,75.12585203000172
52.53191704808855,34.305240751395615,74.62861663064393
52.57269060188287,32.901128947718,75.33531475536648
50.38865913230966,39.13880967225257,75.5841619110189
49.730094044008844,35.81594280331569,75.0916464481111
51.5158298486019,33.51464500284756,74.5283613598215
49.57772223059341,32.931844523186946,74.53781029778024
47.378741505935544,30.317149652023932,71.70829589810936
49.91752968593941,35.25908419327587,75.55636771494464
52.12357710797852,42.86489827390606,78.70921806531405
48.32434603737565,40.058508947576925,75.69244981221206
50.348794980535914,38.15574796366812,74.78479183743636
51.368853366413695,41.27149655225707,78.43389355560686
51.10325300049574,33.29832344251221,73.6211879376294
50.558927637297,35.23830054767303,74.49078437094171
52.75273990943974,31.57470175679133,74.44922764515749
46.367562838706554,37.32002813760786,73.28662989451753
48.148846650614324,30.292740541635233,68.9592094306963
48.72181771973715,33.82386442250762,71.40406723796976
51.09184721106902,29.703526213013085,71.79152640322494
54.23667051441039,38.22673569249433,77.36648919789833
51.47672070670673,33.737976130936154,74.82560698576712
51.818058169264184,37.94745367531891,75.7426747303273
49.3035798036256,31.48401947101467,73.2765528562914
54.39094529525636,27.140158506946317,73.430793220894
51.829925547096046,29.467382542377845,71.31491217199745
53.81630266041945,34.481109400867226,75.2144512707398
49.73907293146627,40.51276927494627,74.29918540172322
52.35228363057211,27.534919106421313,71.0219652848502
47.981783468666904,32.86778404790947,71.36723784705755
52.804314682848855,32.44955721589504,75.7052870198957
50.78073286264864,37.31124476811314,74.52263063992162
49.43484035186731,38.04890813454618,76.28282477019258
46.247770007693596,37.736048713117114,73.63899465182487
51.09872910926336,37.70202223158185,76.34971728498131
51.60432904606826,32.600213571273564,73.44964330433166
49.334502047175015,40.073231266445916,75.46750117992832
49.877254039205184,23.728325131739815,69.85342434338743
51.536269058217435,39.3551059489706,76.97618947107154
48.92664133199812,34.363179630033954,71.62928068243174
50.880268227084734,41.50790898921288,78.42859125695993
54.891304447160195,35.37768881927178,75.92715924107094
49.519442959048284,42.15203130634928,75.88991716273644
50.144849381205674,35.12046634753475,74.72257042241407
54.05217365102886,38.31553386859246,76.17057276757903
50.98468253223839,33.65817673140871,73.25262428761839
49.37910231235422,38.11606784653086,74.98520158882577
50.203949673467044,40.5023517849421,75.85859398060738
50.61995179916392,28.792464576604544,73.27087198384295
48.29085943935033,33.20768860498893,71.70283984412758
50.5976110635979,33.84290825729459,75.33309767309795
51.22513438542258,31.864780606976975,70.54797266961182
52.89502992202791,30.681228440342977,71.6450341140728
53.12563588563307,35.05463129502784,76.55515834807457
50.6408575047398,47.023004223488726,79.74493604090843
48.61942888422375,29.75951266896238,72.02491964869249
49.43597453572591,33.87676798722955,72.65086848768793
49.19110747094085,43.29590108335731,78.7996710351814
50.37068468322482,28.59393473598037,72.83070480757742
48.384111390545655,36.86365672497273,74.62342575829052
49.690952666527544,35.206774812872304,73.7638338658437
48.34324552266339,36.70550261697937,72.71039198599792
51.33230337936588,27.743118848785123,72.69504230411607
50.126454868855085,38.7601728661006,76.26265500041173
50.928730408455955,33.27997507420111,74.64082519494208
51.89693531931707,35.6079160585008,74.34156448731386
49.69946387695331,36.36151012073871,75.19899684993145
51.260530921803934,36.12478846728448,73.32434749365798
47.14434070387193,28.720009409026147,69.49901236076906
50.936926243369925,38.50210983886399,75.34088221919812
51.42123208354809,35.859184649708546,75.50856328606767
49.93126697627641,31.506689558898554,72.36436091297034
47.26995562006772,37.78257940467372,72.76170195225762
50.55453629793233,34.79190293590511,74.62012296556769
52.08399046206975,40.97183109454389,77.32386640220089
53.45411885635102,33.08311765412818,74.96802309900089
47.18798604224039,32.25459164310946,71.41943867488371
50.55848546659538,33.02638791048708,71.90379909426177
49.668485903017896,28.706923503393107,72.95201668695877
52.80638664205161,36.66053871734048,77.95297870077066
50.571268506493645,32.1419377716483,72.08050236787558
50.20124761800257,32.127083401310905,73.75938415417355
51.693424368759345,40.12263132066754,79.49955843076641
52.539397128238676,34.24124225796284,73.75204536706848
48.824363230758095,37.30014022016333,74.1591857405669
51.88998279162582,39.55657428919572,76.90211683882245
46.457901700684424,30.953555451640938,71.22424126186282
51.147078910434,38.42024787024322,77.59858519677202
47.49722276332052,39.91452984735659,74.49341055828528
46.04510260449883,34.88032324646704,70.79773431239822
49.74532939866028,30.51236542982851,70.87480434907415
47.38778667210765,32.69039927630458,70.67884752985546
50.22610703972983,36.25228523394783,73.85868860053037
48.28957836176599,33.250353928378814,71.47732293611432
47.54470555608468,30.213629984971142,69.74962284900246
46.33943824091226,39.868189733155994,72.47850828286475
49.24936306150253,39.5733936930585,75.99127634728931
48.192992716017216,37.586633689128554,74.22399967399282
53.54948014139141,32.45065478945262,73.1141709000635
50.78282243879958,34.58273271661832,73.65959287612334
50.739590241135296,37.38358622036505,76.24163123533683
51.0216794096528,33.97118386500607,72.37764798534408
48.2921363990993,34.458784811215644,73.596599753672
51.9485845447465,36.28602798138359,74.68000667696981
51.159921438619705,40.10261318907335,75.93345344049214
50.494039643551105,36.87399433625575,76.50654485982943
51.209072804510626,35.3893727879201,72.91813309909745
49.11524421334039,35.781237786255254,73.96562461910564
46.95472254991531,26.330992859085782,67.85675407763648
48.58116130737971,33.818236696148205,74.55810034904613
46.69508173199012,35.854694248260515,73.05656786951766
50.08324876935596,36.04725858617602,74.79533410853831
49.3156794815037,31.901579258249072,72.21873623513089
50.476095113051926,33.591960369306825,74.03915892525013
51.94489992905524,36.93785282519562,75.8449883778594
48.98276228597813,36.73292551588031,73.58366758712445
51.929464907841435,23.04014752743626,70.47750078080679
46.569377649663714,33.923348346247366,70.5219723694064
49.133759056053826,25.772313099821453,69.3288201596981
51.98552914645512,42.05178290642396,77.59062093352355
49.95086639211648,36.23379372663193,74.2559653109201
50.27219568989497,34.077950917356524,72.16929718537821
47.966354932937385,39.803015571190066,74.8026866126581
49.34025633353811,31.987494604340384,73.5978357018911
50.82883773626287,40.10802533007567,76.19129604749733
51.29422954550575,39.25244600724333,75.97914554308225
49.48963005909015,34.34618741803447,72.46482101109504
49.47023802510891,33.85504715940232,74.47518661116696
50.742618562089525,38.018697908245876,75.48944842317323
50.904366535235944,36.558134837522715,73.3945912469656
48.07585108526777,38.60613587471271,75.05064307422379
46.18967336994318,41.87339202026027,72.62791768748106
51.95197163546597,40.41314008626098,78.35896923369133
50.42336689286705,42.965223876871036,75.28493053571428
51.618285488550065,38.80256399503133,75.45067890073078
52.24814767765698,34.99470544437572,75.43100154315353
50.67721024559585,46.58949300866439,79.5612652724743
48.343133697286866,25.146117206349892,68.19026536045075
49.4183663068162,37.901200236316946,75.07118266040986
50.49899605616771,34.3432684010545,72.76243959926431
50.3161612061414,28.591819625834518,71.2344432698802
50.707496394313544,23.282754126215714,70.44995383349305
47.20251038432758,38.85732740683553,72.52273658327852
50.548110301806055,36.87454828126114,74.78325416799295
50.69673092733908,40.35557843701028,77.62720122002379
46.870052739538735,35.42049547402505,70.76832448447517
54.12376525404009,36.535912351340755,76.10147985763875
51.42846405718087,38.05570388306967,75.76440890347075
48.66154901901025,28.481495444782873,70.3044480191762
50.73032422173864,41.01645581318762,76.90127170780147
48.730802710276315,32.24682101030027,71.23633853039254
48.14089488789533,36.88317308899051,74.19681663143925
52.30376771369843,33.762627799005685,75.85586956131279
52.763826841540094,34.06603912734146,75.31902025107577
45.75017253570016,46.90802658460583,75.57957176566339
50.48714584792733,33.37252672088604,73.75275422103114
51.62627711516091,31.906607078253405,76.00153656207095
52.54305432094728,25.297043141767872,72.92049543957833
47.57658372308527,34.94888153703923,74.07590844283193
51.635587605465304,29.523153911202346,73.12750050974164
48.82018657386664,26.992861928920654,69.2380706221975
49.100089208046306,32.697720266363945,70.52264645670633
47.97162760433841,41.185761430103874,74.45224262292308
48.148846695826784,34.020938861924364,72.9732941806235
47.58772458116371,26.886337294015345,70.19712007272682
50.271445993187314,35.45186992106348,73.8866472997341
47.312016306682004,43.407815078145795,73.17668724381768
51.47039108942239,47.0983307856759,78.53761340922675
52.1127508312064,31.461938791262043,75.25955397482352
50.24687585869772,35.30606168737909,74.5909304472096
52.69346429481972,36.0728093930254,76.92830307661991
47.48291277731286,37.9351345623881,75.26282781574524
51.11778734170268,39.01028371602993,76.52975057806654
52.984383427565064,40.46695187742924,76.9777707169858
53.76591235628666,33.544765231065355,73.75710694517387
50.786331755379535,37.169451800948,76.63011052129465
51.684604779011934,32.68079850419125,75.06557282857223
48.4221226887888,33.440120517250534,73.345568931318
50.45422009466055,30.16768813354642,72.53635542687633
48.5120118444752,37.00133251582052,72.0320863775629
50.15215541781739,34.946407477748124,73.12278747803558
46.98257352729537,33.61331575030389,71.36345954729933
48.85921371319914,30.491157434375545,72.47570511839784
45.29447141176939,34.57302113419704,69.57035853653827
51.801639563088315,36.6897341215497,76.9279992611464
52.849384126965944,42.823296884536305,78.35295005691124
48.477027247652956,31.39262207552472,70.90472158578737
47.79121797340157,33.032604962468,72.78215542448778
47.812092653045084,36.361334002025224,73.01751168697126
50.28341015676203,30.861532241704744,72.92761111274957
51.17118211971248,33.69802337882931,73.83116018640901
49.20722745211096,37.482999822371475,74.23978166646702
48.725977402789056,37.604606370934725,75.2435467363017
49.33479250639264,34.966343052022275,73.6575477502694
50.19860434348496,34.30199205212204,73.9120833521237
46.258291640802256,43.390789775324286,74.73521512549637
48.438601616926235,34.62269600141545,73.24688358061292
48.95938924037602,31.05110968706549,70.58215080026858
50.1719059044436,26.477514816958244,71.43047577716924
50.54675071454775,39.06513999419013,76.8828428926303
46.43652316259642,32.26812156095063,71.30355549902085
51.45470392216929,29.094289559146432,73.09559225705871
48.819441783355884,37.84130333704978,74.13946792405233
53.59777118860048,29.49714991952805,74.43566543889357
49.691589050106415,27.275187659366992,70.68272897360053
47.42306871271738,43.940171000383145,75.48862443332354
53.69898266444058,37.46779279095518,78.04118226560149
47.00539946328436,32.194223826136835,71.27479454290024
52.51574898834391,35.70906877615371,76.53225787264581
50.38805468402772,44.53764795940382,77.53254563555905
51.1481076109131,31.350264570944372,75.23121377021548
46.711648678074745,35.59212054132423,72.39827550341292
50.805495048337235,35.54483137498338,74.17801885597557
51.96071412851429,28.43405916431463,71.37361950567391
52.18758667445447,41.888874648746814,79.3108642951908
49.921266373045384,34.98540376405986,75.52306553010038
48.831912566715424,29.47192956847758,70.98001774065297
49.64323430114333,35.76035326934908,74.18455615684279
52.74204173235542,34.83943732912878,75.04498498068354
47.99308872806634,28.753388029727716,71.29272156064602
50.33410662523481,41.75022461252884,75.49917396008327
48.36498840830779,38.148015605652766,74.73766302538046
52.08122473185074,32.41105126094931,74.00589696154232
49.58717387389394,40.7888459469791,76.48000232437425
53.13886657537758,34.41112276673456,75.53405950935685
46.728618889149594,33.42448106419961,71.43540552661796
47.442084743689804,27.041218720806363,69.80659025609438
48.80549905116636,42.226838626989995,75.21536640051806
54.098207568629284,37.093063505922224,79.38574566663858
48.2304679859373,34.90659735785241,72.76120974707227
48.64821534714421,23.429642376119446,66.61652566141191
48.57906087788103,34.41121570407853,73.30755302442041
51.249569562136294,37.179256461980984,75.79638470912228
49.939842088623465,35.54413814808601,74.30797081339969
49.8547271322447,37.02506364169254,74.72362361845498
54.57485011012995,28.15267708776453,74.25028787978668
48.86093369372984,31.71214370411718,72.53123525875345
49.26323915214193,35.074870514480445,73.09643101108985
51.70371453117205,38.66027358245233,75.99055054989611
46.65602510246717,33.25127392071947,72.19470854143353
49.82753882178526,30.21924978641421,72.61909983758035
48.47631039536587,32.83682293166304,73.54329323675826
49.515225682534016,38.639785677904854,76.29328760704426
49.391108068050336,32.479899184326264,73.18562253603602
48.97650544864543,38.72822479359085,75.4760465986066
48.54136259110408,34.20529459405954,73.03494431008625
48.96844007023563,37.84815055912313,73.59430214576463
48.60053385651831,36.53471828894849,72.27250797008269
52.41049361832567,36.02621984277982,74.87826738070883
48.87091524826513,32.713558675887754,69.80015156801942
51.9405737021821,34.68228653887634,75.31254383312161
51.346613460037695,34.42088872954311,73.7742488437574
49.672499245821676,37.35877107875892,75.43566041720487
51.46965291281906,40.0734051593101,76.37462190554055
50.76601567620311,27.056031636024358,72.60314383196808
50.48944894730203,37.170156396617294,73.2432392545089
48.70026094448034,43.598085924212484,75.712266637962
48.39014994978292,36.813858798884795,72.45769782439574
51.534809676479114,33.08842301035498,73.42468432746257
48.99865326251514,33.74663978656655,73.34002873123326
49.445784455745866,41.19207297771284,75.87891834322089
49.90238837702808,30.818568238928446,72.17298390196356
47.07361869258413,40.44052368405141,75.45393332275873
48.90145853568182,39.37126796571378,76.27646355802065
48.575019058191856,34.03850324682851,71.50642312786715
50.94172958022848,34.68392317732771,74.53302925084768
48.5534587012883,41.64354594365894,78.16281255730468
51.07785976739726,40.08684918569135,77.01871490557247
54.5086219115056,33.41052553976,76.95467692472337
50.96114335532963,31.94060231625451,72.30238018364722
49.974756181282906,34.53284027385451,73.11991188447078
48.36237628503613,42.37425271460432,78.39922114523269
50.05786423280998,36.56889796894372,75.00519372842857
48.697001535424654,38.009616104586954,75.90724515688942
48.96192020425981,39.25372621664243,75.40397435339545
50.15654531735796,33.97752727759375,74.45925919301163
51.2307876866524,38.68374112125284,77.62035526205405
52.8262990994126,29.068316834514988,71.92087057821671
47.84723817044116,35.8067953878891,74.49413469458386
46.78147408511424,32.556542861858425,72.77408263326576
50.23550668279346,33.578444467710156,73.78066487910736
49.77182355988459,33.73094006351763,71.88249669204673
51.5251333930763,31.8118170709488,73.4053455820229
50.820628370411086,39.09050955359626,77.72101541342823
50.14864614276066,41.678712393258564,76.02766348215532
50.31522384825103,40.90895730329366,77.11820555990195
50.40157443968452,33.31228399914923,73.22821930015533
51.89970812492816,35.00352058280107,74.76615413547349
49.780268337939795,34.75648484444005,74.47580344898819
48.25501039971523,33.54997841201615,73.645272639259
50.92052382738911,34.87134503005351,74.13850442679973
48.640980521753264,41.0877358902249,76.96097722446697
46.350426434260704,24.7909698681716,68.00374516699445
48.14330510783692,43.1704862619421,76.42074760435194
50.68216724906236,33.04610872178739,72.89725716265724
51.025152904490746,36.36162508788155,76.77901212051873
52.09436250820279,35.44928434522109,75.39865719680628
50.899211142638855,36.95784034576271,76.1149558318753
53.21184629892101,29.85107005621526,74.51802745999285
47.92636576157616,34.13132064092716,73.62984633176198
54.214453103294574,25.210950712389703,71.11151338023694
49.29082999832212,28.17691068153336,71.49542704591232
48.63726903896152,47.06209795023056,76.20920119848064
47.07957579880915,37.77003377177581,73.79084858355935
49.44451124246762,33.33459301305207,72.31101137684645
48.777112920103754,41.8177721188698,74.59547155380075
49.15153009125457,32.86717901583735,72.85032414692542
48.64765984536688,37.45487569430892,73.14682115746733
50.58421736872496,28.218447395552772,71.400165738484
50.23914917970669,36.340243051126855,74.59186510847127
47.99278317618882,36.31118102364637,73.09151609482738
48.43773513183502,31.662402063938245,71.29021586891658
51.422302812907475,31.662621787367467,75.13569322514178
52.89821176130841,40.59817884451791,78.52296095439792
48.552828123586764,30.02392246276601,71.46529579078685
50.278364426973596,30.413234671883384,74.1755300879047
48.52495566613677,33.44963945570634,72.42136278187431
51.33862526488379,34.157177585605176,73.60063232270588
47.26379436743968,36.983280476183545,73.65816829727903
51.39826071010419,39.2384183251559,75.41679305714626
48.877181376220726,36.75564118262593,75.5695721460544
46.302527772990764,41.38464936139789,74.46518344921716
52.435504696072535,37.894804021773496,74.93867978113221
51.464236966255875,31.829560643074814,73.92973195042018
50.288293483600526,30.627740267273964,72.53673805579528
47.750866896985386,28.232127037176078,71.58913654736978
47.67270321649001,42.297296864278564,77.25206674660984
48.224583636266026,34.79872174814396,72.0018381880877
48.6593489949687,40.23303031205787,74.52301778011626
50.919840346709684,28.061021420487776,71.15824870826424
50.839042394145764,29.267470344069785,71.23083448649751
51.712706052272225,37.36491204478956,76.1014645305034
48.48980464759189,36.246238713460855,73.5920261739817
50.016628826959355,38.22024685694052,75.65741017800347
49.8450000657164,31.170801122125432,72.71449117548636
47.936370099313976,39.384951084846925,72.89239726884415
48.87831588556104,36.88382757906976,73.78997445713968
50.62530988177922,41.45178662836862,76.13281570873704
48.71532440912666,33.989184498262034,70.79471445511096
53.99953172976307,31.528267229682072,76.37374197225546
49.73185367885638,36.58132456145021,75.27633777017988
48.00092992767841,32.39877102093786,71.62417213518447
51.07035571016889,34.233019375705794,74.46971756530426
47.91212824531901,42.84879081675346,76.31281183728706
50.33245837513446,28.47780421045259,72.05221267764797
53.42344584044549,36.7232675062772,76.82861055251247
52.406841831267556,34.02284518387285,75.28032966791069
53.089535629956394,27.03107055167189,72.40575651934186
48.44551147871356,36.29959373692809,74.85781967862961
51.04999107574639,37.424160258496244,76.05378796656791
51.7732302136919,39.07152222743448,77.36361138658079
50.999965569802534,32.1777504448377,73.26874270334001
47.644986364087266,33.775310703793544,72.92110180143379
52.1885121039859,36.51938673778776,75.62237782953623
53.33622698785762,36.75144253398828,76.40904115695264
48.06517580142131,34.075829004932714,72.58997910936
48.11792273434436,32.17842746788592,72.01339169066463
49.46053239014911,35.7374906162606,73.45354513083785
54.173527333939575,38.03620277658097,76.66778384165498
47.00725611055413,37.88085188590265,73.22097377979573
46.72697509285146,27.50852024716884,70.52006050267646
50.73699256812519,31.467343781169646,72.91110666173618
55.062661846506224,39.59651623044186,78.83304667414134
51.11628640062875,29.364267852205458,73.52603155468022
47.24917047516432,33.64173547790288,70.92853248042206
55.792719436194965,42.67208550430634,80.81216698174723
51.195580420204294,37.57136158910936,74.53504013049536
51.86600253642541,29.216194961256406,71.96114475484967
49.01144506567514,42.39988857326759,76.97690777239607
51.45923447173583,37.69926905851174,76.23954512791182
47.95715283846694,31.737404839148443,71.85974560471556
48.44987724693442,40.252047400912375,75.05194752740141
49.32978671908753,34.521471019706595,73.76831003682689
49.19732022267787,42.14096330951806,74.5870054450284
49.28152503868447,36.28249423262312,75.04151083107679
49.63229003919957,35.9692487788139,73.65507250240131
51.7524470058634,29.21669217245097,71.8567725951108
49.571211853745474,39.759929706527295,77.03266118357124
48.36120554715997,27.301022495991287,71.79528419973714
49.28957585488958,39.622078095305525,74.54218538305655
46.819400783606355,41.637220889251466,74.54826488132
50.03945514077708,31.598087178033815,73.57483246279855
50.858955637239994,35.03442359512197,73.04788037631236
50.63222833743852,34.09954433672339,72.14383523842257
53.92654021575041,40.32216602075232,78.02706217068291
48.13331041791399,38.81103273409124,74.79435596332577
49.21258758926948,41.32826888692719,75.43708539402816
45.93609407303312,39.725275233606894,74.40977839348352
50.64457994482774,32.30048422080469,74.5502842107952
52.226300808289814,32.75843735819362,73.94590537969418
48.00255988638659,28.98398348386968,68.9625733399419
51.164878912621326,26.823295999213915,70.57529077155583
51.55457941710509,29.948342243466143,73.11533610081426
46.93293704410772,37.82435734437643,73.13735637906177
52.32718128112627,33.78130203371636,74.8260902889511
48.172345567909176,25.858118114608303,69.38359897248756
48.673059595957,41.93600614659317,76.85562327337915
48.93724978262562,34.840882344838064,73.8571169362548
51.69924974820115,37.38433760123688,75.89526443340286
48.12631385445297,44.93123154458422,75.77528722468276
53.70550696747934,32.68407316157084,74.85306272586512
54.26961446290388,39.39346018078297,78.52242285155752
49.80480757267052,38.18419403359764,75.8078429855624
49.00524966612259,30.38552422523351,72.23660494877436
46.140232614281395,20.150949728177835,66.30515387417903
50.07408318038604,32.92557400976941,74.55123255146029
52.483011571965434,32.76703706045841,72.70064818347734
49.94528280895979,29.043215298598128,72.65805831951458
49.04447922290676,34.831790971538936,74.27823478437821
46.39597827477323,40.94172566765889,74.38967727454246
46.2796049123552,29.734417463215518,70.3382459516882
50.64504230107896,34.071240498706416,75.24952851308637
45.83149968850011,37.01603241595308,73.76768216078979
47.862505696119136,38.449106456803904,73.69948049825703
50.748512052159754,35.886115652055366,73.56255736548671
52.34332902539825,35.29833645946408,75.94917326056456
50.89948836963489,38.901343726226735,77.25279969588406
51.38394906721836,35.0817340166946,76.33800441022149
48.85896881000252,32.44999865662511,72.09853078903656
50.71408126337049,31.933171414665317,72.92305653557182
49.145574864548315,42.501717163248685,77.62787419756013
50.408387110722444,35.87967283463467,74.30085960864764
49.61614233302891,34.14430526055904,73.48780797898792
49.06623147988734,38.10591208382898,75.32584949593381
48.62823404232675,28.96882822058747,70.03957249261042
53.32555922074339,46.847222868724586,78.51674003574564
50.840889150774,26.699746381869573,72.3125195444887
54.12743082229482,41.201799980429804,80.76194149800457
50.895701327648396,30.533888374606956,74.13298094708774
50.70120923463348,43.38649446818022,78.27717294289769
51.49447421040022,35.48887543723835,74.57255515163642
51.60884670759795,30.43028795256662,73.11832687452281
47.045740765184895,29.173077882284666,69.57139318476845
47.41832887600572,37.33174655909515,72.42253516921674
49.45973584640339,30.86824306797361,71.79992530733337
50.19037324076206,34.26859291548234,72.59349979410726
47.19425658184064,39.020820256151055,72.25716407000111
49.74520371532733,35.158897511878045,75.39419807976721
51.272009438293374,35.174413890979025,73.14610916339905
50.77435554387466,29.615074503444124,71.81111817096283
51.17851434317829,29.551162483303223,73.52763846979228
49.199273305620984,36.22540657539276,74.90733794175434
48.70898260729484,32.85700607464669,73.65242220307523
53.166898037439076,42.87017611621756,80.02382509759016
53.70495841192891,47.688004094055124,81.01401737589174
50.94276172888182,29.1084413006346,72.50032574073654
52.536518338715695,34.50012617245532,75.82880134354785
50.076012312234674,32.365785507716765,73.66025268232177
49.01978870309744,31.334427823432993,72.55825514399748
50.229174724717886,39.70722695225331,78.01796904186503
50.142398753131026,43.722837995028385,76.10770132404757
50.20097037587239,32.92134473248342,71.90177916674313
48.10308508955176,38.597660707212675,72.40075947157615
54.86113070624873,29.241311991618463,75.17144172180139
50.81385611265274,33.00589403012543,74.84324275953465
51.10282901560134,45.150890138296354,77.40562363172505
49.06502642567137,34.92770204615653,73.93535102169562
51.353631410538455,36.65637216654054,75.2691278932501
49.64025460254957,36.82368667155284,73.79984458363431
47.611372356446175,36.86078373995522,74.2024738777244
49.54573908140382,36.34579447097912,72.19995789341866
52.20983117930194,35.182617032597705,73.66861966397293
51.444177710912555,28.09926719639283,71.37933960994002
48.15395785251749,41.86787900880328,74.86488030097246
48.8996553402571,33.5918403735039,72.53636332407577
50.133955925159356,39.35988875750488,77.36200499971315
50.687370280493965,26.961307894447856,70.9998188931454
51.12913939117314,39.659500205790984,77.35067580960741
48.15120242685954,33.80203633251826,73.00362260972217
51.24303585919962,27.75384638450359,71.37668635777317
48.12253793459142,32.78645380717989,71.26906092140798
49.939834414807606,40.8982954255242,77.7736902796707
52.98014754635586,33.950809144754736,76.73630242797472
49.993970356595014,35.9198440523916,75.84133721580153
46.87482200078252,40.12035606989414,74.10809954693953
45.81636470976879,38.26939164819656,72.0926339507395
47.02196675358577,30.896672933905297,72.0691961714515
52.14284541029832,31.481635195770576,73.71579382265719
48.994367189531495,34.24950655841099,73.36836384837083
52.245930723515436,36.05879119081808,76.50411316524563
47.665167761230535,30.978214306742707,69.52275644638603
47.175122411065715,37.3209287841654,73.30537711445488
48.023571257576656,38.16949675523468,73.62200123615267
48.23778910539317,27.346146184312595,68.80212046066671
52.45518136444377,30.04766412319117,75.4523426379612
49.904556324894884,35.913774354910046,74.6547933206269
47.23724927843488,33.52755806034404,71.09393070929684
50.43414618903361,39.13430422031972,77.72838973252162
49.09395764677237,35.57095449262252,72.0988875181037
51.17623853950056,28.151929361393776,72.08122013110007
50.21386796929158,43.83285071447359,76.0068733313641
52.553638932403196,36.77558146127918,76.76921675338129
48.51294855004934,31.25059194777507,70.72429845471477
46.79969604214461,29.311406573675594,67.508305658557
52.65106427640098,34.790678892692824,73.96535125033867
51.41186689627922,40.48799501355019,77.9042245104963
52.88554814807111,36.40086518866694,75.32621752497687
49.96077298885351,38.787073914817036,75.94238701347928
49.77582037606493,27.590615439226212,71.64155109596086
47.62189725522987,37.07293849629797,74.1030759683577
54.196102401912285,28.082742770479832,73.83120333128643
48.484961089392485,31.981162671884746,71.42882774704643
49.81004913903961,37.49576161664474,73.74142149136287
51.01080640974585,36.67651394198944,76.83479002038688
49.35928419084004,37.63728647886479,75.88081946354457
47.65709540001951,27.917504176879067,69.22903651383263
51.48434321526154,34.13292501750871,74.00583904044665
49.1045456915465,35.25840242677448,74.44327476113463
49.21258438177655,24.316249251807676,69.99001930252963
50.48718805244996,31.90765192086081,72.56492040087373
49.91202476710342,30.974990285578173,72.79669188387601
47.618512456094734,35.56204775965425,71.3773146869687
49.406799910777124,32.15916543825293,70.73397032277626
52.180579474534085,33.25364514061332,73.49858860237909
47.84161469989847,31.866724808919997,71.59928499104191
48.173272271556314,36.84922665330771,74.50708921237892
51.30039191470208,36.4887272009049,73.34977187892586
51.938579973734974,34.472315668498744,75.64329092634124
51.80053270229754,31.113102947560108,75.12787016803004
47.847884843567094,38.23350187417994,71.57891811692274
50.462329618302874,36.98186448437174,74.84362584378277
49.253463121995395,37.289568325567004,75.18576724610024
52.79217720946955,42.26940759006226,78.74219411433943
52.58768487959271,38.137835714583794,76.58118582951364
48.72795591395416,33.61775288411116,72.16648128546498
52.16086337382639,34.99591048503347,74.42909426077819
53.122206798711076,37.38136621167704,76.9471974522891
54.13223369485733,40.83079967872077,78.95956977657144
50.14220850642518,34.968809087763525,73.98743688402743
52.22296354197886,34.9970121723419,73.77576948635868
50.395487854655386,33.216929900124484,72.14988649148339
48.32106742224899,31.554257590559978,69.6097474746758
49.11097394950492,38.068598066913914,75.11341091173384
48.32333116725679,46.061452619358946,75.75181786613082
49.67995298119796,35.53134201548577,73.99724639567704
53.183991959541615,29.92000556983455,72.78326159331854
50.56247760160693,44.865269276655106,79.08801528847566
46.03797505737735,43.22549281898186,77.09180262571462
47.77081047340187,40.65603293214631,75.83155077790676
49.83296903329872,40.45066559800304,74.34386424885545
48.20827153845546,39.28821901965275,74.35235900801614
49.95575425629155,37.739405427034896,74.47093028971275
47.28723204722476,35.45739087058413,72.07606022312784
48.013120690013906,35.88804361389649,73.97031111653052
50.695303521996266,22.293246931116975,69.1128662881649
46.595025106371295,33.86037520392943,70.94849704789492
48.8950991615066,40.53925256626092,75.06171979746387
46.33564807171703,38.651656722334124,73.68645431170923
47.513664298023144,33.86233516473432,71.67898367447391
48.959878837547805,29.11394121640314,70.79747492096652
53.901947544914464,34.53269170257483,77.60744875680001
51.27097745970078,38.378388261212436,77.59926938207578
49.63593773570977,34.169054310111406,73.62477007096722
49.252858922929626,37.87258111331548,73.59478176745247
51.59646825362617,37.74623429892474,75.41175878496875
48.86679582044779,35.61396102036572,73.88274626333535
47.014305753658086,36.57423593114489,72.41292601088323
49.86283997318474,27.885429108433257,69.22119065654462
50.93284656822593,46.01942876815694,77.98174118969465
48.3346588327274,41.81775718808728,76.1350347451416
49.31791020755958,45.196375264482015,77.11953163434704
47.12263459870161,36.530519927723105,72.89895710880756
50.35413432916033,31.608688979692268,71.84596172325172
50.5708004498307,39.35678345304786,75.95269095244878
48.033873998915496,31.17082794609031,70.71938573824187
49.509093293140836,35.63504485585761,74.73560374452148
48.965445799676395,26.91897983107672,70.87436697511056
48.85636715226026,39.320895103630576,75.10408269699222
51.251323612229505,33.095692679006646,73.72419216251375
51.221855167674,31.918546063914736,72.42029467467003
48.579411337207276,27.656041260520947,70.53019345966487
45.6211226295567,27.315671578294513,67.43137905953809
51.823113602856054,35.09322468317886,78.05043057226229
52.131099674818465,33.284038225655095,74.63885004140103
53.691692314784724,36.364118308353305,77.07864103442125
52.624277616661594,28.93643870368633,73.56261537132927
47.746036401512846,37.57570210977195,73.1140041499475
48.6177862020455,36.68810304158324,72.32741574431397
51.7974841682975,29.45020854565989,72.53022395867862
54.37255902530425,28.729908267616647,72.5973102365775
50.43842540830432,32.591785947094806,73.45977218347637
52.22828278011457,40.06765361975909,76.61330801180937
52.34225837901396,32.33813737606288,73.42779413872599
51.69218969173372,34.797892183776774,75.60350207137171
50.19717581012098,32.430615512341504,73.37001382978839
49.554083117896894,40.79254804034786,74.789660351553
47.7731465890825,39.605275186368175,74.55498039424279
49.99160803568614,32.80530487835168,73.96577229679573
51.17697581078109,32.07712574195616,75.10154707288265
50.39376959709984,36.29730147099237,75.25722824220001
49.493614765304606,27.921087670178895,70.12278380878061
47.791106717413335,35.02249953468777,73.56000150574371
47.55937214958289,40.19260656668217,73.94905207867814
48.77968100753618,38.71313569839675,73.79848351827661
50.35671062292581,39.51366685737332,75.8009987927743
49.53913021434907,32.018192105654556,72.84719629337262
51.28891615287465,34.37148635933591,74.01197097099597
53.1443031380852,39.14221443342069,77.28099964174794
50.35310654767044,34.182301749260624,74.01441986265296
53.40028493025739,32.43859229078427,74.89526698143055
48.41093640176311,36.45990704938994,74.13109803939997
53.16237343033233,32.93662235291668,75.43508069974429
50.34326481557973,40.66089247083451,77.39179641591309
51.96319135784288,37.01473922697718,73.9196052214397
49.90839721859529,26.245713407428095,71.39573761688874
51.23432140294433,27.907906765087866,72.69174350288054
44.758413945486296,37.74787753346567,72.02055015870856
49.84479652665463,45.76100361758152,78.96932520229252
49.3798432470808,34.268729928238514,73.74924801358513
47.117646724593754,40.19313828193999,74.01785285542275
52.68255196249115,33.76677371292703,75.16770260573641
49.0990239534611,38.78519526000846,74.56930605211296
51.872277790721,40.4766692337759,78.34300343711416
47.938471771944286,28.295480874298768,69.78004970265913
52.115776305479336,40.01422403807191,76.30186249127553
47.243090586440864,40.276469868115896,75.01773584855452
47.76790911267303,40.271806285156664,75.38312931521209
49.72137304063994,45.810286064794084,78.3744001604574
50.63074538191496,37.41427650836534,75.32148732109931
48.50100622483454,31.747177515060848,71.19669706374377
45.17809025139689,37.66093566984117,74.03125300386223
53.704042238665394,39.58511631152156,78.31530595704065
52.499014328367906,36.1898259112077,75.08596672039234
56.842646785558856,24.300446981212687,73.36116066012141
48.74090713315545,36.151011532641945,73.44484878955207
49.69524710573004,34.92565814850983,72.84724750758174
53.14950058717494,40.39269011204273,79.09703137039006
52.761594172595,35.44750047389921,75.5322706723459
47.24830186091845,33.64235543972483,70.19346426186944
50.306627168363825,37.18844046579393,74.5857215163883
49.18825594328717,35.83109239399414,75.2736301944005
47.42281048202405,43.494824204012836,74.93785028743463
48.25671305030052,29.738671024763132,70.15340929743863
50.956057493027416,26.600393727136353,69.85151083865992
47.49072653141552,36.23819237392669,70.68295079700144
50.74780158809137,34.98143101353593,73.7119340884035
48.91051956087923,34.72964038956174,73.29360132033743
55.00091587709615,39.47541678680091,80.29731009541787
50.13273476683625,34.967058883094566,73.9020665226452
49.64208203809017,39.94766609056659,74.76458640810907
52.804239236311595,31.643675473563626,73.85546227424327
48.52438411933851,46.597094817258686,76.02820468013674
48.46307177109699,31.97283272714798,72.52449020988567
47.94008385000539,37.80783512746112,72.66025127853693
49.745637114867854,35.41036729364031,73.18063466655582
51.30267706054008,32.45676503147583,72.82202215678696
51.49560379907125,38.41118380507505,75.68687253745847
48.72568113077579,26.139823904799776,69.15485535970284
51.4906256008327,30.131740380252555,73.45271784057928
50.70273210376152,34.15449841102196,74.9656552746301
49.167254805254224,35.93656889415535,73.54176082943503
49.44508838714802,39.578590392476514,75.35848001764201
49.128405300293714,35.35228246873975,74.13426329807173
50.93241721109855,33.9077330242999,74.91074973869844
48.289946168737465,31.957562694743576,71.68843572980104
48.19840949612784,32.86061177788755,71.82664603802819
47.642037542134716,34.062936829941904,72.22127295614747
50.18088696981937,26.81089721592162,69.70447042803703
51.570157604898576,33.49267279418743,73.52952272150472
49.66089455194792,34.315873117160514,74.30771628277382
48.55538209646033,26.419445992548006,70.81065295387263
50.707848698177855,31.332205116060543,74.61758484239459
50.38964656967574,23.945597855487776,69.36476338707452
50.474479802187425,31.429807170057245,72.47129060638882
50.892148410687774,45.43450315602843,79.10766214298266
53.22038606561644,28.071154340032482,71.8924072872066
49.66036035817868,29.545367174071643,71.73102709513176
48.33752990741241,36.575099202148756,73.8129545628762
47.53329735242463,43.50106407454875,74.67714457757536
49.61751641208195,31.76139177418942,73.39204563580432
51.31809414829661,45.544184922125844,78.63221118008514
47.91386648841848,34.494582366884,72.69720982494675
48.92978301059017,35.568634455652045,73.26256162930217
49.57590938096532,33.79304097019969,75.09678366800979
70.99279016348446,29.802218792972678,58.56620748609984
68.33342644578916,28.394435883697234,59.477619489130554
67.16914456194134,31.147616057090808,59.963874933241634
71.72285504568104,27.125363988445596,56.57828113881635
66.82264338720051,33.96986572938087,58.40455232093621
69.98196836014868,32.39471891872211,59.44131905074658
69.14446407632987,36.80324046038294,57.92948377507323
66.79173039188571,36.35126756043402,59.20142312185893
70.88323006001647,30.768761725146724,57.415011038330796
69.02809445779792,31.24600033736339,59.26338801874201
70.42498115290778,20.006517002265994,59.97283157472679
71.42581151752456,30.700726068530283,56.1915481690939
73.09161686220699,24.807466318797026,55.415285716489485
70.4710177359187,28.291206315065033,56.16390216943272
70.87362418085627,21.873190272413517,56.32166426805007
70.55112870731462,29.199962203422956,57.578024238477575
71.44217638980288,24.590444507792938,56.31746526456932
71.48577044470593,20.876867882197175,59.65336894379858
70.27566083892405,18.991966455236014,57.32928619715424
70.45307384292538,27.546566288496404,59.40350929394673
70.86405749551635,30.00988951665336,55.905283549289784
70.09469759149465,24.424864465674226,59.70433577011241
66.39192029129015,31.39038687475522,61.07709684764396
67.37228168029971,33.90509914779566,58.95195639498403
69.27810407162343,33.172253514168574,56.30541288429916
72.00455394050321,33.73964764032812,57.524940601516946
68.58158919368343,23.88498130445919,60.953514402099074
69.9222556354702,32.715725501297804,58.72888915112143
70.31805763607245,34.0359115565575,56.79351419889294
68.39877838703511,29.059726152229814,59.46681621051264
69.5148814794936,32.80347461646253,57.47522318524302
71.15808128582239,27.424859371896016,55.74917255760491
70.7072370082795,25.92753805740067,58.396730443818896
72.35066783971625,36.56972993416548,57.47619339825289
70.75544520146059,22.527620178720255,57.445808429011144
71.02422557145091,29.670318981434683,58.3326113834276
71.47852852600055,25.621517148653602,56.927126883266176
70.34710338329037,34.85100567769422,57.933865026589814
69.40252026417572,31.631053285186848,58.0576171750891
70.35187071725971,26.88077134693661,58.27778554979383
67.99945481554269,24.6100057105443,61.7500502720559
71.50343824792259,28.079052231382775,55.18202601671647
70.53967479607294,37.74498174205311,57.39049925820216
67.52915761656287,25.577966795860544,60.6733364281167
74.26779460969692,24.47150958331214,55.67995229594893
68.77548600040917,29.344490924029923,59.13906237315757
71.89746713955361,34.619011838626776,56.175263912160695
69.77928107718058,24.923723405730627,59.103453060142535
71.9112139157883,37.71492366723027,56.22855866067971
68.93618146935108,30.110935240611315,58.84676187101419
64.64089032447926,30.134369301962032,61.367179947130765
71.82623056424431,26.315585772043892,57.1957167837989
68.67345001706377,31.544413135576676,58.52373981742158
70.94225891142815,24.737209505821603,58.841354428236826
69.49016196660959,24.12858289169738,59.494843671693
66.19402576367216,32.15416931311203,59.250226352590275
68.02337922630574,28.122251104428656,60.0078985295285
69.20611455371062,28.570557077733405,58.52132756965741
69.67301735991013,31.840842447139615,58.40735279154976
70.9446887350614,25.448319588716522,58.45444101865245
64.83451107584446,26.18979241928191,62.939646950418584
71.92539726369438,28.99526446037693,57.60426261416737
69.5177512451184,30.74116102432395,58.67451648325238
66.65561849391216,25.20558385344506,60.76673451924945
66.29391648897638,29.232264944103203,59.366444882409006
69.98071968086289,28.51985189196181,56.855888305126875
71.4105647997536,29.026970558405775,57.82225528787607
71.89173229638267,23.826757879438524,57.33483425093296
68.24581680531331,23.320014955252205,59.00711358640875
68.48611946993613,26.767851172858105,58.389599621715135
68.93760187460238,26.489083438886183,58.53862989246759
69.27366952207699,22.014897696022146,60.20630820429479
69.83891693012596,30.0669654548402,59.64338873986524
70.93998861307811,24.18882989953906,57.08234191546962
67.68046615471994,33.75962209349629,58.5210479189227
72.81617181361887,28.642400098164945,55.77258660966956
68.50652143148606,30.121967483891044,58.33888359821884
70.90667149019909,28.84165128350647,57.3984241096856
70.96049151372071,31.33154700472642,56.52799437275955
69.30846853079072,40.66708671277219,58.545359075571234
73.98561580212302,32.561568074669495,55.5296732088426
69.10558374097302,38.76195184847709,56.55229647307924
70.14758659081552,31.676535159072177,56.975313112359544
73.33920103362175,29.565667659464914,56.343992496313724
70.05811019970083,30.960377518717657,58.524276307612034
66.35202948489069,24.032242046356235,60.15503808169965
65.0877467160149,35.63787845119902,61.527850311068846
69.66058020343935,32.520898852697904,58.03811697681986
69.72414559532388,30.760882049566117,59.64747350873076
69.09319030181292,30.94710795659361,57.39205458724998
68.41330883232258,27.391145974714195,59.824086628966725
70.53789304229998,29.615184729011045,58.20468211359938
68.68585894066088,35.11669483413192,57.35245431315536
69.69390173311035,30.739062250718042,58.730628753447704
74.02693145398862,32.26240222761687,54.53182148249756
69.86747914018467,30.931623474544267,59.325559105652744
70.10455605021234,21.188322757653165,57.951800296905056
68.27247732618393,27.64261014880564,60.05852520421324
67.88241987834446,27.566922717726868,59.89691103055121
72.1771788128004,29.512507371296284,58.582014978966484
71.15302105618098,30.042464619072913,58.48952462754294
69.57698289067797,25.526012335381353,59.22902663836398
72.04925377314817,30.740005281337048,55.642797272037065
71.33128671959044,28.62896677738432,55.84675898511291
74.45749048077117,31.364001260501702,53.879533967466976
70.36710044306702,27.004342066885787,57.34028590780812
70.55505344830324,21.67277870887975,58.678190678779046
69.5223740173068,30.811159836311155,56.742531859690175
68.31481602972036,27.856207091509173,58.32924974643553
69.9964534410608,26.61254981136011,59.94054683878546
69.23248711891851,34.23276065827804,59.9266188479218
67.8413469972528,24.841541523594586,56.51338200830125
68.0087194585864,31.97070042171383,58.16157627543621
70.29523771468156,29.2897899078814,60.496027432006926
72.54536365950892,29.672981421487922,57.76504993905628
70.4983075730618,30.146513905030265,57.00322969049635
72.54276033217207,32.0562855187406,55.948907720014695
71.04487701444523,32.851768672900974,55.58964557477132
70.955482982571,25.833376253227176,58.30839158863611
68.71384744849257,28.716871791105934,58.560206264984046
73.88945545791707,30.731134861139658,54.226204349699714
70.91945706986661,32.418966133889036,57.63880179801333
67.55780650841061,26.885916520623713,60.917577512669276
67.03920036210167,28.51739184498582,61.86735211658018
72.33174256362257,28.14589059811214,58.01329011026303
74.23583159050372,27.73811018958944,56.64278900313135
71.53160617717883,31.21744723417707,57.44230301318096
65.30409018590628,25.26638678184713,62.06676960398675
68.68314560248874,30.175253824161505,58.370794055273656
69.5864364371202,31.5361776005301,57.32912761413433
71.99257875102761,34.903866627408604,57.66141394915685
69.50342317368356,29.809578357185146,59.21322313549723
72.16041060317316,34.39250823310843,54.00859951318542
69.47977085184743,27.40107268440021,59.36012806359143
64.01082881691178,26.399718448930475,62.86176191313497
71.0448252810089,34.10219278223819,58.38401197530696
74.62297383984757,28.660957312655132,53.45277930387999
70.28195718464174,27.06975443530136,57.562422471185066
70.77418470152374,27.174846231056595,58.008698918724946
72.45765755409788,31.09070833538308,56.24185905898833
67.57099530127687,31.49493017587511,58.12443466560234
69.4154305467452,32.07928837632042,60.19213534209241
70.53145128145779,32.11526246940892,58.895785241436414
71.34420296028503,25.239557428787414,59.788652944108485
70.50382507015571,25.038148713783144,61.08664118042905
73.17690734109597,29.566923243636072,55.213323063739544
67.86303335180251,32.10312991773971,58.28432988465856
71.93618500119514,25.423061098081995,59.24564397952442
68.64873277578245,32.7441813115395,58.488972342809014
70.68535278154454,19.610265868104786,59.753222510113375
70.63759269180028,33.61496092112436,57.84232100102665
69.65952705209313,28.48076002053261,58.98286579819105
68.95354937989919,32.33415122589004,58.325052305621746
67.37404150705007,24.251121956019265,59.95986589458559
70.68925615472352,29.26617881426311,57.92186861565134
70.2785967846531,30.612866900502706,58.61631424249286
71.30965952624238,30.486415845483485,57.100023106106086
68.92367266490079,25.678207808238213,59.141120808898556
68.85877676812866,37.726916043252885,59.24352981220267
70.18507090646581,28.536489689680675,58.0153430322259
73.104404120761,29.105434353812353,57.251163172246706
68.59599115844945,35.81059363975775,56.23606115175999
69.8644916577754,24.70379356252255,58.973665482594924
69.40888601619031,29.38425294305525,56.880240491123914
72.74744932964718,36.95798591062929,55.09169723525119
69.73768458270396,24.676023109775485,58.401124878450396
66.54484391487301,18.52808894088738,61.45378775207193
71.31737103244225,27.568015028902625,53.87554336579465
70.04581085841065,26.42914375140171,56.49667680443629
70.29267898437455,23.71270368498339,56.979165751033946
70.0877554338665,32.35527607513235,55.82504502709542
70.96014837603956,28.94863740453726,57.93359304493523
70.80178447176003,24.148089675163035,58.00213635140979
69.50620469679752,28.07654252802015,59.54058092780142
68.87232921344221,28.55438374701578,56.631532801837814
69.38755038677783,35.41038542685643,58.45074050151214
66.28176906483918,28.18223226386207,62.158972153063736
70.48883178131561,24.385706245440886,57.90632913198447
66.91530700304523,26.591616179209872,58.33214323882465
72.78975628946118,19.207264176220697,56.694934928329694
70.10119256857728,30.12785836988663,57.58311270654241
70.39169697770546,25.25223632285234,58.1242516340367
71.71151495002795,28.271922546071572,56.37328119663889
71.40080988265899,28.429349194711197,57.58632180862405
72.65755232081031,29.746803521168573,56.494978378207826
69.34069680580906,28.81903937878585,59.50134760086605
74.93266848292265,29.495691771128953,55.66925370490341
74.69660338183739,31.814434374957184,53.63850105568621
68.99031569131637,19.85973964904453,61.305676447996106
68.38118206560621,30.35978441903497,59.34361936146429
66.6328056179363,34.11870266120895,60.12035455203791
66.55906309813687,38.57994773184665,59.597215534325
68.46990977057894,24.700554017458067,58.81992989298356
70.20669967421996,27.380308732963357,58.7544720729342
70.4314095956484,32.06622845677602,57.97813024844857
72.9024073797703,28.66881219982968,56.565916380821704
70.40338760369593,28.31871066970035,59.38039055620213
66.04576820255879,28.12506084018691,61.609303020044486
66.06754748966436,25.793189476637778,62.502869796229476
70.33075650812633,29.56485513176721,57.203428920505864
68.45563883029082,32.18707676882356,55.94227915727392
66.83414402782206,27.84487261040349,59.781759144922034
65.2434016835471,19.636707952628726,61.40242934813064
70.47380696263177,35.04187414354691,56.59543673115316
68.70211554983027,32.69576118733996,57.790581519303046
67.84191404085786,32.21515637033452,59.17599324901027
71.7278083432772,28.993098802402,56.293561834559995
66.18757117153552,31.014667567973515,60.157667061614895
71.33598918100977,35.200257334333244,57.486388591950195
70.61181959650789,27.813576550304123,59.058382711996636
65.37733752859835,15.350648502312044,64.14502509371678
69.40643027804454,37.159807940473804,59.15714048941986
70.82809371560568,38.68973325582243,56.74695206437478
71.29968291955015,33.32292739010365,56.936143261622334
66.52577283985056,27.35152166941716,60.81537425939909
72.89437067182352,33.52877735990053,55.7568742597686
71.16139310339815,35.638643222409236,56.39328125295711
71.38425816833339,23.113144415244296,57.028904327933894
70.75214785102754,36.720225771594414,55.99733868193546
68.42167069700744,27.882807517844356,59.79571776815846
68.60333476137066,23.473615414699786,58.25699650104111
68.71824800142579,35.064960855593284,59.74816758169796
69.27694104910726,29.298985542062262,59.54763649208977
75.50728668270445,26.07683254404844,55.80071127950442
72.41151892431519,31.731373799782546,56.36624182240243
69.6469986303402,40.486708087464756,54.281500779894856
70.64923432072663,32.05379947620697,56.399530389694156
69.57470192311293,26.824508690154737,58.93823798916456
68.68237692654488,20.054530575420493,58.46547213401071
70.47631964717071,34.04633269487354,58.32386132242286
70.77855647627614,20.03861759197854,59.80161095172244
69.65969587203647,33.744901332555614,56.372358990932035
64.97677319238302,31.48388909019663,61.395201350679905
70.26563992090216,37.36968807313515,56.16080481086956
68.97702576559016,25.20155695022878,59.46490837154732
70.74104756863976,32.13860246190225,59.79852168355285
71.17440005374094,24.94765349816368,58.20243706107227
73.80234593353397,22.98845410303901,56.62259632127537
66.2834464152844,28.11804563560519,60.08772337407075
68.89166022414489,27.974838130917394,60.079056735378636
69.80304531309507,31.24797672376307,56.01091459445678
70.41490406779516,27.993591743758152,58.70046510863609
71.8812617697022,31.581468214695956,56.07146677496847
68.20068695964198,18.836933810832587,58.998878476235966
68.92689502889141,35.379217685301654,58.24655328893481
72.6826921069817,23.13493730090084,54.906086420436615
69.11739705373587,31.036037590142143,60.04825970460465
66.74423768089152,28.288851519549137,60.634797659259554
69.37204836490343,24.338262391114007,59.77829101196399
69.50697219086446,21.09781089162374,59.49985167671173
69.64137154917394,25.730430925164292,59.483890212724496
70.39548404863346,31.82247430333858,58.11839652213549
69.49395390653402,22.711522038671085,58.20603111606415
66.7233118798913,34.85143878038043,60.62088867499729
69.73488365305269,35.5808688106365,57.25997703968131
70.55133246029746,21.95392615095507,57.82249805969198
69.92945690151265,23.375756043491286,58.55886806978038
65.11248181865705,20.546433728708983,62.79698903313039
72.83081618902686,24.24785743968562,56.64126320432983
68.43066584899661,31.628219896980404,58.3052104986098
70.56793363583016,29.878458004023813,58.66808188047246
70.37886809764781,36.8320690102437,57.92668780793264
68.5089970951087,32.12186648211073,60.681862674843885
71.96636217437829,33.415237298119784,53.751050277582344
72.21993936705717,21.00119557334107,57.56064201534565
71.56282233517803,27.98228022943592,58.41146648010888
68.33025228804311,26.728794894567287,58.611473995861104
72.28336004706016,28.004264978697158,56.522857892079486
72.57779294046956,38.38689102486248,55.24551928593869
69.77046422579157,28.7960056659976,58.57736153344233
67.57202220744972,31.940529513913546,59.959909650102
73.02217702496151,32.5174884011146,52.36354563804618
71.16576861236027,36.23212285311888,56.10289712107777
67.57580258265105,32.20814995864858,58.20703544097963
71.3094264405595,31.98738899457831,57.17820334728208
67.59997126976903,26.601448288121905,61.11358910955377
68.10283929324488,28.29147293948643,59.005373341641175
69.86550837534014,30.028065366524434,57.04224667839831
72.12168682214937,26.43310800102285,57.37075540732654
70.26608964719675,29.112714952735946,58.38289314735193
70.32607204623822,23.956921660308566,58.960564256197856
72.63439754013112,28.862609670964755,56.04655797688355
70.19194114130957,29.52801792158156,58.66268921135362
72.17570877509684,30.362690544146375,56.43936821791716
72.33157994045993,27.253049693487494,58.104591544114825
73.75779316830318,26.60123993322567,54.50778881357806
73.11563905602249,20.5549149609884,56.20470546697674
72.23924757827935,25.019392021977865,58.20266768513116
70.29880688504076,30.59654026206643,56.59767053628729
71.03788598344413,28.271971708859216,57.01348640784343
67.94638396116319,33.92332576175449,59.08819314790726
72.90832335571228,22.088300123072273,55.255612293164994
67.78691536046637,28.178267882521755,58.68463299839055
71.88062702524792,25.363132928430357,56.86469843806006
71.28300471689367,25.295423920861197,58.96647371854392
70.38778155616694,31.665270037113864,56.75070313255029
70.40463129442306,34.26920898086809,58.253070490119235
68.27595892414716,17.379161569536883,60.40336542896028
71.2964455141719,31.811439640369528,57.852998431728984
68.32108174776597,30.9185884129518,58.72445916018228
66.39676631122781,30.108777357818624,60.220747533953144
71.48711704474708,28.144561212686476,55.42396127465621
71.29660360455836,33.65351061443328,57.120285503871436
67.240205626394,29.218283227392327,59.503829295944065
73.66401114581072,30.07653983635315,55.938963103991405
70.96396380657161,30.904901103176567,58.12977574424791
73.21931637814254,28.62665840525193,55.20716992878518
72.1090401618589,27.105894891766745,56.3795331633265
69.46754758284332,34.143464603629894,58.24127482031979
72.42851320568704,20.7490539480035,56.85348599526346
70.57365171795053,29.22346969991632,57.56836277207929
67.58907563386455,28.129640966515076,57.37611559113315
69.84180517855131,37.885216733599705,58.450428910674276
69.22415671723255,28.921006641850813,59.93127910450742
65.76832044668666,37.975113996644694,59.230678727819566
69.09177445189972,33.615861511647815,59.41215472881025
68.95707245023279,26.531903097807255,58.40173286567711
69.95286907880578,31.66678946235543,55.83194368228963
69.91921383956137,32.2739379208851,57.93934599778665
71.40808544134956,23.589780771976976,56.626681392215204
70.69040161033578,31.735570829619743,56.060550279001674
68.27287660364816,26.27549482867057,61.086291042360365
68.23349249926339,34.66170581556816,58.15583406003306
71.68914375907242,30.637270595730108,56.51519184391498
67.56270889837832,30.323605650760033,58.99372010771247
73.06922140662161,26.239662363044054,55.47279331324277
71.5454453275108,35.22334585565686,57.36097468560594
72.33547035419608,21.739130191362634,57.44595645461051
73.33202382400601,32.75128047028088,55.9643542194463
66.05405540660217,32.61911583400158,59.47780244296777
69.67058760115921,27.14087367758991,58.1833719341596
71.34903787994381,27.850241443122943,58.26274536244483
70.46318435133257,22.23418310883352,59.505006211988395
69.5049647245841,31.143371503318786,57.33552332722997
69.25877870729474,27.250337525419127,57.662231026033616
68.11146897953914,23.582014198827046,60.06047841249888
67.43907040705301,28.88022235895642,61.65912078006463
69.2928732815964,23.839667982539744,56.623628952951776
67.64579633982643,29.904075565096875,60.52727240547382
69.34688140062968,25.65033961604602,58.912669955971424
70.41294709187584,18.16388498185459,58.73176113651621
69.347824762382,31.915274705271777,58.53232453073337
71.52046913926942,31.077962679629657,58.75993972388797
68.97969220165635,24.91366202423631,59.67143056613203
69.13246603025352,39.225548087655156,57.74606909286081
68.51891969538765,27.585170630699967,59.67391559044182
71.64072393370895,37.132028304176245,54.515648288126386
67.71749941069513,28.785981891695478,59.668587090763914
68.61672594892161,26.673144443676748,59.375395963301834
69.10113028024962,22.82048659411069,59.36201000723471
68.43129910950903,22.594001966885525,58.216396130905146
73.04601680037237,31.34554820303584,54.34835898183069
70.23866689790049,35.71019429828466,58.29786635560094
68.75457249221586,31.66616307922119,58.85836574589081
71.46529448051174,31.27467747044087,55.73212050245648
72.25027219275067,29.3444041395854,55.305703127443486
73.5426180085073,33.390568813630466,55.66303930081404
70.91686342558613,15.214626989833837,60.050563032944424
69.1263527135636,28.787587910703387,58.231549870827756
67.87668041835659,31.107588914114753,60.79520728089385
68.04591970624122,27.924511409712956,60.028327340945026
71.20967137794233,23.336608364015373,57.61447817421473
68.47504189168842,22.769996101906226,59.37738482102186
69.21101297149892,20.844217254465676,60.90859470462598
70.14771756670768,27.67390692892053,58.31189769333295
69.13967576089674,32.18853182909933,56.827575197053136
67.02941813878198,31.50199838673948,60.72626690474987
71.10586777975205,30.048936499278277,57.159236101637575
71.16130724663435,26.787267723795534,57.14039033478438
68.91026019167151,28.82383372908851,59.96112276520929
71.79921817513578,25.57129906249091,59.023331766193536
70.26839994625239,18.122973587164523,59.735491377580985
67.29592243723971,34.85198777839605,61.150777135148076
69.5268982020595,31.802822054262215,59.073578174547244
70.79714696126908,31.302803759785583,58.42121169749341
67.16978354975177,24.418187156960386,59.98462230144011
71.27252462483378,22.606847531141625,58.72399560585241
70.36727695987322,33.608558908995526,57.50162136122913
66.32795035585326,24.886856550815793,61.00546580466464
72.03243814709451,28.08492305779307,56.548628145229294
70.32011105645856,22.269663899669236,58.39780654523575
72.60813540344473,24.01687802888656,55.67858011286535
70.18942354827625,31.071461937911177,58.873206054921084
68.089834178208,21.135719049233316,60.15437523973394
69.17125401964657,30.765299487432422,59.086810836473305
69.42094867352442,24.329133220325538,58.812736817349304
71.09576845933232,25.132660298212393,57.635713256269995
68.78742439030165,34.0518574928701,59.67404480819057
68.31622310883473,29.916371275364455,59.882391725723636
70.16309722988031,28.865211204085284,58.39533572796499
70.16206087808614,29.805589731996726,58.56115100952423
66.95466254739576,25.457512076373696,60.25027725440776
71.64090029897412,26.285767347122217,56.914454114777115
70.98302474071426,31.84287360015964,56.18427979408246
70.26567548775134,27.62872776757619,58.96015771625318
67.10466044155892,31.48974537124891,59.852677020361014
67.86374039029278,33.23689181503161,59.90776496853338
70.02446690623105,26.938958006608257,58.59921199719767
69.53747132700599,30.30986964814637,57.2173631095211
68.19268183160897,29.94695389227258,58.186769662968246
69.92232801628286,30.223798325464053,57.489770058295086
71.15855098524169,30.982759572497457,56.63854918380603
72.081760621961,29.799637166160853,57.623072829324464
71.86758963355581,31.922971100117685,57.66447982432593
70.69077457261558,32.03663379259781,57.423702738337155
69.07014738361262,26.33485688277145,57.86802012368561
70.79367403845932,35.145964592524365,57.763935140832345
72.58703051235601,32.33556264669325,58.3535064378092
73.60014960081324,23.508945424355492,55.817563038242
70.62066358272689,22.92673263749829,57.500672518213584
68.34116543302288,27.1830936463893,60.8460721610502
71.24140869231768,26.409381667619638,58.23224998269049
65.2725233358079,23.25307650873085,63.4269272219328
70.75458648589833,31.529258648856697,55.88361965513647
68.39496276715826,28.113542616470866,59.68947617068363
70.47885623164845,26.667704600834146,58.708010483415784
69.96992575830306,31.387177199322686,58.726378912536816
70.01967150249429,35.28292502248859,57.60178980501582
70.18517838830964,29.58193913107857,58.2875806888131
64.48248526663556,28.21720935822927,62.59091325997032
72.74054871366636,25.36790292981196,56.11142950120055
73.82410107566199,33.411888806799304,55.467949606718754
71.20317546672845,26.770216498912397,57.131914449946436
71.79640491493653,34.116499702600336,56.29940112253001
71.61970226736346,29.740104683711955,58.51405030063359
71.10805631592686,27.67048411545383,57.56161790161201
70.5007735932553,28.569007332418455,58.27013251976794
66.83811663830906,31.439458338264487,60.76130239903822
70.61193944938204,29.249898596741247,57.89257197593346
68.39907489332292,27.06549103547142,59.47055808523602
70.20763258332522,31.0032200136509,56.476257268955386
70.40831502295147,28.88516541893578,58.01553011020975
66.93427202064878,25.928866695979924,59.51823767295664
66.85679492750906,24.930668176082953,61.254156767942035
69.70844588109347,32.67997847202943,59.891902379607565
70.05153145421204,28.170356883053362,59.31913276629179
67.85790898910975,32.49961858072282,59.74475581626641
66.31198728345879,25.794626505581483,62.74212494581183
68.25708744767036,25.556880622193553,59.32819952957052
73.12557418369401,34.61369144138766,55.182569688366065
69.19709715106582,27.10437346895092,59.207348518275616
68.99700486003076,31.03351083567939,58.366018760707675
69.73568526794378,28.626973874145285,57.291919678272016
66.425121392894,26.081805962031172,59.767865464021206
65.26810971831571,35.588465936294824,61.09783333542697
70.84513033550859,35.49403597670372,57.573664217356516
69.28652647103254,26.612129759439682,61.137926390208925
71.53779502928997,27.62465855795532,56.128750126208416
66.20456629967106,24.219697742456116,60.15373652370875
70.92638896505021,21.444490324800007,56.415119042196494
69.20968979661777,28.569229276668608,59.4307499365707
68.21571317880671,26.8021424660388,59.77299130251437
68.14483011381016,25.063121643038897,59.96538296211043
70.78489976973478,20.6018911250729,58.70204979334072
68.65582545928135,32.44444674823213,60.40234498869907
67.95398045184105,22.30517982134389,58.85770362566886
65.99017811475963,26.309522771989265,60.06931255973349
71.28861291861772,22.91368862993112,58.79309343084152
72.94531660779543,29.34442286450072,56.4118127062461
71.3408433861279,30.893002646678195,55.32972348899949
68.43415775909128,32.14630868587702,59.40607587661148
68.57478341965599,31.17667465376328,57.42362825966293
71.2191393915561,29.777940167024394,57.036700629035614
71.73742381755564,32.89318237686793,56.97275845367464
68.41815905259,34.2787336473303,58.21435661783063
73.51787575585496,31.139334594708934,54.75774517526181
71.28288543212669,29.16055269405891,57.242527418737644
69.6620685562056,20.532370606222937,56.03117777871899
70.75331050431026,30.33002876707083,57.39539174503275
67.79124214686796,26.291418515604672,59.85672970913016
71.91735998519907,35.308441511941645,56.17649211933631
71.01685168024869,30.886881187932403,57.52990080064296
69.4022617666841,17.52192805521757,58.32823411159363
71.86137707896854,28.468700346985546,54.64526331321582
69.43806959606117,24.53959276238954,58.32338873915649
70.21885509991901,28.857882659630803,58.16421798516072
70.23386019320043,33.34354647989623,59.06162758333836
70.55668264733359,28.325914864656173,59.6859876233389
68.89744634446433,38.0255747200677,59.70718527208016
71.75137940462075,31.102438892119185,57.19081705320797
70.76397328226433,33.11469968543215,57.653589222359464
69.22225860970511,24.84573472851875,58.67844658007021
65.71752448583877,30.27343184730132,60.665625022971206
66.72848790539334,30.805964067892944,61.62355718119477
65.45745138298741,30.995940195192198,61.57595193386857
67.62926390669628,23.49471460390492,61.341239432187834
68.15734413489692,29.719364596043988,58.224858287117485
66.32870902868777,34.43261360873252,59.4418323547535
66.80388211789491,24.690119669691498,59.61878911182599
68.23852197246514,40.197136152542384,58.63015883708192
70.04122151438261,21.652806281368154,59.32226580736243
69.40302327884453,28.990162519670843,60.792764590812226
71.3936003893723,26.48865197982118,57.22722626464934
72.04369041080996,35.08042774882273,56.56424270476411
69.23672155227237,20.286370368990298,59.748354577993865
71.77778190171064,27.521154225737963,56.899405347316744
67.98591304498535,26.816587327366815,61.41727893571623
66.191817741564,32.662932020180754,58.222728630328795
71.13214970133266,31.342363972977402,57.20035979060225
68.68719742453037,32.94370757493087,56.38916383251424
67.32609628789223,29.629466385988525,61.00697180787135
69.73225796513462,35.375479201183275,58.59455030108372
67.59686373076073,26.94319503292003,60.081098839241506
68.03983280183391,36.24326413949351,59.07868172336765
72.22238707070935,32.15866476540261,58.09654385084946
68.25843959719958,22.305994195365074,60.369267090385364
70.09882254385377,26.937915598505533,58.490686628062534
66.9590720377303,17.128535817397506,61.15492447872089
69.72429938871943,39.00100768069086,56.84399824555292
68.13624223172398,33.51288034488358,59.08904023898903
68.92300460819484,33.04244163094505,59.21293014345642
71.04942715766063,29.155270774427407,58.03731699826225
67.2288445239557,31.739899452865064,60.136425311661256
70.95994677288444,34.584590446931315,56.13955313666927
74.24141966062692,31.78120750877983,54.46427627583044
67.0937779825311,30.347132700266073,62.4509845263059
68.7042744414242,32.51255626935395,59.83783370485622
72.4528585948483,28.480605436760627,54.641534675598244
71.11919523892978,33.232655306619115,57.38279005643136
69.43021103028842,25.50794568762292,57.84862199350349
74.09005462174545,30.61884714002157,53.873062931805784
71.97339983112975,24.15785497590432,56.0986062785018
69.07655744960967,30.24570085760927,60.45507376064364
66.2280034534087,29.538995719714343,59.98117205711895
66.08334864220681,21.500185488563744,61.504635798274705
67.24925975062841,26.152121557030654,60.2487442757415
70.3695766856365,29.364720193568434,56.453743487069325
71.525157328073,29.684032947913852,58.37957042930678
69.48612164228247,18.86687785260576,59.40780080291861
67.82789556085326,28.2321785249395,59.787994380595286
70.45647792220238,31.70317046260345,58.229736126156006
70.12538800965065,21.802065133432116,58.16809574501581
71.34300751149948,26.94999317548729,56.48309437784093
68.74329991624137,17.230643535482923,59.93969941222296
70.84199133645289,34.8111399969527,56.60227250904229
70.0736095381788,32.502836950820345,57.49601960996287
66.66639429760501,22.028331603507873,59.66065068734506
68.36097783465027,17.33757713273206,59.38440972056671
70.81069740818438,30.56047008723639,56.13847951325901
69.82573245309273,26.72791743223195,56.912027135554716
67.59772447415624,29.41009864394506,61.403920834060656
69.97945079054122,27.28831798085333,59.825648090546906
73.8455899062495,28.04756863164033,55.3211420329903
72.67262916738784,34.104124133558614,55.11307190138612
65.88808387294213,24.845546091063078,60.16112631022982
71.32068695072763,32.41387372962063,57.03368417742147
68.4987391073741,21.446832047302557,60.39342331370983
73.24546758509088,30.374798982514957,56.97303484845261
69.31233022293817,29.63093365893239,57.1589509571596
70.14167157731059,24.200432044690736,58.543859826659805
69.3589783256523,29.433655600519856,58.44266772382873
72.39214269654987,32.998291260536064,56.21936163707406
72.8122214225292,33.0233977330237,55.350319059994675
68.31724761250979,31.701681896302595,58.789619489316415
70.14418828896234,25.770367273727974,57.01849719873296
70.6091543179453,32.49878988337587,59.10753097651089
68.427152235863,31.350494885981288,60.39999884096406
70.24926298921092,29.282619089604076,57.42222880766009
70.59617241647261,36.35262074365821,56.484723384228396
70.3682104037458,35.56084990603251,57.66524172795617
69.74872819625251,34.43135259851602,57.536987733018954
70.87802416531709,22.6062396017283,59.44823337664872
67.46976354248088,31.90037988040566,59.46885520670065
70.34041332427091,28.119558026041894,57.73381205873789
72.18065200642181,35.10675032840886,56.08957361061223
70.97641431071547,23.51740846126336,57.76845334721633
68.59820978219173,32.932835786068324,58.17679178835904
69.10742813053055,22.372711705605568,59.88525559458879
67.45013881223387,29.961003904201387,61.091061427783586
71.15853580698301,31.445859701736655,57.946113622319565
67.91736005348612,30.879460116908596,60.6648305042702
73.17700764982384,31.094951607819986,57.210652229338926
70.15755118617427,25.657717152416023,56.718946426465386
68.9950056651232,35.663641293050965,58.78810070919423
68.8608207636002,28.693316429357697,58.021336575942215
66.21694022276942,28.1746026995745,60.78659444666471
70.38851450095186,33.003358159654425,57.03004870961159
71.18438844264989,26.612995277719627,56.999526147729405
72.2494981706918,27.147197610951448,54.830175425897416
67.56252381481025,33.591537878829385,59.58013602761884
72.13030946584819,28.9501265776486,56.1289307522196
66.70235257968683,33.09084452598093,60.07211214837071
69.69754723639416,33.07920888878252,57.17724350491679
72.85600665821347,34.038444926503765,54.82528858945714
68.66874846241697,35.66771741210779,58.003689097949575
70.39467172022816,24.826276597053045,58.307032841001565
66.76781732413875,33.12855757110834,60.969933552206875
74.17084274919299,29.604814260200676,52.4483164719546
66.64199591427824,35.571242193797175,60.22279833082874
69.03104414459209,33.12652618126024,57.882827608305355
69.8207858745007,24.206417489816936,57.3936793182754
70.40201684173164,30.27801695870313,58.703821158511516
70.13133391867376,25.71724289301109,58.765243610245854
67.35795068420069,29.175284672575117,60.554445687614866
71.94281346626097,27.98945461842158,57.63204986803035
72.37054429254077,26.799151195870195,57.619898513094846
71.7805493685791,33.5310887457086,54.49410941558971
71.21478795501153,33.81129638279622,56.64691941220505
70.47525225112591,31.697381635210384,56.79597124373452
74.00105192930302,34.850354064729174,54.080969195348914
68.20965080086484,28.066757338718553,58.85451364685629
69.5675485174217,23.2276471282279,59.3711487180075
69.14143238768904,24.741044361883397,60.11653256518025
72.38251921968754,29.1478413932184,55.020512581257165
70.22999074588006,33.316603273487715,56.72574036013471
71.73159787133147,24.065145200415323,59.11488728905166
70.23282496335177,27.997250280815678,58.474679690379396
69.731644267822,27.16586825705727,58.21781703235658
69.34257873688371,34.60694135001461,58.71043472560482
70.04253861501016,34.23679972944959,58.45845505527321
69.50259958952694,32.05036885605884,56.50001607889534
71.10867623635644,19.48423846500223,59.206849392324514
72.5824643996131,19.580114921241417,57.809702447000326
72.67295991175226,27.87287193517836,56.7421696737763
69.41970918272652,34.97166423760385,55.94956685229728
66.91061582252873,40.18358186789361,60.00689146387655
70.49373325046615,26.093478129568567,57.64885114109387
70.38107099443171,23.646253069818265,59.22532281808426
68.8878459501011,34.450018816291504,59.55123324205171
71.91444742029879,30.29728245118532,55.706355597920194
70.24914406478145,37.734873279563004,56.02799071588619
69.57194140683356,29.47804406471131,58.82649671320301
70.33437438950017,28.0983046665756,57.354957780189125
73.41977789698102,29.682955642563037,55.414861020966946
70.5178622689776,27.144201798905407,55.27043341103057
69.25212849263909,32.855167568294235,57.97783093687882
68.11091931607245,26.34248681631084,59.465169583008446
70.42216210431695,23.23984273496827,58.13156227245702
72.40467057589157,33.2620300242156,56.14404989443714
68.38379406750484,28.502234714176275,57.774988821064035
68.1388579530734,26.349976019433978,59.22170623995301
71.81143910281303,27.240344052147776,56.30437685436574
66.02929681840277,28.164207843518202,61.742543249098944
72.33937561103596,24.039189688161734,57.88640270296569
73.50654000964559,26.010565847088895,55.19157095638266
68.90308105737462,30.27373215762689,58.590518749116946
68.59980782923176,27.846946732641655,57.50302777238238
66.2293821830449,28.135768460997745,58.91571487709964
69.68419559616062,24.47795403487606,60.00465441103555
70.51662136266732,28.31940085880111,58.74297010615885
69.22825337305325,27.22882861993337,57.29029321446637
68.4887180475831,25.666566925891104,59.64394331465415
68.37055999629186,32.37516374846177,58.923708880800056
70.5349717208693,28.06649135148241,58.84560800380906
72.6662518567221,25.06585487879824,56.14310560948311
72.7535442161949,36.13446811058885,54.897176950779645
68.60433029470502,29.569863312791636,60.00909122160575
70.78278804217976,35.48533884126708,58.59212595820057
67.6853927392997,24.717290027042797,59.28712021427519
70.9411806834676,26.24882304911999,57.7754235755856
70.09359270761698,30.804783372874667,58.202421982054645
70.59581121788516,23.495565278895153,59.045880613488706
72.61523070028555,34.09461649929181,53.82329254911015
71.47576374540486,27.91830851352303,57.656095839125484
67.77202307598995,35.78799065958374,57.89767863515626
70.39525166256038,34.86366152528544,57.20425047268016
70.60687542313408,29.043884225706606,57.99839248371909
67.32519443849336,27.726891951047975,62.54441117036164
72.33796156759131,30.5679630648612,56.77062404707294
69.27144141194725,22.847523242204343,58.344234142384586
65.6309638876124,22.758238029857026,64.01039721453432
71.54683496776387,23.483454620381767,57.19726087344255
69.92359130289388,20.87434680255555,58.16565337053754
70.94857145943175,35.98580796550984,57.40851074523503
69.15479506672442,30.541017064773563,59.35003995079303
69.6562998441438,26.788801946089528,58.41430835060061
69.95210705912544,31.498009261885343,57.08381275468982
70.32512082071344,28.53361464307875,59.70822832849717
71.26598849338602,36.8755819137274,56.62997284635359
69.95739037784502,29.063228160641174,58.030497431376816
66.42162484580884,27.118745499419656,59.7530415624703
69.09953137407896,32.91462645592607,56.90588425668476
71.49373067031198,34.19811417652727,57.11263667790408
72.04545866425264,36.76173437393047,53.964375781764694
70.63102791684508,26.302803199023437,56.580842822314835
67.80342328217961,29.92205657682235,59.598302375440426
69.7260492282817,33.56248509740871,59.96630733953606
69.5624585382033,26.26974524694181,58.262290026366074
67.51865261890276,22.972167081657922,60.07147622475343
68.46478289336218,34.87968019378499,58.99899060103533
67.45273532716448,23.461105054068877,60.718898219601535
71.77296206900103,33.09892888349873,54.57632968904693
67.18854960143372,27.21243036986737,61.88324930019872
69.74300235349229,37.22593720909073,58.45022625963672
72.25183527156929,26.251111807796175,56.23398921829951
71.11400273356905,29.767961780921283,57.44284356004493
71.10148741831193,31.554391731251027,56.91043641169516
67.86443913944751,21.341828111646556,59.931630811157206
70.53061192745282,32.35076256978202,58.76926146174134
72.23161817884969,26.287147163197872,56.906741573020454
68.57387676763031,30.461171471793065,59.35247707443327
71.27310845796485,30.153763855998225,57.29900807380797
69.69583617200469,26.397891952907848,58.058261987065535
73.49781213372427,26.14518430847089,56.69717028401136
68.06916842663361,33.28331439257638,60.28479338687189
71.09036712167034,25.645665831670893,57.34845752120965
69.90496276783328,37.55836385453948,55.929379061139365
70.62327587913398,30.53038650320881,58.178447490409084
71.62180550156489,24.686378869996734,58.15691206721396
66.52403255442073,31.005836728104278,61.29921717122263
69.86383863555957,27.033775849655363,58.38779718330699
71.08113079339891,28.36588058298805,58.03779351617761
72.99081305250151,25.62122076052403,56.538285319279076
68.23154631280093,32.91511747985524,58.67623830419654
73.35862356562885,19.987449201477762,57.60335042765799
73.62195485277266,21.690669186112803,56.49611796827283
70.29018094082402,28.170109403616422,58.71622001947752
72.2886429576868,33.632751334075024,55.90057833060208
65.22962925095963,18.703715052659494,63.22248119179187
72.108477987648,26.851705108287582,57.23250545523186
69.000743098049,25.972245720080117,57.411763979050654
65.33584840571241,31.12063841831158,59.277646755882195
72.12193150538332,23.851534252462855,57.20030273112842
71.81435459854069,23.890584043751804,57.13867004444616
73.14638041398717,26.776358858263972,56.729371976340374
71.12334093045558,31.3454521850086,56.77577347483903
69.84612518945623,24.289283792604298,57.39990173007041
68.7135227813997,29.31657295049245,60.368491857567825
72.75769722014716,39.549404578486225,55.467596473201986
73.36596988487605,27.406497190479467,56.10472711603529
73.15540041515744,27.836777167918424,58.0524650753126
71.17824271434515,28.273363075788506,58.35175446402991
70.29696556590122,26.151802039315985,57.590770653991406
70.04905552143506,33.52290829710547,60.0255747168827
70.46877876904755,27.10316305623973,57.28774961560319
69.17616601695583,32.05024865816837,58.60934905517867
72.75899686092049,28.007537499183787,55.127381689300684
70.22206999794598,32.50718110724774,58.507771079093416
69.45336781467411,26.34341650058435,57.19076545045976
69.28146358667571,31.778012501225213,57.58946358350603
70.99032508929496,26.9215928154059,56.734801472007334
71.44489672516141,29.743085353795802,57.745506455121664
69.69562248174171,29.279383090999215,58.21379904847658
70.1548478889689,18.19177250085561,59.70873377132467
72.57202628842036,26.88097931594733,56.622832344590904
71.20477744576884,31.74942682421572,55.49363839459721
71.26498572331727,35.6270753430839,56.13605059215151
66.10458245750654,34.87643233936814,59.37705030663443
67.66602825897863,26.560220970597204,58.380432616697334
71.35718409429782,31.64796023193609,56.671015880780885
68.36688323315353,36.702860121081464,59.631278553726645
69.42505621941557,26.07848336431069,59.701268325554565
67.38788005066854,32.77901201738052,58.27409827242232
69.23395627660479,27.870414002597464,59.11953344145996
68.15393604149197,18.226053871580355,60.754531070118055
72.00877808599368,25.061486608880138,58.83874601401766
73.92335224266314,34.03217635573767,52.85778399532843
65.85377498555893,32.17086601893967,61.73510399420387
68.79867744833456,28.20651327776696,57.67147690325991
69.66135326914922,29.32540597223155,58.875331909490335
68.17601548815783,34.4646386793215,58.83906796486887
69.44878172801592,29.240229696808203,57.62803160985907
70.54044979708142,32.35077184792092,57.42323565041081
68.33019076958122,27.853984727172463,58.929485209748
66.5452204277123,26.59696206073347,61.8225685111947
71.79279375863591,30.29710504425758,56.90122849713768
69.81096699945918,28.215217064165476,59.30351656320653
67.27734358380496,19.689212621358884,60.129929092995354
69.6315341666776,33.653165399260125,57.44452877084902
69.72253156448723,28.211773367160923,58.39193950543054
69.83896698255133,28.753385926539693,58.810455336297935
70.02703743604023,24.539481491013508,59.17001770990696
66.9523404698997,23.216079912610642,61.196177533492154
71.83998160600855,17.881285944442972,57.76036839814743
70.38270941370347,21.982513734082584,59.094630636777104
68.51472708519627,27.27987622546349,59.911163873355044
70.55333454536229,36.47856971893244,57.62611603388876
69.90859093082027,28.995039225968863,58.16567034283735
71.71569748142868,30.545624399595333,57.35701201360391
67.42102174764261,40.24027507628439,59.39660311626132
70.49257349273175,35.292465117004745,56.26651832819172
66.48452691825044,28.190961786804635,59.76481313427115
72.66099421735863,25.06208553067059,55.41046355080502
71.26723676984504,22.278978838267108,57.94568850634929
65.45986854551842,27.959630034138556,61.86628601797957
72.40812749487787,32.02382919119888,55.334395791877746
71.58838835369065,16.628144570666336,55.47866699675625
69.93483300201345,24.65020317788185,58.652593496736614
69.06601637140024,31.85661558544978,58.23659393457343
66.58326943344142,25.973188236091172,58.87208704936062
66.84741372076664,30.556007886903632,61.62066278458306
70.66661584672923,36.48142256601445,55.77084176253879
71.70178498468441,33.901763771331396,55.964241843902144
72.99426857419563,25.34093328622932,58.38615954158686
71.85665359062008,24.106308967539547,59.42735163475255
68.20312081256029,26.731413924387873,59.629349507437794
68.17541411603263,28.50984400581829,58.051190353275295
65.33707088774028,26.28399685662511,62.341764655538974
71.82614372978583,18.85319965499626,56.29911230657327
68.15923418424781,26.83986963408135,59.11784678703063
71.01421131212238,30.207945709247674,58.050631247513685
70.1182473238202,22.007164853064154,58.811046622258964
68.80428882104988,31.50418184830119,57.668695364005565
71.1994814913524,32.96968848227421,56.51384020256259
72.25209326363034,21.962871753049917,58.45881033299509
71.52046105635168,28.213616626611433,57.72999282586639
72.38998531037225,19.239531135805585,57.361783496376965
72.25887099708712,28.066518011962255,56.32296260403586
67.20354271204513,25.28894032765733,60.755542906388506
67.79608555004761,30.02200547334761,57.12830893934575
68.9349105248873,30.584663023166,58.75629273300211
67.07426178663356,23.579925791480598,60.3308273013324
69.24675298601929,23.059125366568473,60.74481162955398
71.13223486565768,28.578432034230705,57.676518238832195
66.79179957529081,24.56837318004246,60.96186149022716
70.82080009554545,29.599689704388982,59.818927113140475
73.25580163122552,36.58848632875824,56.44944844108997
67.24164711981864,27.565337582162016,60.51565127121846
70.9796164043078,30.49422689392721,55.23888236708127
71.10139809919895,25.416231753903393,57.93586588789425
67.86165268774188,35.631418351622926,58.641566961981574
74.9689435297422,37.60619820617633,54.556808518628344
69.05774120443742,26.412294534381928,60.274616533445865
71.89210371444499,28.534857131429163,57.047457013421116
69.47058050000987,27.15377958459944,57.61179333997578
72.74090078211756,22.70357475264676,55.302209901747126
67.64111153638542,24.365582258984254,58.4128324205795
66.38081700003043,27.732315008852495,60.135353834240135
70.76151159976806,27.75308994923269,57.09752999247086
70.707118532576,24.63115731848262,57.71215528306227
74.273771709877,28.715817986528894,53.780985905532745
69.62833788351458,25.82661566811435,59.19711250374449
68.04857454159529,28.463932056663324,61.38393150386926
68.0038667708135,33.91788806642987,57.77098398069106
73.81136795402749,25.220246059964254,56.336451972531094
69.22053853684884,19.973987015742885,59.33200132176984
71.2343333144454,27.56151963739882,58.064967575866746
71.04249719690112,25.87415338363548,55.74721171381917
69.12568405055737,30.384580287761892,58.924609821354466
69.4546756167615,32.7233314019406,57.07372951811212
67.80671164266249,27.653839955650344,61.462878502976494
68.46331574731359,25.953815852373808,61.66267747769179
70.80844014240544,25.142221936236872,57.195916405991824
69.91954728837526,22.94951100520702,59.17309063216426
72.23634432027701,33.56983988005575,55.53000321352005
71.78399528779127,31.49310862906135,56.86935142029164
72.84649094944743,30.68418941422473,55.95783778547473
68.68366130464572,34.14495375261983,60.37123355494559
70.7870965564732,28.02191831985732,59.243580721236874
67.97904363907624,31.40149197757844,59.5406664551312
72.17440144191814,33.091219131223966,55.996266361667274
69.83999748416595,33.24109591449409,58.293567868419935
71.20617869834312,35.59946993472923,56.570203223638195
69.08319420973818,39.65448876886215,59.12356566800648
68.84249272404138,36.117200152727676,58.25570421242453
68.12024227249408,30.317633388264703,60.34517243359198
70.13536101617547,25.426856707058654,57.69764637048413
71.46283033251522,27.25217771028278,58.24310277612979
70.55251119860176,28.730858857766382,57.76630956358663
69.33945822058239,25.187988195336317,59.81197938218295
71.36574943501931,23.604483106625644,56.98597314691542
68.39134792513427,25.409230956077256,59.75450724541381
65.74324543557805,26.621376971555026,60.701063570616796
72.55858248349867,31.276234285102607,56.28522323013923
69.51186987202507,27.28021126238542,57.84027351357948
64.17101339894997,30.802893155480884,60.90303616355898
69.27013560680986,23.025697506813405,61.461150827557454
66.97033097451614,31.050377004226917,59.951270317605456
75.1640114207083,19.701022125853747,54.82431291756094
69.83828348200268,29.72375430879884,59.001350218278596
69.62339679216471,25.9539757492217,57.659626452494976
69.99438171452813,21.3456841127118,56.90019681418908
72.87589920077092,30.281816549655154,55.976712308917364
68.21312054302493,35.756985678409976,58.691248258459765
67.23920280187704,37.31028237834162,59.69853261507808
69.6205411999129,24.945212401646266,59.23799141571658
72.13102558426341,32.94538760082123,54.78752301306192
68.62949850714553,32.39959453944468,58.65030472448415
67.71318428010782,27.155175143246172,59.83577465540606
71.87922281906464,22.38774671107795,57.419230577971
63.27118407485818,28.05846507614806,61.79218052668462
69.60842127959647,21.42029496110068,61.049840463103195
74.10367971544645,35.72179398578901,54.11706433382962
70.7167460769817,37.25586048823984,56.40970430310661
67.9512700811461,31.191303813147833,61.75360719942712
70.8399060241415,28.023697694152354,57.85664874654105
68.94843341864672,29.17000294297029,58.77229038052425
71.85913481613325,30.89768457871566,57.71742999092305
69.02140208218057,24.25093340788334,57.98813607403105
70.18046511985804,33.52224952402329,57.199277079744625
70.7405668395217,27.43871773582606,57.47682645474712
67.35755164922081,36.15258787020264,58.94636890126645
72.37015235000686,20.57943552676926,57.88911409097253
67.3455242533996,23.6492903308517,59.17301204110584
73.01037953434788,24.545055509291437,56.20325378640914
70.29706353580622,20.608015484042134,58.913770013717425
66.47179418613112,18.88728451826292,60.28923562122799
69.35970889534167,32.58421618664975,58.06492069016077
71.10807217519215,32.47005999462402,57.93891585578678
71.46323397774036,29.65122699534732,58.13340568704745
72.84394510534702,31.913706724724182,55.635601221877046
69.51223143682294,30.48887445977286,57.692346754423944
68.3086131348563,31.63976081167497,57.945419595629744
66.48534776729558,28.79852933607482,62.04190347741584
71.80049842246545,24.6284034665896,55.43915105424727
73.42945879782579,29.661921772355207,54.28042412193857
65.93648029070859,30.79137761137403,61.71408436110122
69.60856892658555,26.07673836806923,57.38956220074492
71.94383407853772,23.679994601419807,56.21445578525973
73.89629583202387,35.25666524616678,55.02732696514516
71.41260081276181,24.20785381702752,57.20201116933774
73.4219656608618,39.71110701397138,53.97181503271874
70.12518066829742,28.028098850259283,58.666637301557124
69.75294679277383,23.022764358040895,57.88084557987932
70.96737105258934,26.98477596057031,57.28231941836678
69.24841278886028,23.811121643365798,58.82840363660918
71.16833119791843,27.771587224694727,57.801954899201846
69.67442116800414,30.27966189587459,58.85522530566256
70.25167198551235,28.52858892982683,58.6697143879467
67.99162126386602,40.68527005766381,58.59136455618399
69.95719916524028,32.75284300085583,59.03726151133617
70.7559530004187,28.043072081898256,57.99633016220573
69.89317015421105,28.85161042286158,59.05976415254356
70.46363761091855,26.184203566485394,56.827770305325416
68.79926724827064,24.151172827971116,58.68476760338878
66.79264401104228,29.937641237310466,60.494884807126866
68.43112521123042,25.032140557304604,61.413402827391224
69.69107677376323,30.062920410205855,57.83912396526897
69.4861919230942,31.097834269997612,59.9585787332301
68.00114016275744,27.958555852706624,59.16828185265515
70.3059044050567,31.4414330694115,58.045788222721335
71.5692703812581,35.98293597831676,56.37974744482121
70.22361848839081,28.73252423891505,56.76556489889522
71.57842289332922,18.350285269874675,58.56952057315342
71.19774208813081,31.108675707206967,57.502221864572
73.19757926073895,30.065651738131063,54.97824745690615
72.70533870396572,27.84115241767422,55.7403585709267
71.53357011256651,30.794434047379138,55.949575199698785
68.20935140033022,28.47775727349992,59.5038763459978
71.04708102334122,25.346857820747804,56.98343689542807
69.47129944015639,33.400089662273416,59.056626114768626
71.9168238192445,33.171572933314785,56.74667285376881
70.55996511931183,29.039359573663244,57.731925483076715
69.41441862865626,30.100471344938573,56.01419268244491
70.22014596239629,29.43598696196504,58.929540165616864
72.99733854735828,36.98991511546694,56.151577541841995
71.42660211202202,35.24739478339353,56.67502282139286
66.1726896154216,24.35673166345092,64.13719614699409
73.30846010349892,32.17378118268652,55.09097088057399
69.68577908398605,28.549463777276713,59.05013219409988
73.22544461120006,34.54199228242627,55.3979423685029
70.067768418214,28.11242663858065,59.45288320835063
71.81124280003793,33.09452295960688,56.434232403639236
70.09366430482766,27.84385325006155,57.650404084118534
71.41061567864129,34.191170646363844,57.16815350907187
68.13509395424128,25.082016642450586,58.71097325788291
68.48009410644129,21.959452336042055,62.1542534020523
68.7442165903127,33.667343939833685,58.67596402766334
72.0784035423401,28.62700695806617,56.49442952015922
74.3163590565354,33.94314711089096,53.21880832766113
67.08351952971869,23.876415004708207,61.55373319422395
67.72268277397606,27.256474801806448,59.61368661378365
70.58330122683549,30.446588492084608,56.95137968411661
68.60965203436692,33.35718716699315,59.709910164935316
71.84016699266779,26.13401193969484,57.21414065338461
73.40439995452664,29.254680873684787,55.17673173082287
66.7617055773231,25.90287539943575,61.73136038970106
68.07852170236497,32.91513797885599,58.80124251868462
72.06005044297991,32.46306106645508,57.91660568712249
68.93128621908117,28.234988428013025,59.758416070664836
69.05062421393143,25.999498615324324,59.17690271751829
70.26930538876894,26.469849568906326,56.84668320518943
73.5774306063752,19.811499380529966,56.78643161550972
70.06657321400547,25.26788940769159,59.04539142892416
68.53215209272993,27.474828224431896,58.675734339299666
70.39609029723452,27.859146950652235,60.857707883694516
69.80891690788431,28.363558237634287,58.48159767093558
65.60024607465579,21.664619506635503,60.87953847833922
70.61212156798612,29.9893255928508,57.0901304639134
72.92990424004908,32.40049785054222,53.94750234062134
71.97658441804953,22.765342716962003,56.97666655099265
67.13260947454893,27.64376652108902,60.01600481131298
69.12993590871005,28.556606093932192,60.5957849121746
69.48316083566809,25.869890908202823,58.489403294542925
70.22307718250691,31.241505159713974,57.90979865468765
73.80723902793048,33.38605867913434,54.39703788853126
68.73328839930478,32.083976075269966,59.8446378285389
73.86309666858611,28.547238597235715,56.92420053518467
69.4785365334273,28.199285864216286,57.92776875526823
74.02658222156337,25.05265953213585,56.47313860742307
67.03826359681462,24.10690901582371,63.082487095462646
71.37164984782002,33.467364851616274,56.068817943396695
68.39636121973629,24.665378846133642,59.0639147810836
70.1289047657,32.02806518306484,60.45417443285703
72.46097303363545,28.681070552531633,55.18236734966473
72.65908420985265,24.368626621674515,55.87293294529214
68.84490058919707,28.275529227264645,59.9266941090797
68.49425978565048,26.278849458759577,57.951112908486614
67.72905249612366,27.871486465563738,59.77462583348352
71.54213922660799,21.622183379528554,57.26311642794154
70.624664187065,27.125607340438524,58.34855923597048
70.3445443023994,31.90587932170581,56.50603545898678
66.75907795854091,36.705028323809245,59.571519627937654
67.36688885551962,28.394922974378424,61.28147056608652
72.3338323034317,29.59150239311938,54.93979171446402
69.80453644655084,24.65303039593332,58.27711278769124
69.69997382654729,26.16458167105509,59.15916860234407
69.153271436586,23.016855553748137,59.26062189580859
67.49046605313926,31.12881403979533,59.68027725248218
69.95639329059195,30.51047211790764,57.84106438919967
69.26327346734475,29.927857187772926,56.875971967333925
70.43582055586957,29.33885844029719,55.531950737537294
72.81152156669101,27.64215183489438,56.72848884324892
71.4368136047957,33.702362132394285,55.98950576347825
75.95704044371388,34.476787336498184,53.80013472542406
68.7198423210305,26.789873850300065,58.268260102142754
72.28643403219925,27.79128155305968,57.81276715677332
66.0092779097275,32.993770855982554,61.37842235916221
72.36522664341562,40.559523635579055,56.43691966407261
67.55880055353397,28.345612053017206,62.28776605096734
68.57078044660733,28.10964756072367,59.37856790692335
69.99922299410075,22.020881132898076,56.70623949857985
69.21168959562401,28.468395808093035,57.46089126633434
71.49830185225004,36.43692662906567,56.32957158235678
74.00891171125878,27.999051226324656,55.98570297558187
69.13203256285686,29.28238428037135,60.06753188225092
67.28195382061789,21.711728932057035,61.63972064282079
69.03679907647042,33.05117225366316,58.32039391723646
70.4904844721042,31.499997669975876,58.894741677000056
70.75885944796542,31.33780225730533,56.98286551971157
70.45020574380156,25.411713054679346,58.49901674697514
69.20248189137274,32.2442573313385,57.12042890684395
71.33075169460237,26.618800891166163,55.35297295848327
70.49567265776632,31.97132323453077,57.12872073966478
68.88298398094014,26.377643112418177,59.901826801856856
69.01437700168378,34.92224193828162,57.03327293736166
69.38058796191555,33.626725578521835,58.10417057522828
70.22912416812198,39.780355113548595,57.30919282901311
67.47016506684335,25.902274175230502,60.05631336518252
69.0162603222379,24.402372696841816,59.81423459061413
69.96865935004168,23.275179533009844,57.189075897796975
71.44205969639907,26.024767380001084,58.60660602982793
70.7628684870767,33.652482207806614,58.63894275921001
69.87405398567938,26.81003686089384,59.46956385259658
70.68635270744771,28.516503364070875,56.699603332550886
72.97509045900338,30.168395267514857,56.560848172156696
67.19286058781772,25.649622039481102,60.50781816286951
71.38518455876552,36.20998071207024,57.89817421533272
68.26163710520348,32.41165250233951,57.017975514033694
67.79472936525711,22.157238488314416,60.156110928443326
70.45767915182171,30.912945662166557,57.22165906836616
68.52527213491005,29.761696649198953,58.11971748854572
71.0986581128798,25.206985484577114,58.373785251180955
71.60368022101605,35.6964065715281,56.66753943906647
71.58776454624828,31.37087074722944,57.15162712581234
69.23278907534919,33.94117027961472,57.73045037974947
69.35331124361096,24.15072338234056,57.361173468331074
68.66530637185953,20.952114911158453,60.12336671117692
71.90265968655837,24.61535622717311,57.33708236284831
70.08869708551991,28.454642425996003,57.63607416124572
68.40886852191694,31.269590359137045,57.129875808947055
69.83008829035055,26.52711114136595,58.256518906234064
71.8099193071086,24.413042882090412,58.6801084600223
66.86875249947089,23.420710965834466,60.8506620334657
67.79266663744092,30.986325748677817,60.522197348349756
71.59647068904329,22.515647956228122,56.47476949634438
74.55649779322735,27.010246763182725,53.70818276916622
68.5973296047568,34.23703869541632,59.30841776951419
72.23091715572905,29.288669382087402,55.24808361217812
71.80624773985132,24.93888501448218,55.88216149376437
66.0656633992362,28.97563770794002,61.90825732833719
66.49845047914316,30.012466907436984,60.76678887522407
67.03018800617156,31.33129397987137,60.949805933151474
68.19896698900335,24.72161409286949,59.637270194172125
69.8312531186146,30.15262649964692,58.43162594366692
67.24989747304119,32.55493811151972,58.829214275823695
70.14120912237549,27.141966205316074,57.61434357031728
71.39288934272395,33.30554685402492,55.729144194186176
76.75468938020073,32.950205833497634,53.41268392602202
66.834367180683,33.02948314489238,60.98347784768547
65.9705122642501,30.206124406192927,61.122829211994926
68.47633819854786,24.3178765173897,60.35501638405098
66.64609975423485,33.483537920658875,60.15698804573588
70.70655145400025,33.32414972352025,57.55441399828506
68.26322044213468,23.838464394190275,62.06740149644828
69.0553957992469,22.86887600907112,58.60912950187938
67.02724166064054,24.42232241198028,58.666139194249205
72.41574546463106,28.217187230256144,56.24205527770153
70.80732066684743,22.75989284789791,58.60430848387311
68.68194743376928,14.728321656724967,60.44174238317068
71.39485147312722,27.346220731891474,58.6786528291985
71.98277159027641,31.940625534053133,55.747003121366184
67.21063563178397,30.915304111996296,59.4455302312452
75.02128931643068,24.84906065138219,54.93571909766302
68.19102060031129,36.415350718741095,58.15020705466942
67.78508985209544,20.073191952455037,58.833551957221616
70.5942088498095,34.97295922787892,57.865284153514075
70.98470411134934,35.977800566559836,57.07357729729051
70.9722096260659,29.83992276310923,57.102208816132006
71.07009497978909,22.209379196912252,59.91470147674353
68.14888838921873,36.83880060523372,57.44681806258861
73.10475053726358,31.353060783413987,55.650497584413635
73.71200990437241,21.23531138506715,57.5695401352744
69.20156679324795,27.09901646879419,57.14303013610534
68.12499493656351,40.27075570354977,58.05447993928588
70.30244510935543,30.19554744987553,59.59187521722046
68.86436594679036,28.73394070563087,60.71974349298811
70.11942960448168,33.95058769975506,56.74302353711609
69.86307828224066,25.972835014596168,59.48499441849639
68.21888777997499,27.49809830260891,59.385372148725196
71.16999587728745,27.061591828226952,57.50640043939353
72.01309557616692,26.569401256307078,57.5894862112274
67.19578545591618,24.35096773964215,60.88095820838393
68.61337935397873,24.502476055025404,60.09747330906666
65.21348738761594,27.865400774011746,61.08462406501101
68.20014949366086,24.446842159399296,59.480976313589274
70.70500548417318,22.335645112060742,60.31301027493718
72.32483584770682,28.00278637497838,54.67429543080932
69.15484708170928,22.39278497025512,58.429588504775914
72.5246483768644,36.519846876806504,57.08945657669592
68.98791706760205,31.96922079424739,59.85818590373156
69.57025821391714,31.676006721559986,58.51109559432183
70.15084292831484,24.12419521991998,58.130100907971084
69.52439609900553,27.07705665300074,59.2689466479297
69.18908316996381,27.058273350596576,57.24400424152541
70.40729511596145,26.664652618943116,57.53604765722551
72.8472790088869,32.361994092995644,57.1110940600254
72.02948791398867,32.67955626447489,55.187671083096774
70.20976353756748,28.34427159584785,57.50410186184978
67.82483273555684,22.218184248816616,59.71272588230611
67.52796659684792,31.753792767316458,60.1955635522921
70.1201525416335,36.11742974577251,57.41172832284338
70.01762915280324,30.181161226056226,59.810405974806756
69.99033739577496,25.348511517491502,58.25531752977325
69.30890473670969,30.503821687568664,58.15753482055962
73.51010999675513,32.52420420348955,53.65532660488052
68.78913524446422,33.630554458614796,57.22576701140573
66.4935182552358,27.358478904828857,60.14156359686482
71.33262986200978,37.40863906580056,57.44787720043437
68.32044232670235,24.486938077233603,59.94198036846706
68.72147917872985,36.27618974445292,56.937718363003796
73.33189740520284,32.45386107369716,53.78347922688027
70.24721511809678,25.32980715932316,57.07791508240536
69.23467227530786,30.253381466814847,57.48293955448872
68.7942577382876,24.9291556375777,59.377915343845764
67.56309811901819,34.770363312209774,58.77953930583318
69.48812969602996,32.8350665560634,57.217920492552146
71.23868127019679,33.7130803817077,56.26295309902424
69.62880296033406,31.988546641067277,58.0924325152027
71.05703536211348,27.024034360022316,57.55115786917198
70.37546639075607,25.13072432526183,57.61226070152716
70.73274763576825,32.14404547889049,55.48828459824874
73.48179347116638,23.3002190296884,56.62438437769332
71.94029372010247,20.495009665801753,57.657159636468556
68.08483575866468,29.504615936067545,58.74119128917822
70.82267630576696,29.794232337466692,57.6146204832759
66.9199048253804,19.99415274839156,60.42512894420903
69.70782631699144,29.450993844547355,59.28690304287009
70.5462640626143,34.867609780235206,56.39573204369319
72.84574117404591,32.09680760280004,54.18620910561414
66.62891559244221,32.61752137059233,58.28483240430303
71.09587029758944,28.43914985855583,58.030702355777755
71.00366240977799,28.324647477549682,57.30362493407213
69.00743695247384,26.37381878636159,59.6316318635784
71.07709879163089,31.38127847832018,56.67889116222977
72.32123077678595,28.09082191918573,55.36030456873412
70.3068200404393,25.432016067841705,58.61547238202643
69.64665853650368,26.494507578309975,57.059074534789204
71.19694681675354,25.922723205283422,60.60745109432482
67.66886113281414,29.543851878794552,59.59891651117165
71.96258702190113,27.562656083469165,55.75868553886749
69.93762205826444,34.18245563186699,56.4496704272244
67.92771693142123,31.769801020607225,59.77754679253082
71.38528348266796,28.595540638398294,57.897690860399535
72.27757308306488,29.125329976044934,55.07035710008603
71.23823930651656,29.10201555575563,58.615660048401004
66.6824846015375,26.810398467325232,61.5625297797569
67.88260558104434,29.80967879167629,59.21342185031083
72.7409516132681,29.566394359790923,56.94550481457486
66.67305041713108,35.33722069799157,60.820299561482635
68.3717302850562,31.7266763605603,58.25482103261482
69.75109447213705,29.451140474188954,57.282684528452236
70.9421977363724,28.183442744973632,56.635159953646784
70.03118783975509,34.2909094947871,57.83251838279763
71.65193068298215,28.162904879861113,57.44641154478592
69.73621708310986,32.29911317341039,57.789621667402926
67.60935606065826,25.86740258267791,60.38503996045638
70.18202461899759,30.18176659637997,57.12996843493428
72.90755133707785,29.209718570544684,55.23142647546485
72.69190438741742,25.26434559057921,58.318733465575576
69.17206676304897,26.14898825444133,58.98928332789103
66.68420447189453,24.237133886351344,63.44886881681312
68.98741434402376,29.07861176439232,57.277851430191916
71.43911222349412,27.838942443334492,57.44163920137467
71.06809495271034,32.63598286757539,56.632665627890866
73.31566807466425,32.68882568970781,56.148797253347674
75.665879678413,29.64469116316811,53.790467865159705
71.13884427169074,25.70181269691686,56.353180109868234
69.85281754735514,21.30757670800657,59.9689532398557
69.95110305052788,27.78029398922427,58.14188513692716
71.27141321745044,27.837093958820127,59.09128890500283
70.44556940772456,30.754954592276,57.90018205322299
72.07163194448357,23.479653634443515,57.25845158279792
71.46786928526896,29.95318767827639,56.890141655548554
72.05766082712962,35.96220594915244,57.118722193142425
68.59227365753675,28.62570486052578,59.31225176866055
67.39947096530021,34.96627959690727,61.639421370739115
70.87331038721845,21.737216116698686,59.299932717344554
71.34464780529439,31.138977577806415,56.63475881355526
69.42179589811143,30.272013438424505,57.28246375051346
69.47332959098158,38.414636830984264,58.026573030293065
68.72238362825944,31.06671980759822,57.829546584038034
70.50382623917318,26.08774840562655,58.987522087928824
69.17541034147976,34.29459260777988,57.64542529611921
71.24760756914459,24.126063881894545,57.162634952361884
70.15866923516644,30.047159833290095,58.23829946053336
70.11503959794838,33.07781575595004,55.86943653798269
65.7503053508152,24.69572129719097,61.90442745737749
68.30737146819911,24.980858537421412,59.04537962120313
73.6248719478738,33.50160677724056,56.37028059595085
70.08971604923848,26.27640151225866,60.0080435219271
68.06780478795103,24.904289384749077,60.70701811901199
68.84817636275396,38.739582203356065,57.83169274408329
67.41472361543168,30.39061240143634,60.76092288895936
66.89713623602768,30.2814601740221,62.59467499996426
70.01888569709676,37.32270709528815,55.555003926571786
69.48847265954323,30.350157258873637,59.498138150696185
66.70140935974382,33.95902724414182,60.20565259965385
70.16189110034209,35.9586075718287,56.43670365225784
71.20372415750558,25.025033174669936,59.30745471148477
68.7253919186586,34.60311103511557,57.11221193621847
71.53222052014982,24.570021525482534,59.96595674268833
69.5019810705361,31.6161806198873,59.01734202252128
67.78682927053404,28.181039979263268,60.06607922440659
71.04934094607762,20.46084969788265,57.24480921077866
67.1472303909301,28.737436495390327,60.3046271809159
70.23597982300822,23.95901961325176,58.64578373466848
69.84141525290367,22.413006404679958,61.4421510172298
67.87763577449253,26.234345800797882,58.64404745704865
69.52248569568029,24.280319656325723,59.96970184331762
71.19992970558948,30.808596672203823,56.857936949790606
71.37503094275552,29.795098579895313,55.90456802915777
67.90496322109529,24.164073268768043,60.06179556701049
67.26989776164386,35.8999380173947,59.45768848408538
70.1154405224174,30.296583126202147,57.440932395221544
68.92187221178817,26.70724206777213,59.40123344007166
71.94960592671596,27.286833844827846,56.83807365294102
69.62046456116798,30.348369631746387,60.38767304432882
71.78008411238038,29.095095957525235,56.433066550893734
67.5117043390247,27.097004618707405,58.35602736366067
70.42485587608788,28.607501052622585,57.154068657542155
73.3470957943007,27.38010596108317,56.786148792846625
72.9126876665036,25.553778101801974,57.8346440256159
70.90975929109848,32.880671158448294,58.394742445548374
68.70892069664204,25.570171101390663,59.71148217588239
70.88837670520435,25.848171263193873,56.04088268146293
71.2150247816963,29.657476301481008,58.549695785861495
68.43600550543674,33.71592808733587,57.6382001512903
68.79134548735568,29.438783689448037,58.38562326941377
71.18319920299034,31.709946907288828,56.82112656120495
70.2950629595276,27.656834042186677,59.27302619283129
68.04115653958803,31.450427491712556,59.37309298401235
68.62490937949953,30.98570646746328,58.89428339912041
67.86210996615587,32.25293939924611,59.67666908285329
69.20738985482514,28.85375634490764,59.7422844410211
72.6772206197856,22.037483198202068,58.08845730201878
68.83042146973519,23.55103345191213,59.05949616303748
67.58934947423097,26.85644617451126,60.0318267119579
69.29712836509687,33.36966884465093,58.235531047912374
69.54318076535688,26.700540098424803,58.169760950315585
69.48829169886527,26.7688974151281,58.71970896047348
70.38027030020218,20.447756959996426,61.03258118271066
70.57967336259335,34.935362936126964,57.12885067288696
68.70218482382789,35.06922682782936,56.29971300885795
68.4310082287717,26.014189296879024,59.14694336208411
70.57949064047078,23.537312798454582,58.52384270213997
69.01514246994026,28.98937516314584,57.53005039741466
72.18219932770063,29.69946383770532,57.194145400389885
68.85940966120398,33.974533245136044,59.77706703523044
72.65108467936706,27.18829315927551,55.32274218912163
70.96586961437694,37.70531600225088,56.13297992080727
71.88711100132834,28.893510443939505,57.17886298763665
69.79899878577548,22.700496330751356,58.50274917726891
69.87186746044101,26.358837111711956,59.83943802748511
67.68417716406252,29.22328652679552,60.11201539950168
69.91606618977836,29.9409362755508,56.743496361697645
71.43040395190943,18.586632344535904,58.74201759955805
69.75612005939303,28.12757776282647,57.98106416945239
71.59167552734091,30.333469080654805,57.4424392226075
71.34956151502644,27.22135562197111,58.392410306172316
70.59270046024176,23.67146387088774,59.71902529948455
69.18516086585379,29.723664399636153,58.35118357710156
68.30257150056906,35.22224863336367,57.42957975724822
68.03323032117581,33.229918906601206,58.19188352832369
66.54974091606812,30.459049358415136,61.35911391701902
66.80645888365954,29.887961380927024,60.210580873729356
70.88576489882607,36.918441120185676,57.15539412152987
71.15244705265283,21.27975052528599,59.45337002280214
71.79820376972265,20.650368276495712,55.148636786312544
69.96134239087709,28.580137951739246,57.50915836498892
68.89799044943933,25.27816661288209,58.34053762044898
72.62186897655562,31.2439388385019,55.32613181750645
71.68816265904086,30.98958817548716,54.90544413948423
72.73191114465438,34.35345956832665,54.90657256033583
69.54742216045504,31.943816817552797,56.82036990232758
70.89205283407017,20.883258575094075,57.09809809444366
70.35723744795602,24.77322196008442,57.43004105545168
68.67629933417595,30.83105454541314,60.23721306220376
70.48675354379459,29.947302991091398,57.54099873703007
69.75173709845708,32.05699793207422,58.182842432998
69.53069543298277,35.94110307100521,58.05532181598386
72.81875806911505,28.980711414666967,56.9594984118156
70.08822431589701,29.36530009086385,59.88639082954967
73.26459283766441,19.941294873483685,57.3708813401473
69.5506909055592,32.929682800242425,57.755214015150244
72.37692145489898,37.677315650158604,55.23804742819025
69.31882158256668,20.38472354594885,58.30826855022854
70.61551814679083,30.76216600565495,57.90447639424089
69.14597044002146,27.85486094020947,60.2056563927469
72.12778548098636,29.59544739229375,55.339888864803704
72.4883519602095,34.09675761554901,55.44460686236519
68.08796449480131,25.749630355428216,62.29486930840042
72.16423687638267,29.125167817528556,57.69361850159201
72.88794923550506,17.444887824838496,57.26342744415146
68.29321281647073,30.586622320716515,58.29011190722218
70.64415745968014,23.76969391132482,59.42218258868584
69.16423408666435,25.72196215770169,58.15820957365015
68.49037963884497,28.670255346933153,58.55693476606078
69.128498617224,28.9064377976032,58.89537311775555
68.91455506291129,30.288789036284204,59.648183511216445
71.97667146529709,31.709867392302762,57.97961390569736
69.93423322549428,30.18791625592755,58.62996822824494
69.51892231517856,30.538726965006926,57.15260775397652
66.45995929043576,27.298000351439075,61.5733135211827
68.78703242936058,31.650432779574754,58.877217320839506
67.24738828997742,32.64907717987892,59.845271369184374
69.99377082372744,20.65671371076369,60.03240876942296
74.27836873808201,27.116308962882194,55.245512028747314
71.22861202992092,28.2757724241936,56.54233677932979
72.91901741284568,32.57858784998327,55.100584830542005
72.62159916971619,27.895664865889476,57.26783522678048
68.9842509864015,24.17593112363803,58.38745550236095
71.29726743050122,32.86860722128188,55.49134900123168
71.12348481312182,29.880664772647222,57.858571133143705
73.42748774705532,26.998468718363,54.557813072657865
72.63791984076781,29.439459516875047,56.40186874870473
72.46593847331235,36.02011865822293,55.87522489058289
66.80326742789222,40.12840652891601,61.00508889367457
68.92923801081835,24.50105426009875,58.10281532427947
70.99688591808905,26.81223931604471,59.277421071978004
70.01240026948646,25.190492592471127,56.870607580040506
69.83496970694189,28.662707019968593,59.39691944104091
70.49424274299614,33.74195387140534,58.04649589017645
70.9760085333485,30.151643168226112,57.273569533360956
69.04689419415132,36.06161937270604,58.07854271745403
66.43241671426912,33.60818562698494,61.838098296069276
74.68464304159939,31.495657445897347,52.393849717480315
67.93254584343387,26.463274710602697,59.69782489198627
71.70527671211919,32.597183366121875,56.45934009804336
70.31511499722399,25.243783152530845,57.351041145477794
64.45402873127512,27.724612666274478,60.21667825933686
71.13097551071615,27.343821243289128,56.673631819988756
71.06723652917489,26.15608861214203,57.85697939894664
69.23778676567488,31.04536415558344,58.49488266495072
71.32044529942321,27.173904251642714,56.54325550242696
66.54629644852781,27.45959442780312,61.95899054832994
73.91761976350647,29.490320224351304,55.70492943492506
68.97464778902224,31.88897921113968,58.26791395453941
70.33887132853519,26.959789229196303,58.30389218555257
70.06039963663392,27.30235282041149,59.323550030253685
69.07714678187297,35.772699275460646,58.21033237982367
71.11683510383482,23.359084029076275,58.54314442240122
69.42902924835789,25.507504105035366,58.79761713834574
67.44242598037174,27.551409084351544,61.16614832628458
68.77838398857031,28.312798332943863,59.60140440751544
71.09926765922157,27.51265034981202,58.809413255047154
70.50887465643339,20.636111735718593,57.230978506823824
68.98702974955124,26.91555490566884,59.605808731506706
68.04538436929825,19.591300922871955,60.0846223654943
71.95995363340081,23.016785960298648,59.27622703436519
68.77373935065958,29.65044779806994,60.67639737465075
69.81329527325147,33.380702581238786,57.311092509304835
69.64913008679747,27.641491101554205,57.84870853981601
66.535853504851,28.110921691739648,59.28839782983946
68.60713976979912,25.73591098256532,60.290705883010794
71.32141967980898,39.72348985830839,55.39785928001962
74.3851680270894,27.26562756036791,54.42582947010859
73.81588090326919,32.107934204359495,55.434914469545944
71.11631925841473,28.73089079067381,56.90690967433334
70.1956019010506,26.040704594192352,58.890550476717145
69.49119443083498,32.938695006407926,57.63740055431225
69.58526231447668,26.29216172940028,57.73551750337844
71.16080104287649,23.885527459736426,56.529382323076625
71.15213102818221,33.024081452730684,57.19950375604186
68.27191894275948,32.19061577256536,59.47467577025541
68.10958793652965,19.635939349733505,60.100356628942535
67.45213053573418,26.03157288960016,60.08539165695285
71.09355965694093,19.846742654532573,57.05298929089566
70.48193998232531,29.399832266506934,56.367664783089154
67.5825128062215,21.501178724274883,61.39301527561102
68.2103793806542,30.460900300904566,59.28726290955026
70.77450324456322,26.703027693215226,58.644203029294594
65.42149797440646,36.489380823307215,61.790206350136685
71.44295525198798,25.7135530127073,57.90046451890384
65.9568870883978,32.33331381158296,60.89891425774892
73.67405086843951,32.88900451881622,53.45233998547831
68.58942231176776,29.834681321943762,58.16523508154536
72.40068685051557,16.383330922973123,57.52594124997614
69.63871173539779,27.026056703382643,58.003508908045916
68.60473181384879,26.436416494416697,60.94241819284623
68.93815135969734,28.42036910264619,57.08660624119972
69.32229402556638,26.44126015949731,59.85767255988657
66.38871252560152,23.529112018533898,62.26176475527498
74.17379990246621,33.805392871649495,54.03175276749657
71.0089926517845,34.15053502550532,56.0723439054788
69.26413724747091,32.0099817384976,59.37635132055133
71.35907865170978,34.76504510587402,56.06920326885567
71.78786810843862,32.1846691135984,55.869532686011894
73.5122183956982,24.554291452522843,56.39331871134933
69.92129933439625,32.08519193234967,56.36798866923987
69.43808331687754,18.86639431820069,61.316944003362494
72.24695642406873,25.409743152108863,57.58156936208646
71.58706049119726,40.80318263609127,56.95117905168733
71.04901140245853,42.06603293474194,54.56850781841064
67.67718819502025,29.559064347226197,58.5942617837036
68.61905220042583,29.64899314857714,60.49282867383956
73.17199958521957,25.939202980469613,56.818882910657074
69.356473093571,28.658746366001573,58.20758338443321
68.2209605990143,30.850702127139545,60.40824010349882
66.32638394843434,25.195492249562076,59.997247479928944
70.59208294186769,24.500242261183008,59.37081137092499
70.21527844812722,27.516497969646668,57.52368502552369
66.57602978131304,30.172709600607448,60.88544647746368
69.95654220719948,29.941297544990892,57.42827050264252
71.22222530955497,25.08538603813229,56.816064219722
70.50215166784432,36.47018369797878,56.879282638698164
70.57811365461018,30.21808233216164,56.64576923352877
69.35935371746233,30.63311104742192,58.20327286582188
72.28983076019956,29.62844991302218,53.72378863807708
71.49750847246929,19.33927028588176,57.72970357549653
73.74319510075479,33.9458333798042,54.14838210799396
74.08969209338942,31.51615936193976,56.60408882147555
66.62215258871502,36.70258776013596,59.79332269355052
73.26224987466942,36.25255690696511,55.03929433221789
70.5762007817866,31.893955225203154,56.97331845579963
68.64261774710187,30.950601631219747,57.77309418464241
73.04745223982516,20.016539981439728,58.39973078586514
67.1549801723491,35.58997426936712,58.83146948642065
73.29711883876787,34.32300498443815,54.14743037895326
70.46319301698499,31.1705972907778,56.47024787195777
72.42120285829492,31.22161806994407,55.90926958671286
71.55446129903538,31.652638630138178,57.7456517228112
71.1254524570138,31.07215172644521,56.845905068022674
71.81056860453175,31.95841962641135,57.48756172519397
68.24061585786347,24.835002081203086,60.59691531442352
72.21795589198523,32.59475739059371,55.086995928430056
71.18525885371885,29.72383646591494,56.31570410713153
66.61537890352007,27.968352336673558,60.98102531964834
68.93401396266127,27.728020157293408,59.300005326423474
70.5571698739752,34.463904248625916,58.44045126709956
70.11629024945493,41.02753048712981,57.13897650917104
68.42526157328032,35.11955160470135,58.74660371107544
64.71922235950862,23.141365021241413,62.11031730593118
70.50626754838224,32.55715813280018,56.71904656078103
71.31397366419364,24.053286570166726,56.38509325481236
73.75307017113539,21.871267246277814,56.54711887672247
70.85752014305872,21.718753838376685,58.117451569115815
68.25357740295436,27.393168930722855,60.79644912437245
70.49486422680319,29.61510963247727,58.66714542945584
69.89871662500536,26.748969743528974,58.302317381295
68.14796447686611,40.562105034622235,57.23643510874209
68.12411860387968,28.026746828876945,60.43711504302032
73.84632804684514,29.45143656093848,56.30977234253199
69.51362735571881,29.03151678179586,58.42938661963365
69.20692995952685,27.117894533821605,59.30580399327474
70.0161541180997,32.10859159851628,56.80591624682521
67.39775444874215,27.23340745263578,58.308562967482246
69.60873600721234,33.21573883596566,57.050206446234654
72.05961724349439,24.890849561301863,58.53158535997626
69.69275466944893,41.10945630192334,58.15120309781781
70.13568800830326,25.29154929780603,58.70442479032003
68.2349421900952,30.90621058823661,60.00683362661318
71.55445651562641,37.08290554819708,55.64171900140134
67.73701434294277,28.33569006464089,60.343973221628346
69.87744728108262,37.351291664114456,56.09187795864839
69.06951877733337,31.129987750049313,59.18632201248252
69.70091736980443,30.984456232886775,61.38658197459642
69.9391187806759,33.84246610419036,58.49734713073315
70.49788532908009,25.785519909225073,59.40426734493188
71.58346410124112,29.34171607166802,56.56525173416746
71.6453727147575,22.93430285910521,55.871042543654276
71.94527244015474,30.57677470814083,56.84637577116395
72.44392375110407,32.20330202350605,55.74830301188826
67.43196549188423,24.181406880045337,60.39060110445888
73.05076656130679,27.163927574006774,54.536241536406635
74.24645923420833,23.827455024772405,57.00698034527417
72.74144972052909,28.514690405907032,57.01995396101419
69.27869211734794,27.751014450761005,57.942421778006015
70.32024847991272,27.42473900710856,57.19778383210295
71.01429356102273,38.646815964822615,57.43303232685953
70.93288116074548,30.164685799587115,58.308810849621075
68.78299256189112,28.59539590230936,60.37807013583227
67.82104844762918,34.261203582974815,58.65099729620917
66.67912529491967,24.054122720035448,61.20784347403317
68.74656703636559,29.287588965347705,58.28058159374123
69.23470661187048,31.457485809451903,58.664871869270776
68.30216891649778,27.51411461667364,59.736841505366854
69.9245716100006,36.68045805395231,57.80878533444876
68.15575834786281,30.48518567245808,59.554930518801925
68.70499714633229,33.60684107634396,58.37572043089392
72.49686190876136,31.348493295490805,54.76854249015771
65.7212307178139,27.88781539815238,61.030514742208325
66.46270383182461,27.37998972101593,59.982319393923866
72.56022023872387,31.129607824116484,56.88776304128683
71.78900078948567,20.508552697072147,58.157031096658706
69.1694385923943,26.637398326879897,57.62376616290765
73.05347878861467,24.561679740359605,58.79728433747243
72.69709281945799,26.338195267544233,56.81321629527369
70.14305877606213,28.93520931901525,59.2886752969281
73.06146306301675,30.641263828143973,55.62595240903702
72.17316621994453,34.08239720944279,53.83202835352095
69.1159251022308,23.26748318469518,57.91629204889909
69.71252185644016,30.994005083154416,58.442405873207456
71.29545573876732,28.328854256594784,56.70652913745862
71.26827741333476,27.753004550557936,56.80983265093685
70.62245317192176,28.121114436700775,56.91909197286565
67.91590921709256,23.67934617055777,59.91241861013605
70.0474993521218,34.81569398054227,57.072800504010495
71.34458318552683,29.141057206353366,58.095362598148895
70.63304740904285,24.84236616063173,58.669088549763835
69.27055048633812,36.55812396861607,57.407442855919335
69.37301316052071,33.09211665228238,58.02156503667279
67.70654765286422,30.47698107988996,57.66084959314146
69.7873348734249,31.01074046637122,59.061153358978785
68.02872340578425,30.368688136278312,58.99487772648632
69.18117929170324,31.20874107100517,57.66619302647363
69.29166002841343,23.382643701282667,58.28207420966403
70.35727086886371,30.573745540152643,56.908372309477215
69.82335699825754,31.10562942463761,57.96728945696768
68.36924154429965,28.839191119260125,58.197880443969765
70.14886780145166,26.78410477812802,60.20897015105625
69.4607699669498,36.47668180966227,59.42157476650619
68.72521854145884,31.558947882806798,58.38198071599782
75.06926003701996,29.179811556715258,55.329628505135396
69.87570150533816,29.730751134217993,57.77273096213112
67.68919874018931,30.961909989639135,58.30279746773892
65.71593707040859,23.96987536221402,61.33164384059264
68.32612278329164,24.763537954532563,59.25779532630557
67.25022494022637,33.98344371104265,57.706972789690695
73.21391490333986,27.00233068389072,55.02183347024051
69.62542765837394,27.55951213717165,57.87189811764715
71.7793693982065,32.42599110456696,56.01552345040249
69.46700121582562,30.788962247901868,58.61602023958826
67.44892378433575,34.88724171830574,60.68483218872729
67.99275850641938,33.95290430687212,58.054334216013274
70.3779767380606,30.35419650082911,60.29793706376195
68.74474058440677,26.28630578938329,58.312429448253454
73.6868397984963,26.78962493919014,55.0565648598572
69.6009874171583,23.022596580171687,60.36340398653311
64.86056893962729,29.087285290751343,61.892143414683176
69.26183916113828,21.986529505190596,58.2531862242515
69.4783756173506,27.684030365950903,57.65778621020622
67.81289033826125,28.087683642974227,60.31750269060932
68.26480267376643,38.060500585585416,57.82414433772896
71.3570396179475,30.607219404969058,54.86666983816581
71.4195175863909,31.17338049811923,57.39091811175087
66.6373299998543,28.145796121377163,59.73926597095283
69.98766416139651,34.647429603030446,57.22054956817949
69.05343920298124,23.412899403048147,58.465419689338816
68.61353698393744,23.74380131943866,58.858552397448825
70.42063669836463,24.19024179176851,59.65321595373227
73.90243877444661,23.396927496272383,54.62633687186459
69.98881961111593,23.677081588581007,59.41280391586523
67.55449928203127,28.90231909326424,60.0804123658979
70.2834715982562,32.89203930050166,57.278928308815594
69.31956693386145,31.54349106958962,60.37653460440656
71.3521225953128,27.31849341167694,58.1835794148079
68.59956921984072,24.001257333517003,60.634151016701814
70.1753009468535,27.826887418332298,56.77383325546928
74.05273626077629,31.407474238351266,54.58808804579523
73.11027419197436,30.130862378409045,55.53988388704276
71.7380949173776,41.67969789270336,54.354527792556055
69.12883790387353,34.753668376816414,57.472520811907195
66.89289764922036,18.389276370656354,58.986665576682725
71.67750763381999,34.91538638591903,56.89666049508629
68.53441720226401,32.76818225710528,59.26191897476556
69.38922061589662,18.76517391521829,61.839745128805895
69.48041542661012,27.95332935698822,58.89345351409604
69.00052483896754,23.4030472867889,59.44761862996576
66.10414417026527,32.61600341206421,61.40443135232758
72.01321214733726,25.961267216005822,57.0984317996829
72.69322754190532,24.933351366272806,56.917343649067355
69.82861035395894,27.19170389373858,58.197886056284375
74.46708628092226,27.35087309572154,54.01347792747082
72.41340138045572,26.359216714040983,56.24801567675767
70.2438923654782,25.365465291246412,56.8243123352991
71.50692765928244,28.985730471081215,56.93968862150861
71.01608361098106,29.889115459482625,58.627284250614174
73.67350217754378,28.83127242350855,57.615947805463875
68.52462165260347,30.790950050749615,60.84816381333625
67.53609250699935,26.64846281771505,59.70344257300805
72.16020601657414,31.248786090927858,57.18703504211227
73.03060733124829,27.7251294041329,56.59055907217837
67.89431307802808,27.668466678912544,60.923018803320254
68.15543626740785,28.766411263459116,59.0498697059295
67.8678153679012,30.39928009874645,61.26982916487823
69.72322102432642,22.953411652393946,58.02051714208764
70.49670725115692,28.4615300387808,58.97378593901186
71.82495202622012,30.226540044571074,57.31489169767255
71.11595450607687,26.89967318692597,58.72551434634129
72.09677861826489,29.110156138481194,56.67632014112297
70.5299657251531,30.631367733173715,58.20771265133856
70.92155176016753,27.84453425738247,57.2377767660997
70.11725512742704,26.16842837362601,57.34654090805421
72.18183450799445,30.279196022903708,54.03157622478864
68.93165197122576,26.859290554178767,59.76582030937291
68.80809898659946,38.01590844273969,57.39643453194261
68.38433130911739,25.977621508736313,61.61954133193584
71.70707771221615,30.90950437599979,55.6263817661365
70.24788010603766,32.882422676528925,54.86508597632616
68.64419646706914,17.292400764113985,59.597562396895015
71.72804886233575,24.391952458177965,56.69693849880862
73.93624842034092,29.318999553906874,55.50678985105298
70.43239371323413,27.6388828419546,56.92443537139223
66.92854683224974,28.262956860967158,58.06327212704113
69.82283703822915,21.623797917763078,59.303120899653365
70.19225303276805,34.09470820034231,56.62594952405259
71.43144085956159,23.147454228161525,57.96796971190011
69.6710039324711,36.29499722811178,59.287866615358126
66.98197725211709,31.491902315573505,58.76463710658564
68.71862792214253,26.54555165577593,59.64846292620504
71.4142516589835,23.42806428250492,58.12420142999148
71.9522413193058,32.41400662404249,55.78810100903359
68.09027697109933,37.561771926491495,59.79866380417323
72.26250884016684,24.4672739438127,57.87991631196976
69.93659853296082,35.70090576841027,58.25475884489167
69.80653158002526,23.820875365382363,58.4762502369362
69.79460772939598,27.092119817397737,59.28719787234485
70.79435767263527,33.42019844903241,58.326716077306834
71.64771329697398,25.18564080748372,58.171224221730476
69.42152556946752,25.32082338442659,57.87833828897051
76.81820412370838,21.82854519038115,52.13494269791077
70.61707761297403,23.342148394977176,57.33211355540607
72.04149978038053,24.90952424593516,56.53267758794961
64.25983030841356,27.594552963410667,62.16740197682697
69.34071279024334,36.20952925047869,57.29280091841509
71.44905412095999,27.99831036682709,57.10429429093104
68.07299332938067,37.97544225276643,58.816358954404514
68.12586193807316,34.16020408640227,58.88700143774284
69.19930459019565,32.50075657878313,58.13419462272659
67.59044445102019,24.662367641481865,59.54295494768694
72.7971400185661,32.414446839843954,57.111635348666034
68.95314721156223,24.806816610155778,59.31456665655936
70.37357862997106,27.80352139954939,58.19581203049992
71.62990521009824,27.999755809876554,55.27869682487341
71.66672580286117,33.68991287576941,56.20343026629897
71.72239931097081,26.957535496386527,56.42515119781334
69.81936713105448,29.195750972933038,58.968441038857854
66.53499569070756,24.473649509297736,60.53350061360034
68.55207985206367,24.304847482359563,58.83891342885918
66.98827054050288,22.25216801071312,61.60492076494404
71.72723025911631,31.1472521473627,56.931925901823014
67.76541797421136,35.67197297119888,59.19238701232441
70.51106455736279,31.49098532256117,55.99499350671746
69.85049808690312,31.815599244214063,57.41436653276496
74.11580540188135,30.272667375356168,55.56709939569204
69.64325740717649,29.679241876400663,58.26942410412562
68.51719797674411,32.33694066069073,59.19358546895317
69.74461169980468,30.432088012517195,57.06032251204007
65.56898145116334,27.205623706395322,62.55241459536838
67.82070841081224,30.442104500152553,59.80150657755457
71.03901237504813,32.36153582005211,58.48912623381363
65.7383941284732,22.932431191264307,61.480875239876475
72.09732343475771,32.08822792037992,56.46675751015482
69.52576822626541,27.32852508116734,56.383344243321176
70.15115540378086,22.926070328146977,59.337816116255986
69.36934773083514,35.95961409014418,58.28138199016923
69.33769141746538,30.875707851436903,59.93832285882138
70.35522640848684,18.595937723658924,59.57676345805871
71.0234653826609,28.721419729467243,56.04175858581443
72.75190787332906,35.43946995577555,57.467391193392984
71.47201244829525,24.350162350446084,56.634244299708435
70.26727598330635,24.261593763391275,58.28342527653414
71.80141793542342,30.663201054544743,56.215153113741955
71.2341307138404,23.59496984255131,56.04774056858012
72.13917583042257,30.741306338445384,55.80183446947799
70.32828754210551,28.062707670992115,57.53731918904125
69.53829258816012,27.51690849675213,60.6620604847526
69.65802592577154,28.467016115035758,58.38921222184623
72.16216144743022,23.283937160937434,57.22554136273222
67.05531607075838,28.03619810581929,60.38915247682676
66.76654402624136,30.068572505934725,60.171318448782024
72.04048753354802,32.5278691276592,57.14413049562289
68.38740858363626,31.677926994837755,59.43365636029957
68.13048892514223,31.929459374021306,60.16460705063415
72.06663583729816,29.48920408153902,56.87706150237977
74.24055897722351,27.167155181838577,53.58503161298686
67.43491584457352,22.64858928827187,62.6855371172529
71.11187719856963,32.91543098152902,56.580065001984025
70.83607506989887,32.24855164532864,57.940572165270474
70.40012409099751,32.25870860210469,55.24746724874246
69.77664452390175,24.315241084800903,58.66755633285564
70.37841796235331,21.057588295818658,57.69950351522446
69.2887672122979,20.686368905101006,59.261192114782446
73.38172301972934,26.10611530376696,56.6422391343904
70.06844577770046,30.50197764469887,56.19941040198525
68.36797690279103,32.63460236582186,57.54596984062851
69.59835902666897,22.348636236027616,58.187619761895405
68.02557196654838,29.360971069866448,58.99623164999341
70.64277133814139,27.928139864965846,56.56571727074603
67.86696505062741,30.33542228250201,60.275842673444274
71.04983203031694,32.01101278834712,57.25027456690451
66.67561649660918,25.859968557266185,60.11594220736683
72.24779794614471,37.17994481997671,57.566428293447224
63.52679638931832,35.21787810950159,63.948210604705494
71.90830246561212,23.81196296512658,57.80604061202531
70.10957274169101,34.604479339104806,57.688766981543516
71.22665990564298,35.96842880614024,55.70908327762128
72.30851269525691,34.50851349685933,57.39243637488509
69.90471470953024,30.661451570951854,59.20211177445797
69.27051517435984,30.6942298142122,58.53253375796835
72.42461980643088,27.44274499530339,56.42387161549949
69.72838880855186,28.99750798985691,59.400687324186094
70.14310547743129,30.98048729909949,57.89484901255785
70.83923416452714,36.412809407622404,56.409342291102526
67.84346592214361,23.18820053522215,58.77430859341572
71.84498878400464,29.830279188568174,57.63898011969555
67.02617519376928,23.354428455826866,60.22179598320548
70.65311495378006,33.47746983951313,57.91586635530103
68.57873973843016,30.806871197250192,58.864126838929444
67.21425999758993,38.94877441753251,58.81193034404663
69.65322803026532,33.408841120795614,58.141977929643616
72.6552708590173,35.63318725173016,54.19377854674944
70.86901323163163,24.93378196082981,55.90081940685656
67.0689306111522,26.952494651722432,61.588395194836586
67.8219955785048,25.41492257788318,58.90883270561949
72.52096504564639,32.796332209464786,56.50244394239251
72.23644467769255,27.75208244521629,57.30837986038732
71.8498912201274,35.0238900738703,56.51797190833405
69.78428128096343,31.23648728259143,57.83870206342669
69.81620591197297,31.889289923742403,59.87388824945766
69.55057950562075,25.359612694024573,56.637268175600504
73.58065488212816,17.042450353433964,56.19121661081676
73.66455229091699,32.01573700884336,55.32325213029799
73.43933889700594,32.4453256980027,56.45371187143125
67.35462297699202,39.037836995163865,59.01915091136177
70.25699858524604,22.10303413543887,57.02024530484433
67.4161273009916,36.919865589851234,58.438329448813604
70.16242008153094,35.94616714375833,57.65712310899543
70.11274207007911,31.988368403932885,57.544201598261154
66.13295648804429,26.967375377153523,60.693562847030904
69.6896202609502,33.967112114111195,56.764571651106955
72.3741540012622,31.105021541791597,56.11521766046299
69.66710906489148,35.74085074171391,56.71697378896181
71.17409550918649,30.35490546435329,57.411236203187435
67.63948226041077,35.16503590283148,60.082164643076354
68.91147947197085,27.21846632672923,59.53496187233077
69.4833104932819,31.29684104114411,56.801348643072515
72.68442940191491,35.04871415750898,55.79349252154661
70.74726960890033,31.242870369370262,55.95415414731884
67.62861701995251,34.548948591853176,59.925172449819854
72.41608088698598,25.25531533414949,53.80262643021446
69.45557967515117,34.99553692423083,57.69747995426804
72.59921297505548,25.99520398674855,54.9859050991366
69.83324415563096,34.2349782792793,59.24874065432015
68.6870242490192,27.49047262280458,58.17612043209818
67.79755928362691,24.37957384660712,61.20643354153061
69.21441226286129,34.31980791149743,59.62396461776304
67.42961353231767,22.987587346975456,59.40342075196671
70.20147090899484,25.681131333210317,59.566950645742324
69.39735314328631,31.48796395503522,59.375742523435285
71.52958320215663,27.507089724685258,56.56426276248853
67.32696151708856,27.06017129143121,60.34968636890256
70.435514104338,36.458618125698756,56.38210735984379
71.27521824603285,28.08590904792379,57.572874320709495
71.64163642799744,20.130211414663016,58.92770420820565
72.95342119101258,32.03604066203536,57.04107782693597
65.97659276644524,33.94847855032906,60.15496569919963
69.3306494138033,23.767298863002992,59.06338989118131
72.7122937399638,29.350904524303033,54.95779378206893
68.29642326093195,29.571195910028596,59.56743938996519
71.35395772970193,23.37750164869992,55.49693444597841
70.69332789926304,27.25133449474174,58.596717858229475
70.31367882881203,27.628434993065557,59.94444390299759
70.88505820625547,39.4900206298117,55.944101316029176
69.99673977373348,32.37168021085352,61.50685991834895
69.34523650676711,34.37711201731227,56.68755404643398
65.35749858577401,25.921906386243222,61.01390300297844
66.05648109144437,26.69579787658942,61.25005879425728
67.89947292830404,30.07120514008231,59.42241800262202
71.7541315905217,26.473132776613063,57.079565646971865
69.98530729055017,24.10778779541723,58.04299094493313
70.32640314807641,28.804917855468783,57.060618899770276
67.22670618256275,32.47739460963819,58.83931643841399
66.28594625116851,22.92206280624088,64.33333754856241
72.75787293915714,24.933656758277223,56.54160035997873
71.7200420232155,25.4713082663842,57.15467117033889
68.88225125739011,30.7513938104534,59.91002239160157
73.5768354735131,32.46891327962699,56.75649410844816
70.02017813435513,41.153993512525936,57.38728799540045
71.58403920946235,29.99384083673239,55.15212706870806
71.86380050234624,30.8216771987227,59.41710140244334
69.38895739830075,25.499659485790847,59.76822635947577
70.63663955865881,32.65207785190382,55.583350494629514
72.424529158194,19.53537336095851,56.56232408417589
67.20890687231424,34.65935307103301,59.45506768091629
70.96451928856362,30.780330074112722,57.145543967636314
67.06405590003034,25.113256698280235,60.802566346204365
68.33695178211049,27.11442450520628,57.70578194420434
65.84706482581001,30.267094070264314,60.96173295284786
70.577543443744,28.746000110197244,58.81282437236559
71.15968718198165,34.176512841899694,55.56959314030088
70.04356737382422,27.962966210843277,58.48821447325044
73.87830688231088,29.231261105955735,54.14390522243199
70.1183938346274,30.668698380278457,57.715048819699106
72.13662243165322,31.732908549376205,57.28784376921415
70.59579484447859,33.10714910052298,57.66409156690004
69.10790740659262,31.0033096269204,56.19153819572637
67.96213412364709,27.226974099852217,59.4668645652773
69.51129006425292,28.665753476332597,58.23608312982267
69.90795685492178,23.522600978933948,59.056635489559824
70.6666354626547,25.678379801637494,58.43231071092122
70.39156224462138,27.862731746324705,58.82635514899236
72.39642506386723,31.209836851312446,56.99318389393802
70.3743570512235,31.95103209329512,57.985536019728535
69.67260891532779,30.2345744507552,59.87444041838663
69.72165173624381,31.92195239892087,56.72254944015694
72.38624338299954,27.04471997007601,56.21550874567694
70.67396704932362,18.087602651962207,59.82461229664222
70.36360014849221,29.16737074408014,57.563969590895745
71.2191749337414,34.320997295432534,56.62214510142954
68.98553699264056,32.861482391173716,59.012360591254335
70.12168262140175,25.98142323558486,58.62773641714796
72.11885150713923,32.26690185331689,55.9574074658018
70.29684447388037,28.649700994116767,57.004684710015205
66.0026327410192,27.679931487560165,60.3856555278816
67.3632093878407,29.657343991144934,60.316814312068864
69.83539792867168,26.580773938778968,58.12404534463526
70.55024723506361,29.210970146744437,57.42856611540827
69.78091078535273,22.821606073700284,58.38730035024624
67.35313909476965,32.42706345957376,61.127828611964524
70.5750544709586,29.52049558405622,60.05003488968244
70.18914542912239,31.138095109618607,55.99036595945334
73.00781948714636,26.84115808054977,55.51171893848404
71.04498128298059,31.153939052733318,57.85168450894776
68.92020762225593,36.62202193206092,57.303143600877604
67.68187068766076,31.021041405500306,58.10641110472525
68.28258449110531,29.21284324743404,60.01543605287004
70.58718590320981,40.83888677638278,55.3640336058286
72.48988564526967,25.80924889548522,55.841876091233445
69.36329150173043,29.233546068510957,57.678803953680195
72.76155717044095,28.546753650359307,55.729277990009614
70.3951718369786,26.4278251086376,56.856549245684896
70.16039499785975,26.83969466534717,57.075980378422685
70.30470603661591,18.134427529959545,58.29022782071814
69.14080664461869,33.22966363590055,57.999336020153855
69.58613108265965,34.851227043791006,58.778243200397355
67.57982152481442,24.608521325928628,59.34403841944848
69.56833824186405,24.20126640787494,59.630171799683524
70.28491858953993,24.19691598664909,58.19456107120663
70.77191600945304,29.11036810284069,58.10660159254051
71.07774433244145,19.67296717266651,57.19234265025032
69.89499343586242,32.012028245076785,57.33663924999282
69.54497060775381,25.348625134614235,59.51621305929075
67.34495900553155,27.02097136646767,61.30830374469279
72.78408045600368,33.862221101203545,54.434498323698115
70.318878106856,30.943684816372137,58.355779916304066
69.24573459726498,33.574760379841166,57.31221281673423
70.35836752437355,27.913562613592198,57.33824847978418
67.03669414682967,18.962699990568225,59.75182206804233
72.57225359796298,27.591124598096606,56.46922006007675
67.03274959885243,32.1401732283843,59.31074021008634
71.2012777187451,30.60190229583075,58.012359438860294
74.08922900507092,29.837018330401637,54.79567750841564
70.42363780423987,25.353475712643416,58.41993064126751
69.53020738874059,28.423042224696935,59.259810742587746
72.18924649006962,23.24589914787083,58.15143718704787
70.6542587312177,28.15074958649649,56.230839162985845
68.40679114433851,35.3853356145358,59.10768957317493
67.68697964309199,35.206376700247304,57.73922098262524
71.93878458529747,26.605492799298226,56.68298710250088
66.51485319677676,29.72649984692533,60.61253394847003
69.96881927010901,19.333109200496487,59.88797825546134
67.7230999083611,27.11113633796828,58.49204485106912
70.28580104054534,28.163097753765385,57.33643924842041
69.24082563401491,30.43912627407635,57.71647836985204
69.65065245746221,31.997587350874994,56.76973419624194
71.4574292782208,20.27737533706796,57.49302153906157
67.32630147548154,31.604377028978767,58.90787380737859
67.37820023449757,31.971030453032782,59.70662854150713
72.448015290279,29.11518144119567,57.35446026264161
69.84398207814645,29.273363486987666,57.95036938525387
68.55893747848623,28.253975402912552,60.49480154858352
69.37832260658325,34.17132162289421,57.25216941627745
72.17443639807085,30.018996089609395,57.98789845632877
68.30862272631639,27.554582542041388,60.827908401707376
69.07622175260566,29.465305713152933,57.046171231883456
71.01611278999403,38.39972088068538,56.69551824966056
70.43161375687531,28.992138678478803,59.6971073834914
74.58775482639514,27.634433953534057,55.21484157086461
68.81613071065166,25.707682769189212,59.15236673252487
68.33805286357918,24.600457844512043,59.205208208533506
66.03019886967438,27.59608238032095,60.05838392090663
71.72962652082795,30.288686427103165,56.20875731604858
70.52807862200245,26.98576571776931,57.35846971249905
69.72761828924833,31.60148417799839,57.27968129408372
69.63784815623838,28.82624798297532,62.19019742591991
67.949568669606,31.216826145041924,58.44136130514726
69.50205549350096,29.221555964212257,58.537605404955194
72.77453436854287,26.56195057483876,57.40772807643749
69.43175549734886,23.781667713081244,58.56536494261606
69.83350279581543,29.341568631712843,58.90253492608517
67.80603331704015,31.790236397258397,56.787382528937286
72.66520254935767,25.476803438350046,55.15889108265988
69.56516723536852,27.89089113864639,58.614557396051005
69.40163313193781,20.484830247551457,59.85039591470416
70.98064473380728,31.793201167482884,58.78829941268912
69.53958748795377,33.20400222544757,57.05418594870408
70.91925266988683,25.602918728143354,57.00998771803368
67.82532519033946,27.141568758010273,60.20179376092194
70.5406745272296,27.620211234129517,55.74986466483352
71.41235126822792,26.675331279166375,59.366440520274054
69.57533270041253,34.17994984049542,56.5511529419133
75.68578315531529,27.282295638550938,53.01788391743378
70.20607126123575,30.377293330576666,58.22264862817647
72.7150740809626,26.464511706709484,55.57408358972693
70.36783426879498,32.57697112600276,57.20063129943059
66.59039704804292,19.920301607110027,61.29442074497208
69.08901165996497,29.656935448308545,58.821490338627996
68.98437344277883,31.343377357393408,57.49867259730519
69.96142966275556,31.2565041910604,57.971793421065975
71.87525498661691,24.88764532353379,57.22852459414848
70.69085730171204,32.69978812284744,55.094122661096925
67.50803097510921,24.117147048140463,59.76684996090842
71.2122907915704,22.21081610530249,56.32993494098062
70.94520490265273,30.85278999008025,55.81973811758615
69.81806141388832,29.901049312818106,57.27354385004889
64.26968321426212,28.128623010877394,61.16357493603844
68.19556758411797,26.028166047973748,59.46313610230692
67.90761820342837,29.611987740482075,57.40917624754648
72.90745085047631,33.396597862628525,55.662365735397735
69.05522895013526,25.494522584904583,58.81646141202988
65.97215079693284,35.14439216704822,62.11976061122678
69.35907691509318,28.521124356416962,58.04437089439365
68.50224646818342,27.07585143713175,57.01660136700716
66.76202400089791,22.024018122855495,61.91661519866228
71.54449910094185,27.0268090946471,59.00896570587799
70.64250872318921,25.195927134225563,57.385380598949965
71.38426265907245,27.053209688975738,55.55897105286005
70.27477153348015,28.30608331314426,58.00813993379436
69.03905230427578,25.860917944539803,58.72958603355237
71.32166813554574,27.263635156118415,56.168259577810694
71.70674372889596,27.884363224564986,55.46684262477727
69.07442650429827,28.224367558960306,58.8621034000928
71.87323845937345,28.392472835060914,58.60530418591491
69.6931404452812,37.948330947114265,58.8439825777691
68.85027495275367,27.9227758529669,58.79427169126282
70.74346928549674,29.607093538348764,57.494732618493586
75.53420737054972,26.292519337169587,54.738618264675125
71.60472546122985,32.47211243869346,55.74331753657993
65.31392507155742,27.780829919289296,63.06416068956794
70.86755386893795,30.126896066133487,56.64757633172152
70.47550848324022,30.341497996451235,58.02002204955545
67.60389527657895,27.33894971133817,59.186941422234526
70.1409671538663,30.023733261167084,57.70931955563711
70.80582927605586,24.6824299042041,56.97053543514335
68.33670774796988,35.597865538716746,59.60799504316854
68.94667629764874,31.544514087255077,59.232130196423306
70.99751101664516,25.940628705931495,59.33132210516301
72.08108919033809,22.079862313109622,57.593965386501345
73.15488083826456,27.23476361712378,55.38422981871642
69.47910424721023,29.151450978182464,58.06619184943038
73.16843594177149,26.874937553233067,52.528775671289644
69.47525563862473,25.52853616712188,59.639021909821004
66.99002923763145,29.023426321425124,60.49889430803754
69.80603457080927,30.977523532645233,58.18713705191064
70.33200764099588,26.42884579494987,55.50535156677455
67.77111478656144,31.703644503205645,60.203506555176624
72.06288785848102,33.453137574147505,56.70441193972364
66.97884211248187,31.13680430212987,59.97670975837443
69.01921648333065,18.179182171821246,59.41360644018789
66.87898213002731,23.14161816852055,60.40358648032306
71.83941989704229,32.27166973752264,53.93607845805904
73.34816561559862,23.01191748720042,56.77604617556408
69.85614239645886,36.53306640893837,59.48894050275519
66.28532168759442,31.824660696672726,60.31417831420271
69.12832317252017,29.030363147809084,58.69599488939732
72.5152953901531,22.284069706427267,57.03784409135084
66.06967276195338,32.71814485812592,61.6770320962175
67.65765866968437,26.345467972765718,59.68661000684035
70.16589395137231,35.19174461236589,56.606101597316375
68.81637044946424,29.36766684515918,58.94824106595984
70.01213653160468,22.17737631583746,60.639858493896156
65.30173019473935,32.52311823420213,63.09169680621635
66.81081834532704,35.853561304441634,60.5736915441063
67.93633152357589,29.77956745931741,57.463623043976355
70.33510771876149,28.695047818727826,58.64625715961305
71.1482096443762,30.041043986112832,59.47328591541084
65.15221843761398,29.91461718037677,61.197139485027165
69.68848951432395,27.0239388997571,55.63578906114263
66.23031041755564,33.21506696835875,60.38945547114689
71.17304487674824,28.741871820402647,59.02003955879489
72.0935911791178,30.065324754539542,55.69152649114813
70.22750401116522,29.055311351923226,56.273926493051974
66.72931274643189,25.01705312378026,61.1375180769477
70.69178678431022,31.785538314920874,56.41104105783228
71.4389935733793,35.54645467528776,55.14808750694072
71.50876984695402,27.299392828126685,58.09462924704988
71.73137199987272,28.091218520845796,56.15643970328546
69.81400096835739,25.156479399901716,61.36741066589138
69.06576163879404,28.333960283765926,57.887423922175536
68.43591396205042,31.123612073761524,58.49279692173015
68.75483667234091,26.66585004749369,59.421041976172916
67.0701286259833,29.58901994481416,59.32847361904117
67.45127257293484,31.48330468998588,58.69549327870312
71.25058243662865,34.98680581063512,57.1401241832765
71.70747949257105,38.283049745138285,55.869336553844136
71.65232280532616,29.99062289455648,56.74624626559166
70.15201081013196,23.672288005779286,58.0133044109769
71.98111642649972,29.6214827206012,56.76088248081725
68.04575166112132,26.204555803437927,60.51894572038424
66.65911574816714,26.349969128664373,62.452854387399675
71.7600379388894,30.230958442194616,56.33071927601257
70.13089098496091,29.472680757965616,57.08870560001214
70.07060557328217,32.70872787774626,58.482004852173304
72.47195005372608,32.86147313596209,55.723122187267286
64.85087621606765,25.264302491144896,62.77895256877409
71.43283571304107,32.81080213587101,56.741515618802005
70.6206088807299,26.481232912059763,57.73007142802536
67.69094413026657,26.70180398989677,60.85539559934593
68.96540938383957,32.40493419171591,55.56693655027627
70.16951933604983,17.964497862360776,60.64998096714346
69.384714898608,32.248370150583206,58.196520788943545
73.69522640557692,30.00285255490466,57.06120118608412
67.42585264956338,21.776232847588343,61.26015150033683
71.63762440542543,25.384257234548222,56.882030403078474
70.32081744696526,22.408157962776393,58.2891918286592
70.67025941912027,32.80040814862335,58.22104315229301
70.56419071664945,31.129058473686577,57.14865703221051
65.80533523440312,34.12524754105178,59.388919725623936
69.40330408725633,23.98570256276352,59.18597944090199
67.68990002065554,24.575419211142833,60.15116117092833
72.22464486799122,35.91317684686404,55.48207147000317
70.34856404498674,17.941672893857138,59.56346457547152
67.56047774768604,33.5185256996321,58.78659433314035
69.58498098872491,24.659323729131096,59.112091359976915
68.13021195075702,19.837657736924665,61.2763470252855
67.0380999394164,20.595881694054505,60.152470917429916
72.13868916241609,37.835976897057456,55.367421797769204
70.61232696418989,26.084374872943044,58.11057392391944
70.43972390250306,25.83228612752989,58.10788784677248
68.02316421438996,30.296962289773486,58.7236275657015
67.6859317234376,33.19177155960088,60.39950834207216
69.67865950040753,20.53068342382236,58.63317453097784
73.51216744796417,29.906007613346002,56.64251152345263
70.47518257113784,33.5670964537144,57.484643046922635
71.14520617892221,35.47726827269514,57.033337992769766
71.9549177659381,29.533230136503967,57.12843541935314
67.87509855704472,16.805907179539748,61.44741122964852
69.81678309804192,42.089467071156946,60.29183998622765
70.95151648540458,22.71779963380794,58.2987074422436
69.296014479005,20.62764863800715,60.96429736120913
68.94089331943671,30.892047112422336,58.21717480893069
66.15977959320162,27.909048804020557,61.02493471510333
68.28172260310647,24.884590248334515,60.46167126621356
67.37186924085336,22.44089943991976,60.56317543935161
74.98452211479835,30.46488647328127,53.77956665630818
71.04886291438272,33.06123668155992,56.61823669238091
70.68339753962283,27.721105888343345,60.01457878431917
70.28186480878594,28.04184685588114,58.15981621918973
72.3862212297477,21.74757898050177,56.530893651351775
73.06048950835188,34.57869771897144,55.642101560537434
71.61301609847142,26.601524946716445,56.98513548983132
68.01963198308418,33.2317922365799,60.00060374140352
70.37165229577901,26.851792806573098,58.124365762989065
68.00613080361795,37.73144864983037,58.54322296408429
68.88531448046487,25.263288588423336,58.828309162479634
72.16392150703219,26.085982414957417,56.46530643853477
70.32714125465886,28.057004536040555,58.460076182400925
71.33901088235618,32.93851697420615,56.49475041006575
67.09571864253279,28.838661678876996,60.30555814677171
69.80367498869575,30.206084924190193,58.555966868350446
71.29164573968932,29.36048430853587,57.60622031634246
66.61831965639675,24.000483374139755,61.1204515964288
71.3289226807696,23.638758905226688,60.47704898502451
68.23729547654867,27.739475414359323,56.78473226735754
66.1268935422503,33.93926356325018,60.751920992282805
71.97463409440522,24.07763385573316,59.16070934603151
71.0635928407125,33.40915032304633,56.83134491907694
69.65789578876549,28.602283818188287,58.74982128460494
70.54573599199779,28.15127253575493,56.72898394205543
71.28269873513867,17.894708610332387,57.401277797727246
70.90539216416802,28.369070290316632,56.29725762664112
66.04342527640459,33.78531485832795,61.32518992793086
68.3078213602895,26.68688687751507,58.56299139533079
70.90065175507547,23.347130455499332,57.241623893858254
70.58135588237747,30.607772545390638,58.638805204497075
73.43302639904167,24.81254992836884,55.95093739682993
69.51120696740294,23.88416838187171,59.78146457332462
66.27744094863847,19.733088789011113,62.75347204137399
69.59548650232259,30.219027769668415,58.52809421778091
73.35711092310788,28.63574367263279,56.87553166447496
68.27150974440723,24.672181928654094,56.412090353575934
67.61253448591725,31.416850102279348,56.734296132638576
70.64621253918462,34.200338708482384,57.97805765197374
68.57259843927933,29.396606991868033,58.50165992435167
67.58937120188699,27.116627787931414,59.20478035080246
68.10322950833881,31.946350392138534,59.152983224768235
70.82085966879802,24.340759511155056,59.08320468247598
73.11546390329868,35.74004367467042,54.45674892859317
70.37847253825535,29.283712019508343,58.106743944011164
68.53967633926975,23.45061851204644,59.55394583737256
71.01965164299021,28.022999716474096,57.995125798342194
70.84552991122847,33.5055905155165,57.896123928887334
69.86667412228765,27.051943332845855,58.95222593377975
70.19659561480888,25.49491885748958,57.688470597309255
67.86615665421408,28.832458043465937,59.4807115312805
71.02767094389898,19.641845280190118,57.396729549290995
72.96615957340221,31.025313644628795,55.54721975729681
70.73287595463373,23.17905372077592,58.420033890034
72.48277849163502,31.393430411900482,55.043153842330625
68.39804747583993,26.448200361331104,60.211849282705
69.48689446268834,27.791537510030174,57.37258801261488
67.14724250547162,27.74344450790681,61.48337593539904
71.39167823902261,27.906388447507766,56.19220083147714
68.82970446517234,33.42787583675487,58.463406938194964
69.1517359001427,34.43329464353751,60.0763140413225
72.36310421283018,26.900541290244334,55.64964940254008
70.5210640912094,33.030895546710504,58.110101764785966
69.27886241137432,22.47615260275804,59.53941495952856
70.17400407511985,34.02685176118209,57.46761784458208
73.44453842351574,32.77951049226201,54.7368694450719
67.92781984629195,29.482113955546723,58.27807802877848
72.22297357514458,25.794409475440148,56.30550396177178
70.88549497997462,25.988884178813105,55.602569563783355
68.54290025338548,32.27500089471308,59.58320082515839
65.26041693199673,22.84215607843139,61.52710712803336
73.19276357586989,25.416184168092386,55.214376428051665
70.83804779081862,26.681198449185814,58.87100725535475
69.63291394273917,28.147779499807907,57.67941014469545
70.70019336173225,26.039730260665657,57.52660519608088
70.8535485726682,24.837928870086085,58.31990126126099
70.7891695015058,32.502789199248056,56.992967329607325
73.49424079022732,35.14404286248909,53.162107683148946
68.00152112852216,36.131982472583054,58.837137823178416
67.8404646507847,26.60219267550555,59.225674702246216
73.8731588686342,29.607062322586927,56.31702573702858
69.75108153087666,31.31716663119789,58.432356204850606
73.46816555010994,29.96422782265481,55.36221753266718
64.78278796713596,24.71693386266818,62.439513981273315
72.51579429211351,27.57424130883534,56.10260135374206
68.78367209328479,27.711753872583444,60.98945899419266
69.61705879449471,38.63222339782556,56.09647398173343
68.45397110210162,27.357626664143083,59.43963903010484
67.68210730196546,30.82537478886176,60.16773316420966
69.78277581725817,30.36052571429652,58.25835578098163
73.3133537451196,26.904189659914586,56.06473150281709
69.46173590185766,29.065896765937616,59.062808396013644
71.31492527881764,24.135969969683444,59.478661138386016
71.09087481084221,29.583990567626927,56.908248662295506
66.6420215519706,28.776449870450637,59.98675400619609
65.64737769843302,28.264305053289565,61.9853714827223
69.71938927493113,25.614521125664474,60.770833751443284
69.87645475301936,26.466903525616697,59.43426908468892
69.33972961362592,29.882339768208105,58.974244654387086
62.592894369284444,35.59815478400145,62.684867592484466
70.52596591802974,27.908685947271817,58.53524831738195
70.87075338579847,29.438774886942554,58.06800933473934
71.05169402165542,31.23605842118142,57.227505184249544
69.60969295241532,25.016295751592743,57.043787157538546
71.29769658714068,28.40180071484277,58.005883265400044
68.45168539609476,26.367981991080438,59.409224048352044
71.19323811085341,27.680862815283085,56.85391041222244
68.79290464509546,30.733254236524694,57.130986929281086
63.34051199269336,26.019711444639682,64.79098966972818
67.12745871849573,39.869507208412244,56.623157717142895
69.24910003396226,28.439808162692493,57.54008384345576
72.29271723623582,33.17241248316472,55.07595761489902
65.35566252588379,31.170315927189648,62.196768921781256
68.70764509186164,32.39327811469129,57.489724884835866
68.07307810211212,27.538002636012376,60.95399430639952
69.79165932902994,24.548097060348457,59.591757632701224
67.17301667688577,22.915890769105964,61.95191496888851
68.12589397207111,32.57717562291041,60.26376657441028
72.24364438003326,28.888165505683325,57.965363939678284
71.25690959530147,32.724316512373704,57.26968161831923
69.57760685116799,28.928278353304336,58.7162524263234
68.79851553935755,29.68328610175004,59.54325080884077
69.40938086763794,25.78426909826461,58.82716259742607
75.2002293066653,36.044252872630416,52.91252101504213
71.3641459117493,23.631876612294672,58.04460223639281
68.25015006043944,29.555052079862655,58.79326852317819
69.2246991180838,24.456137154213664,57.56740706217979
69.50310338212294,23.84308882809648,57.38024276763646
68.70776671352061,24.235236475737928,59.81758242250901
68.00326072831018,29.94706863513053,60.84655766228617
68.92651772128131,37.07162137634983,58.698127517584894
67.02217325074255,18.174499714641122,62.03964864560732
69.30539674629068,26.193271647795385,59.39407077920876
66.610396658324,30.786049716190853,59.71883186615168
68.96188281106764,21.10065307980768,60.795598310183095
72.4673766701014,29.317639726476532,57.50235203137039
72.85257488079783,31.49810761013486,56.98608935789643
68.60845851400074,35.361532507552646,59.507693366017634
71.08258594760495,36.60566988418916,56.159132296852015
70.97385924327425,31.40247590878362,58.51469533603463
68.96617864789675,26.00650850592041,59.54346023673344
72.16826336742177,32.409007289442016,56.24612253686946
68.0315424539326,30.45249848503425,59.602793809057026
68.74743764591865,32.57515171529873,59.29569886693384
70.93070818422585,27.586740924606747,58.34771329827536
69.11985608482586,24.777285260237747,60.09460299747344
68.2271991206828,30.12287152562241,58.72872954277535
69.62470409087153,24.210439048992345,60.576693072867684
68.35764961564324,20.580674593225694,59.768343590997816
71.23245594244024,25.928811815227874,58.924651328306005
71.41625462610263,30.152193668010927,57.118817138096375
68.83984185833074,28.95421781102821,59.2093149257575
70.33996972987558,32.030152678990376,55.900026544999974
67.4569112527531,29.30179100420297,60.458614461726256
67.50840354667625,32.78718110000142,60.14264092639291
69.19982803295663,23.703810017902704,59.9323476446252
69.58611311224861,32.41580762871422,57.78272905579414
71.246759988593,23.886632242212567,56.14616822662142
69.52374901410994,42.742020871361255,57.9183673882765
71.84811156001889,28.280731961482527,58.13088572315313
71.61041980382583,29.688030184017833,58.72504988677973
69.9416206531415,24.291741406603748,58.43348656589768
68.23843398009248,34.936407988580065,59.26220884176675
70.76178813760524,30.93784402339819,55.69976889629446
70.05461345746339,30.773908594993348,59.44572069928764
70.30278792046401,31.356745134279095,59.156784595277024
68.03034847770937,19.91603721703142,59.80689089732336
69.42481228458541,30.37833333269887,57.21411748591038
67.75559735501928,28.214281567299118,58.629286465282064
71.09433092378654,33.892472134578746,57.232196974221246
74.14052201918291,32.336620360100454,53.927490941381706
72.45481077541899,27.408805047426114,55.57791683146778
69.37132126391481,35.89168712860034,57.721220840776134
68.85277432843799,24.73586727640741,60.66904731408852
69.16625711777579,29.474777837823186,59.18592110535857
70.07224433732343,24.125952360903895,58.23010286471743
71.32267486797404,33.14067002784624,55.35116017850298
71.10003601102873,30.081412162262648,56.94114017654916
71.81246413541695,29.235803274305447,58.12509278581953
71.01125945490664,35.89253762949456,57.25468576846079
71.41853059759673,30.860874866498623,56.466778074470895
69.67744621570553,23.633165905328653,58.03082121978368
68.40543444387137,31.581542912690082,59.16664662170436
68.5968897747762,37.34232699096229,56.09968001611343
73.61973889797567,27.336242769751017,56.40121256778207
67.07392144390887,35.89113700747077,60.359614366710204
71.68415492808114,31.20830466831505,56.62226428350298
66.41287292810804,34.506888331187135,58.46872258462391
72.67060413594231,31.772608153123162,54.54231012065033
68.25949751849043,35.6166491551683,59.05031459520586
69.2535930188191,30.818746779731075,56.58658872799225
74.33703117610575,28.229747631452494,53.533908014800595
70.75048615429222,23.891398088755878,59.128955838753086
67.79394917812529,25.434779164378995,60.43909257059454
75.50707405915693,31.375676518154684,53.160090956054475
71.28716537358976,34.91083494508426,57.018343273264826
68.64593325939875,22.05085400981595,61.239237341447485
70.01231764639255,29.604948874827844,57.22300304122915
73.10981173436548,34.75806929931506,57.12112073071564
71.81622043379852,33.460046622617384,56.79539472259363
68.01288817561637,32.520532920613704,59.519888795397875
69.77013707262604,28.193811750511912,58.332611936114645
69.87673991096196,31.870232957237576,57.100041673199634
70.68249897371474,30.356871756267484,56.64548270553732
73.64512728223994,31.876439819016777,55.62005210507255
71.58647893928082,26.683438251214156,56.95212182388876
68.97779988624742,25.00543451127714,59.19983366490015
73.15018480249495,34.12846109351232,56.069301198873845
70.61597222688462,24.18470819713381,56.17899670386024
65.8552208255349,27.787962431084885,62.40654961135384
69.04632161462864,31.029006605436365,60.10460979550518
71.05917286409131,28.302901264193117,55.279687802954186
72.36853860699783,28.49485613495856,57.95472193592536
68.02627483948045,25.75224361693108,60.31981130701529
68.5994689764394,24.977031470817714,61.345829125282656
69.23869244033004,29.26143724345776,58.49445867969054
68.39139230094294,30.91553751348517,59.410199459533786
70.65928307027245,26.785852600722833,59.09638270428042
71.47341328842921,28.23474696813716,58.438665551334374
68.17178022611492,30.75133950100918,60.40626609072594
70.86602021974302,26.89897197521175,58.54707204112479
74.27540371822177,30.067875134706355,55.516563915828726
66.35590021845333,24.625851301916192,60.65099989920684
70.22731223683921,32.2621269340818,56.9700283326752
68.77654901566493,34.57493404145082,57.79365528662593
70.4814281623022,27.668489716053088,57.87883111355857
70.96564448364272,28.35955015691834,60.06610558776294
74.08561849789567,21.98076450839996,56.14027552773599
69.24476123259122,26.51944565122904,58.21036507111248
70.48246454942212,27.784704802864344,58.85625192273787
69.28967867976688,27.943460803616844,58.227927164518526
68.35669964693348,28.721228412340896,59.956111561129156
73.13539994651634,32.49036536212367,55.57797007882501
68.48817275556965,35.37443903488071,59.03143148365593
70.53599519614222,26.740106558658763,57.64598304713102
68.35350616414881,37.455021437642216,58.0227861341807
70.79147477131717,31.775779059437006,57.2450203653045
71.18131243664409,34.16710566239443,56.08127830737927
66.36720359629638,32.661929863285465,61.85838519509716
70.35693563985491,25.492334138019963,59.04222611056622
67.81798107822878,21.846360643477155,59.67254731518495
69.17590952033619,29.22425652992709,59.32764462817306
69.21803413090653,33.317946098554756,58.99638616599607
68.61138255468566,32.71594863505254,57.94513276601583
71.59123216463917,24.47838308852054,55.988281316601636
69.86989920811973,23.411673497541617,58.97667531258162
69.15292901317994,23.487517734481685,58.39627886871557
74.44353435453259,20.41806792994655,54.71523542033597
70.87203563588602,34.05728278037006,56.03062101536731
74.03772929816931,25.483378275323673,56.30498031489237
71.83905755464484,29.31697631103132,56.50695902282259
68.98600644336494,21.492176386123592,59.009884160191255
71.5349642005981,27.252986867486648,56.39872264972787
71.56235564952364,32.4268113104213,57.757160090271256
66.49605636465385,29.220863534841122,61.88820721491326
71.29796233656842,30.516701458155683,57.58837056943446
69.71522468103007,21.51144417985509,59.160669035049004
67.73794094200692,33.06343698490476,60.78981597837517
72.60399168024095,28.881449233475394,56.562908026024374
73.59612505929633,35.79744704950278,55.24613056467551
63.672313856800926,24.97508332135856,62.77870118379039
70.82851410289639,34.02337720779269,55.83166959424609
72.02948945270933,29.615788979632754,57.14367367439001
72.32380425118137,33.345810631208224,55.265627862752496
70.63199647441012,33.821977413481626,56.67419085077568
70.74547384635488,31.920158351254038,56.665743134115885
73.49560942437306,34.71398640697486,54.61728607003047
72.53100901196274,33.929724862776325,56.973047711884476
69.22325085811438,32.5210934241099,59.36144115086891
68.15084493725081,13.79577465368162,60.72717768493412
70.84703350521663,34.55644622978959,57.96409355311402
69.05970329951242,32.075553440566836,58.03475929660338
72.98974257042721,35.572195701501236,56.5822360115707
68.84339958783873,30.483239153385384,58.008722103792266
68.53662950737339,31.20511237872864,59.03544598985015
68.1338083530767,24.945269838983748,60.70479902505904
68.77106098773648,27.873140171386005,60.552291046304425
70.66178976311797,24.01602513257543,57.02726753923363
65.93553523755277,34.363027403792785,60.71834827845049
74.05477388653722,24.58497631092791,56.18795166764579
72.6148919205916,30.53286549369043,55.476642685574795
68.36555364876064,31.562293955429453,59.58704310362056
72.79923674178595,27.65886017281,56.33462269067837
69.5475536434606,31.945066338290623,58.43576158928148
70.75676272546258,33.46500874846021,56.05130012541258
69.68591623712595,28.11591873914033,58.25732356782512
68.16118237579738,26.32164879621227,59.1734296747765
70.3244147230886,30.300174035743257,57.13985086238105
70.07609883923712,22.648077365938956,59.18272005385608
66.95660972633014,24.51405849636283,59.639501828678775
71.23658383790433,26.130762112051897,56.953644099730916
73.34278811625438,23.282196260888156,56.0399835125559
66.50840391096378,21.740787341415132,61.090202147314514
68.82639828660677,26.67498316569697,56.999529522680966
66.19623059171299,36.25293684411079,60.75625010793852
67.98201386326915,30.20471096546512,59.866737075258285
69.01348831841462,24.151641041369373,60.93344045610802
69.72352065153784,30.723325117405597,59.46426427614061
70.70593130484723,27.774300608407877,57.244149034425114
65.65029088480782,31.681864994965263,60.69463831892984
74.36550783469406,24.32029228451335,54.576706136378746
69.18785397728546,32.402158827655015,57.86547280707333
74.14655569648225,36.85835816049722,54.745901180037755
71.41666327952515,23.13793396311042,58.274462289002116
69.67861500429713,27.83004963094511,59.035617197435386
67.80555592567414,26.11614611244549,59.57513825732855
71.84066906948149,27.56985815908947,57.732066556152205
71.29083980591949,17.60052401606666,58.28847059547635
68.16507402245476,27.72562726413507,59.823204903777835
70.21374986124202,29.720513441464274,58.112217064323346
73.06875931100623,22.749221490807194,56.83260648390279
69.98321387928077,28.889924148076986,56.29557103012979
70.78591079697497,27.47534066546042,55.20832483094111
67.93543302552892,27.543080946322238,59.30891864420685
66.44785078416739,30.868597539015912,59.397003681844815
69.85908006147591,28.236421413923875,59.1232309379791
69.82510677295954,30.261643573141544,59.22843739536763
71.56507893383807,35.271113464579734,57.1020581504264
69.31301711454456,30.249521718796164,57.68764902437958
66.95622244850654,26.10617005153928,61.34525151318183
70.0223623267483,31.902171974200662,58.347884673254526
70.74147863694641,30.537959176589066,55.569641250142794
68.12652093781368,22.97790360486815,59.80567362656513
71.40615010445819,30.688577048578054,56.80520185475892
67.00503587984724,33.09720303814433,59.38983794343669
69.35276671549694,23.013795111487113,61.133069291132536
66.50003234540888,29.611456615587397,59.91298380085512
67.19391015069455,30.569039779325372,62.46163589734769
69.81295338781567,27.01409968119965,57.96423745458815
71.51910675452724,19.63300932596666,56.23526708757132
72.57581731031888,26.729098911098948,55.30421937176451
71.72187565130518,27.70752321885498,56.86329082745376
72.50350584685346,22.98879006864434,55.7339426579639
72.52811206482363,31.768883135202366,56.41335771785432
70.27541018879528,27.461076926619313,57.178180719999276
71.90951938677374,32.81314748617357,56.70986909024431
71.0165631890208,36.951106443459615,56.60578743381741
70.12097494724958,26.56361040862809,57.79892993385541
72.47701171361474,24.009443765687568,56.19370797329559
69.74945150937948,20.33886103386933,60.527931071206304
70.09191662597985,29.787623076478145,57.29254728188048
71.38896124035422,28.4405626744363,56.64301784981081
73.8895178003382,26.341952383679786,56.04466946078318
67.74903781730595,23.10174086592742,62.242712862612834
66.87867515231135,34.17290354966912,60.780329179459336
70.93039056321615,34.39435458524803,56.709299627031854
70.69462100865864,35.44342215240079,55.05325706907019
70.10755789870166,19.135956681146858,58.70387287465966
66.50063673529438,37.34758385053421,62.15448470800981
67.70157452900965,25.101830627587212,59.876091461389315
69.81062214387616,31.888919772386473,58.43194779834761
65.50883731467327,31.77521753968945,60.21164887727279
68.76710949583125,16.503916361046887,60.55047439764876
69.2845607289417,28.10547509838747,59.091647271629476
71.10634305295015,24.042978586496226,56.9073950617115
74.26896669572477,34.28274433946341,55.98397790665653
68.63921450943907,28.439628618911424,58.14767292536716
70.4312130026759,30.099143311251698,57.53393529649919
72.82465291557457,25.29969870011876,56.73065910791483
69.08919089406002,30.161943461284288,58.51859079544601
68.4484079640086,35.35108582365774,57.40078571779746
68.98366751421567,28.06093277835879,58.3631508375101
68.84066764359143,38.479523502910126,59.33443597694571
72.29494795706286,29.405464531079428,56.14068940377716
72.54949184416334,34.21214206789084,56.1919768229406
71.49011001561435,34.110160472254805,56.40901383376084
70.9449015799947,34.927855260758534,56.42546572967354
69.38199721161293,26.361958790504335,57.83772319977107
72.96847344407888,30.22804077822727,56.432249075684176
71.9205734522204,22.828043511735327,58.126021101368664
71.38611936222262,36.19321391022158,56.58685214039982
68.18911189803934,27.700010429305213,60.30032606846223
72.4073441882104,31.9028656639802,55.12512599274293
69.22784641680241,24.54937840974673,59.97594504939724
72.84676503498845,40.98273086634149,56.41260105721909
70.62822266544411,27.907637688307467,58.69565652134633
72.93283385532823,33.07712153890873,55.36645423233493
69.5057759389527,29.619403624728253,58.93087143030398
67.71983219239,32.96827672571585,58.049315296155676
70.52620322147426,20.634072455821574,58.38377322796604
70.60181800134104,29.697005025665284,58.08210895744144
71.89492760802366,25.16747778318916,58.75207545214688
73.54800718016673,35.418426362597415,55.259099928841344
72.2175675937682,24.473615342472577,57.7982791492691
70.89305955937355,27.649287966749455,58.04664673630249
68.38692286669963,33.7724215472895,57.84892585110524
71.46251796262621,24.215493979955454,58.874316667903685
71.40872077756207,27.008708498108707,56.105168955307384
65.37507217317639,33.34193043929663,61.54255950970483
71.28613938418633,31.662149797701087,56.887465277738116
67.80583521394401,34.571553247773615,61.14014126203691
69.58038754088655,24.13863562165565,58.28967886466878
69.76144462124047,23.608058019753265,58.94462997650111
64.49723839310425,31.535939610879694,60.38220931238518
71.9254082568254,27.36130664415372,58.588684545451265
72.80648018973682,22.629802369241403,54.891172110275654
71.2710529805137,30.673613661282694,56.56361223093815
69.71167051263043,33.691186062908756,56.774626052180345
71.4228129300085,24.251939797718677,56.193836172507915
70.17566791308407,27.82789588799978,55.23462249854901
67.6980094991735,35.41371707789364,58.681905978271786
73.8395330825757,33.1964117081025,54.27603843841481
71.83910165650212,22.730960456789326,57.45224961176089
70.81276757573131,27.87414963207855,58.18850172704064
71.25172057621863,33.607921400096245,58.682938419784946
71.82346048765254,29.297265574399052,56.82727000546837
66.91907445618503,24.697447127929088,60.026416233038866
67.12428141210027,28.17833819274011,58.91822301655618
69.58358375394194,24.57152468307848,58.05988031706081
71.34029270599724,31.483969738585454,56.59452848599331
67.48238763776975,26.797510413271375,59.867648171973876
70.84458608563011,24.981484875612615,56.81159292914316
69.92997853197393,25.47860680690283,60.018629556147864
68.96777623043567,27.70188943062947,60.426131744751466
69.91930025824587,27.549421368054226,57.77633000970716
65.81756041876358,31.184715466827626,62.018201891634966
73.0913248061717,30.57987052141087,55.94059620192924
68.95880638422567,28.222673543890814,58.72009232867168
73.88595180330401,28.590603502515894,55.43904409637171
72.89509913368389,27.2208172917524,57.26048856902722
68.47021027493759,31.033398648714225,57.78277366511899
72.48416770518959,33.1641906771346,57.99949600801451
67.80211330351793,26.913693056070862,60.31050993004835
70.8787990290879,21.158900082653112,59.50076136799426
68.65852987185133,24.287421895841707,59.021430796237325
68.28015010026665,31.21559946957532,59.48051575977184
69.4388213245122,31.017333474498905,57.783381105775874
68.8815782028391,33.01423383945181,57.66524009516732
68.82974000569139,22.279903173927522,59.24962135251861
67.31117713195707,34.513215538851334,60.28202103097709
69.1491134204246,38.84390172075031,58.44730688352754
68.78269322471974,29.560049768493105,60.4469907545481
72.00021874402677,35.09403667716439,55.381607257060935
68.94107317879171,27.44623973643824,58.56010926807194
67.65813460279975,26.394214383949134,58.715191512178016
72.52458808174525,23.33947696509992,58.30420402867834
70.47001922308507,26.826862449814335,57.65971855485253
70.8946096075521,29.98970395117031,57.859539421749496
65.33984930366144,21.42292658338834,62.48416113600222
69.49370554083742,36.323756576222905,56.305399799890154
67.18378939601224,28.732470226448726,59.95754579175273
72.03559841368427,33.24406606240846,56.21043234009827
71.36239466211893,25.517143282972853,57.336472938119826
69.09163401189203,27.627586654850408,57.45550142528811
69.00350638533055,30.333594547974926,57.97153513924448
67.7535589619868,27.215911211361927,59.98663433867059
75.02440487759479,24.522921120432805,55.934443137641196
72.65689186560724,28.790255629462308,56.00962188359461
67.90014355629621,35.94954786294739,57.22453741958129
70.39205782167791,35.51631319875117,56.588542995987424
68.63131895048754,28.407714109948376,61.85809084882701
71.29216642950588,22.14547526269012,57.18313611682041
71.53144979623994,30.323995073826964,58.38043860469173
67.48912746309497,22.798143360476924,60.59878754563845
72.70391521094977,30.10211063689869,54.92637588591776
70.4663894065779,35.236416642251896,58.56154561676578
70.57747013363141,39.62853304129921,55.489134604467296
71.51255397169226,27.81409751281716,56.444472829922326
69.90293424259457,34.7850156057426,58.244608856500605
68.91420818751092,31.847206496509834,57.74296095257991
64.80954283421224,33.67383617336269,60.850634714569956
70.10812134037197,25.38619656595627,57.48170143031216
76.37323350613316,27.632368471661195,53.795095498189504
74.5224771519843,22.241857970053715,54.15445863437068
71.38952516160141,32.64312436693681,58.38036452644871
70.48223160472084,31.97872801408874,57.99556765925813
71.44872382311725,22.27574411367932,56.23748015531183
69.84030483173697,32.6839287613707,58.033596379333815
68.74910860349407,31.32645980054553,57.26122355343471
70.53884501129,29.066760211704658,57.43570069370513
70.09994945618067,28.741745764784692,58.95474132543501
71.57921850608744,27.14763973652196,58.041718292707785
73.13029341657307,25.52095076681124,56.66793507450875
68.71447475910487,31.4757708440347,58.62014686073191
67.53941769356538,23.52581456182114,60.54544895589547
66.7326232772301,30.297871905506963,57.40858713070942
71.21150724778349,34.2965237764651,56.59156571433228
70.07994747086569,35.70866188935219,56.12264726346849
73.17790759332549,20.95315035874989,57.248632217369824
69.59936036535359,27.792584654250696,59.588190278446206
68.67228696699694,21.766285100230967,58.81022930402053
73.58423042564074,36.054514149145255,54.22872174120666
70.50490107854364,27.935980340565063,59.357276320793346
71.64217326682187,26.89628164140366,56.530569888287445
68.70133089102359,29.54365910254736,59.095946209712245
70.93299739674461,26.91722304975686,57.600026383712525
72.27756370555896,25.973387234030273,56.739720193632145
67.48697464943787,28.333576140021584,60.978612485906
72.2545180159533,32.70582928466412,56.24009562000485
69.50694961954902,26.72689332227101,59.553788864238584
74.43385686681503,36.003292008248046,55.590214641825305
71.18801589871194,28.76370443070221,57.017314408464294
68.20790645292173,27.202663300139925,58.33660629426501
68.16265357241126,34.28261696982893,57.481622872602536
68.24083983253404,28.10304186992961,58.01987559178228
67.54535470953802,32.638346135226776,58.88699210987306
69.91123664539008,21.964138605337272,59.86679596420619
69.59193392706469,31.596124875603564,57.49505218616234
70.30280407847953,30.177581066574515,56.54314381065657
68.21864966904373,24.019764430707916,60.152036870856456
72.12263876769805,31.305424924124182,56.93924373942225
68.35949571837662,20.27086210314203,61.41877363098223
69.53303289614954,30.532093344857817,58.23383854551355
69.98710368198165,37.78906165963723,57.16171025688392
69.23414408122333,31.37587462496697,58.37875314841252
67.73975856216313,22.180001055666676,60.81883576761631
69.20653453220248,24.33680430079261,60.41818624424389
69.06692675917202,27.627502566735103,59.808217917691024
66.35644027340416,27.02741581484166,59.84979998291404
69.29298374064894,26.038131743564545,58.094750767771465
71.28857749284904,30.304457431258243,55.486923089346384
69.04066987336483,31.700477529306653,59.670039102432185
70.78331654652082,23.192438031491974,59.26928645716238
69.10426452554458,32.731993713115614,58.74387334880648
67.66853943030948,34.158214334159,58.263990403662945
70.59972744156691,27.018833925588947,57.125250458721204
74.71843127356101,30.48614485055137,55.88936785062272
67.37501977694646,27.548033809444057,60.319005933646956
69.21330658165145,33.98596125732485,59.30680272092969
69.82722962046289,37.55781701166055,57.15096475933081
71.96760131232536,27.007804037310446,56.3944394225115
65.8990754811459,33.31694771421205,60.82878481707192
69.40125568951824,35.882266777444805,56.88787252242367
74.09624567829579,27.848619566443674,54.84986106923204
66.35437092984318,29.70401398487984,61.14532458650772
70.11874115862709,33.47894288164322,55.03327206787695
68.1558024729631,29.345081926900768,60.860721692299855
71.98198077218093,25.54788478533718,56.157441331850976
65.97272820318386,25.613518833836164,61.60443459223796
70.6640704051313,26.403252916740236,57.11539294048556
71.22814188381749,34.20640853007613,57.612185233233454
67.86046108419649,27.574273634174386,59.52870572710736
69.68145049091838,30.898637010073124,58.22721566494075
72.07150951287532,33.53591850972782,56.06567717067076
71.89570807697477,24.237756042416102,57.14067036441385
69.83959946967497,27.717835384550753,58.29608231542065
71.9982421090752,36.120249895460724,56.61507715735405
72.24421626976839,32.56301713379177,53.534187843836136
71.05479255452542,30.567377840733897,56.87252647259933
72.84436426905778,34.15430793255129,55.600617489252606
72.23495962217751,32.68296202397858,57.420079041563476
71.0221958625529,30.979238750610797,57.503897021063665
73.07300715465145,27.550754444476816,55.16787995418001
71.26000973143906,29.741527670318483,57.046472663126366
73.32764693280637,25.313717396677344,56.02753962641667
68.57363824266712,36.42036345315933,57.90965999617101
69.40579199341893,32.903654017591876,58.511143621888856
72.56111498660013,29.73097097279761,54.50444992891656
71.61628882554429,26.13555115848808,57.04412851557542
71.47935712529481,30.692340256418195,56.11206930305749
71.20745082761168,33.88287737827437,57.94948738717273
68.14651069907269,24.522264738982244,60.84353827516109
71.56709093963352,26.338978687740628,57.64661406815559
69.24961978415948,25.224883931552135,59.16595453726959
70.67107241808647,26.23825794310571,58.503604630632736
71.27325008372829,23.359845506904705,56.58410197331886
71.91974255239897,35.37721998858159,58.179609528282974
68.50269026537761,26.9148564140397,58.25068218692809
73.06915906751915,34.915217944533865,56.45774712763543
69.90567662528743,22.2035539658402,59.568489702740436
71.06757407035155,26.923960897847692,58.56170362482622
66.10533217739204,37.636652779159775,60.58560762758173
68.62113891308516,21.160939750558594,60.709600635783644
71.77321605726124,26.84398567318518,58.227496426827514
69.28679802209922,32.06479472140203,57.12109073495026
73.26167361556979,24.468066149176604,56.37215802329064
67.52718883889897,31.133082326143512,58.09936149272043
69.22120101619588,31.32644653182821,59.341176438131505
75.08351485105716,29.15301952004755,54.67909486462943
69.55948749891934,33.24480108888738,58.257999333009955
69.28236030745349,25.188233823917,58.68922483763796
72.51789015986799,24.406421521350488,56.64393277716389
73.77440957019498,24.947330021842866,58.016314848789456
68.339723627109,35.92648311293679,58.984183457194796
67.13647716950007,28.399873117903606,60.35492767435381
70.77964846875145,34.51209534389268,55.9167977654629
71.13899256918661,28.712006382510328,58.33439908112648
69.75889922268958,34.205540145184514,57.44427401182271
69.93922922582527,33.61556286737125,55.69012344257661
67.80285344879879,31.001492899978995,60.23062449206567
72.50864561473676,28.84609386864589,55.165704576424744
73.58432146812343,29.38879775448127,54.76786536279779
69.82089662136993,24.685473442761925,58.87048944672108
71.58244500551226,33.97765169563971,56.71584590558856
70.29586068880221,26.86997161273644,58.94279538062926
70.747676634835,27.660651856841184,58.87516516034888
69.5013903485362,35.1219297646826,57.36268503319453
68.19251663788721,31.46274347106278,60.72135394072049
65.57123049296618,32.31845273869433,60.2437506833739
72.75605329041353,27.636090170536917,55.79552955489082
69.28089011944115,30.954373355357717,57.13288942789766
72.01946124120984,23.132930808113315,57.2745153639848
70.49262792375107,36.656534103367186,58.33961272693577
70.11808758981952,19.392330690267315,58.02194892705184
70.50289086609092,19.68908371718843,58.70063962807875
68.60419199570757,26.962088500338744,59.45571912760544
71.65521308769628,31.066227376313524,55.93350730400752
72.2683316013947,26.879412033635884,57.65083866202761
69.07441990920279,24.607335850257808,60.590803628787015
69.24543076882527,23.721771988451938,59.25293555626085
66.41708383682058,30.70097144552412,61.59207197600387
69.41358045879667,29.190049495415828,58.669222275689684
70.84294552134014,33.12641374530983,56.66085590414326
71.01792011700893,28.278715840147974,57.64519221837963
69.59163861004747,25.15205394851647,58.473057350590324
71.37815499891418,17.823629313172816,58.16696370614826
67.99740870655876,28.34129328356374,58.28973183813188
70.28648842832185,25.635649429717745,58.25590921478602
70.38690506092883,25.268820912240436,60.197295897786525
68.69244767331664,26.934417745792004,60.474568143966295
68.14570339528419,36.122227457289696,56.602126650018725
68.71554769471702,24.513931994403542,59.405223584220444
72.32833768156831,27.212195172586615,57.10030038005981
68.59351149051518,23.34150737338215,58.21034471515542
67.92769000289115,31.95852462021117,57.60641769769288
70.59643051920744,23.447204993007656,58.83870477409789
70.92447929034331,33.74626408008133,56.08176461869366
67.12765320034265,29.86428546969372,60.150659181002865
70.67374207134328,27.435634512058826,57.92621368741293
68.10887488711266,18.013763271954314,61.8028153496058
70.34551831811473,28.108609436595454,57.2028620508178
67.47282713550506,29.12016395066031,59.99252120892257
71.81163660065643,28.95157238288118,59.018302369392686
69.7413028540723,26.691434779145084,59.46998424929262
70.98532686290693,30.653021462096017,56.53948261734733
65.64829601537579,30.445393815849563,59.94150697026898
71.64993663304064,27.58233138617568,55.088059754573074
71.32619449541811,34.123639217945765,56.11538130558941
66.19695163009166,31.638711548038614,60.48013953891335
71.24816449504748,32.98768230966973,56.65637363358384
68.22468747810439,28.13648171371029,59.576363666528586
71.73812761225659,25.44163358636605,56.45791103166144
70.22622780769701,26.791198133827518,57.5462343412079
71.06466254145417,32.4906737362868,56.82861260320682
70.62506071737397,23.860120496652982,57.22797850064207
67.35977832753403,29.207054666872178,59.96376798276713
68.96261762913183,26.191989269555304,58.44429681080715
72.2876295232474,27.28110269776215,56.4355367098913
68.39439624876078,27.694683820197696,59.23716414535607
75.37691244366486,29.976121988509544,54.73716013861121
69.6974671353728,29.55472603655583,58.57216636820729
71.19836712550837,31.785136921712418,57.066689006101534
71.72205137477141,30.657246903629687,55.85769420040956
71.75090860073708,29.31124758570723,58.53572868828293
